,track_id,race_date,race_number,program_number,trakus_index,latitude,longitude,distance_id,course_type,track_condition,run_up_distance,race_type,purse,post_time,weight_carried,jockey,odds,position_at_finish,horse_pk,win,rid,horse_id,horse_name,timestamp,run_id,distance_km,speed_kmh,pctComplete,Stage
2546412,BEL,2019-06-29,6,6,104,40.7174746988946,-73.7268328909178,600,D,FT ,56,MSW,80000.0,412,118,Jose Lezcano,2150,5,BEL_2019-06-29_6_6,0,BEL_2019-06-29_6,3511,Holmdel,2019-06-29 16:12:26.000,BEL_2019-06-29_6_3511,0.004578216940802038,65.92632394754935,0.35,2
2615512,BEL,2019-05-10,6,9,131,40.716994462882,-73.7266771260515,600,I,GD ,144,MCL,41000.0,413,118,Kendrick Carmouche,345,4,BEL_2019-05-10_6_9,0,BEL_2019-05-10_6,1037,She's Not Bluffing,2019-05-10 16:13:32.750,BEL_2019-05-10_6_1037,0.004904750746742587,70.62841075309326,0.43,2
1965759,SAR,2019-07-24,10,5,204,43.0739303440697,-73.7660605538895,700,D,FT ,32,ALW,92000.0,620,124,Manuel Franco,530,5,SAR_2019-07-24_10_5,0,SAR_2019-07-24_10,2814,Take Charge Aubrey,2019-07-24 18:20:51.000,SAR_2019-07-24_10_2814,0.004965387744481779,71.50158352053762,0.61,3
789088,SAR,2019-07-17,3,2,241,43.072236040712,-73.7707991285783,550,D,SY ,50,AOC,95000.0,210,122,Jose L. Ortiz,870,5,SAR_2019-07-17_3_2,0,SAR_2019-07-17_3,372,Jewel Can Disco,2019-07-17 14:11:00.250,SAR_2019-07-17_3_372,0.003679869390096211,52.99011921738544,0.92,4
2450722,AQU,2019-02-15,3,5,308,40.67366868768,-73.8309673422619,800,D,FT ,54,CLM,50000.0,154,121,Manuel Franco,275,2,AQU_2019-02-15_3_5,0,AQU_2019-02-15_3,128,Bee'snbee's,2019-02-15 13:55:17.000,AQU_2019-02-15_3_128,0.004208250868953808,60.59881251293484,0.79,4
1270543,BEL,2019-06-16,9,3,259,40.7136180817618,-73.7238345218224,650,D,FT ,56,MCL,33000.0,556,124,Jose Lezcano,145,5,BEL_2019-06-16_9_3,0,BEL_2019-06-16_9,2925,Schwarbertown,2019-06-16 17:57:04.750,BEL_2019-06-16_9_2925,0.003976488209176995,57.26143021214873,0.69,3
2334670,BEL,2019-04-27,6,9,76,40.7166325276676,-73.7209507969283,800,D,FT ,46,ALW,82000.0,412,124,Dylan Davis,860,2,BEL_2019-04-27_6_9,0,BEL_2019-04-27_6,244,Mintz,2019-04-27 16:12:19.000,BEL_2019-04-27_6_244,0.005079414677648742,73.14357135814188,0.2,1
2869257,AQU,2019-11-16,7,3,96,40.6731162199898,-73.8275262922551,650,D,FT ,54,ALW,66000.0,255,118,John R. Velazquez,365,1,AQU_2019-11-16_7_3,1,AQU_2019-11-16_7,217,Mary's Girl,2019-11-16 14:55:24.000,AQU_2019-11-16_7_217,0.005605727796919063,80.72248027563451,0.29,2
195804,AQU,2019-03-30,10,10,172,40.6753919741254,-73.8278423890239,700,D,FT ,44,SST,80000.0,624,124,Eric Cancel,1830,9,AQU_2019-03-30_10_10,0,AQU_2019-03-30_10,1084,Candid Desire,2019-03-30 18:24:43.000,AQU_2019-03-30_10_1084,0.0046926679841725275,67.5744189720844,0.51,3
592044,SAR,2019-08-17,6,5,85,43.0717453483741,-73.7652146325656,550,T,FM ,90,ALW,92000.0,349,124,Ricardo Santana Jr.,450,2,SAR_2019-08-17_6_5,0,SAR_2019-08-17_6,4503,I Can Do Anything,2019-08-17 15:49:21.250,SAR_2019-08-17_6_4503,0.005832641634996053,83.99003954394315,0.34,2
4302575,SAR,2019-07-24,3,5,299,43.072549313332,-73.7700163251197,700,D,FT ,32,MSW,78000.0,201,119,Rajiv Maragh,2200,7,SAR_2019-07-24_3_5,0,SAR_2019-07-24_3,4188,More Than Silver,2019-07-24 14:02:14.750,SAR_2019-07-24_3_4188,0.0039617195917659226,57.048762121429284,0.88,4
4949105,BEL,2019-09-26,1,1,90,40.7163584303699,-73.7208794961489,800,T,FM ,168,MCL,46000.0,102,119,Hector Rafael Diaz Jr.,4325,7,BEL_2019-09-26_1_1,0,BEL_2019-09-26_1,1841,Launch Sequence,2019-09-26 13:02:22.500,BEL_2019-09-26_1_1841,0.00462232161275838,66.56143122372067,0.23,1
138190,AQU,2019-03-10,4,5,119,40.6715900240027,-73.8281689517368,800,D,SY ,54,CLM,32000.0,306,121,Carlos J. Hernandez,1700,8,AQU_2019-03-10_4_5,0,AQU_2019-03-10_4,609,Slam Chowder,2019-03-10 15:06:29.750,AQU_2019-03-10_4_609,0.0047506198581926205,68.40892595797374,0.29,2
813989,BEL,2019-10-19,6,2,180,40.7149773744141,-73.7275672990855,650,D,FT ,56,STK,150000.0,308,118,Luis Saez,870,3,BEL_2019-10-19_6_2,0,BEL_2019-10-19_6,791,T Loves a Fight,2019-10-19 15:08:45.000,BEL_2019-10-19_6_791,0.005138743464239887,73.99790588505438,0.59,3
3041753,BEL,2019-10-16,7,4,162,40.7149025157466,-73.7274861706538,600,D,MY ,64,ALW,77000.0,428,120,Joel Rosario,1250,5,BEL_2019-10-16_7_4,0,BEL_2019-10-16_7,3941,Al Shamkhah,2019-10-16 16:28:40.500,BEL_2019-10-16_7_3941,0.004870426213344022,70.13413747215391,0.56,3
417241,BEL,2019-06-23,9,2,81,40.7168546695061,-73.7242013336554,600,I,FM ,124,MCL,41000.0,551,124,Samuel Jimenez,7625,5,BEL_2019-06-23_9_2,0,BEL_2019-06-23_9,2571,Magical Romance,2019-06-23 17:51:20.250,BEL_2019-06-23_9_2571,0.005300973865352905,76.33402366108183,0.28,2
1755631,BEL,2019-04-26,9,16,293,40.7134670204624,-73.723354638089,700,D,SY ,45,ALW,66000.0,613,125,Manuel Franco,1050,2,BEL_2019-04-26_9_16,0,BEL_2019-04-26_9,892,Orchid Party,2019-04-26 18:14:13.250,BEL_2019-04-26_9_892,0.0041861689595819275,60.28083301797975,0.85,4
2164560,AQU,2019-01-25,9,2,211,40.6731559064586,-73.8311884702455,550,D,GD ,51,CLM,28000.0,429,122,Rajiv Maragh,500,5,AQU_2019-01-25_9_2,0,AQU_2019-01-25_9,207,Solitary Gem,2019-01-25 16:29:52.750,AQU_2019-01-25_9_207,0.004703590991989833,67.73171028465359,0.72,3
4457644,BEL,2019-07-06,5,4,254,40.7134653380695,-73.7225754624238,600,T,FM ,156,MSW,80000.0,318,118,Jose L. Ortiz,1160,2,BEL_2019-07-06_5_4,0,BEL_2019-07-06_5,3564,Time for Trouble,2019-07-06 15:19:03.500,BEL_2019-07-06_5_3564,0.004694142102897857,67.59564628172915,0.88,4
3910491,SAR,2019-08-22,9,9,134,43.0700487878809,-73.769905080185,800,I,YL ,158,STK,100000.0,508,118,Junior Alvarado,1370,3,SAR_2019-08-22_9_9,0,SAR_2019-08-22_9,1014,Xanthique,2019-08-22 17:08:33.500,SAR_2019-08-22_9_1014,0.004703651562065419,67.73258249374203,0.35,2
3757396,AQU,2019-11-11,6,10,399,40.6705962657195,-73.8315780811768,850,T,FM ,88,CLM,38000.0,223,121,Keivan Serrano,7950,10,AQU_2019-11-11_6_10,0,AQU_2019-11-11_6,993,Fotis,2019-11-11 14:24:39.750,AQU_2019-11-11_6_993,0.003785469456299889,54.5107601707184,0.98,4
912326,BEL,2019-06-08,13,7,487,40.7138118561505,-73.7246127917635,1200,D,FT ,78,STK,400000.0,800,119,Jose L. Ortiz,280,5,BEL_2019-06-08_13_7,0,BEL_2019-06-08_13,3341,You're to Blame,2019-06-08 20:02:01.750,BEL_2019-06-08_13_3341,0.004561464578906678,65.68508993625616,0.86,4
2727310,SAR,2019-08-09,10,4,218,43.0722090823686,-73.765058887164,800,I,FM ,30,AOC,92000.0,558,120,Tyler Gaffalione,3375,5,SAR_2019-08-09_10_4,0,SAR_2019-08-09_10,4414,Devious Charm,2019-08-09 17:58:54.500,SAR_2019-08-09_10_4414,0.005008267577202637,72.11905311171797,0.59,3
462455,AQU,2019-03-30,5,2,44,40.6683971908694,-73.8297060136015,800,D,FT ,54,SST,60000.0,347,124,Rajiv Maragh,1070,5,AQU_2019-03-30_5_2,0,AQU_2019-03-30_5,547,Elegant Jem,2019-03-30 15:47:11.000,AQU_2019-03-30_5_547,0.004902290211174419,70.59297904091164,0.11,1
2974813,AQU,2019-12-28,1,3,162,40.6755670096171,-73.8292434983411,600,D,FT ,40,MSW,60000.0,1230,122,Dylan Davis,410,1,AQU_2019-12-28_1_3,1,AQU_2019-12-28_1,2819,A Bridge too Far,2019-12-28 12:30:40.500,AQU_2019-12-28_1_2819,0.004636380076674019,66.76387310410588,0.53,3
2417563,BEL,2019-05-19,9,8,185,40.7173725492402,-73.72502300557,850,T,FM ,88,MCL,41000.0,556,118,Manuel Franco,710,1,BEL_2019-05-19_9_8,1,BEL_2019-05-19_9,1424,Middle Out,2019-05-19 17:56:46.250,BEL_2019-05-19_9_1424,0.004743254725751018,68.30286805081467,0.45,2
1989386,AQU,2019-01-05,5,1,65,40.6719574426365,-73.8280283372685,650,D,SY ,32,AOC,75000.0,226,121,Dylan Davis,870,2,AQU_2019-01-05_5_1,0,AQU_2019-01-05_5,140,Almithmaar,2019-01-05 14:26:16.250,AQU_2019-01-05_5_140,0.005374310477425801,77.39007087493154,0.2,1
2908652,SAR,2019-07-12,7,15,160,43.0736149660423,-73.7673231110012,550,D,FT ,45,ALW,80000.0,440,120,John R. Velazquez,230,2,SAR_2019-07-12_7_15,0,SAR_2019-07-12_7,4032,Saloon Girl,2019-07-12 16:40:40.000,SAR_2019-07-12_7_4032,0.004995561692383436,71.93608837032149,0.61,3
643507,AQU,2019-02-15,7,1,107,40.6711074234321,-73.8284573574013,800,D,FT ,54,AOC,75000.0,408,119,Hector Rafael Diaz Jr.,6125,6,AQU_2019-02-15_7_1,0,AQU_2019-02-15_7,751,Tanya's Gem,2019-02-15 16:08:26.750,AQU_2019-02-15_7_751,0.005139042786204806,74.0022161213492,0.28,2
4038395,SAR,2019-08-16,2,3,194,43.0737647749596,-73.7652511192253,700,D,FT ,32,CLM,80000.0,134,120,Joel Rosario,890,6,SAR_2019-08-16_2_3,0,SAR_2019-08-16_2,201,Shock Therapy,2019-08-16 13:34:48.500,SAR_2019-08-16_2_201,0.004997225397473,71.9600457236112,0.6,3
4581378,BEL,2019-09-22,6,2,330,40.7129784791302,-73.7214246604263,700,D,FT ,63,MSW,62000.0,338,119,Dylan Davis,390,3,BEL_2019-09-22_6_2,0,BEL_2019-09-22_6,3795,Allure Fortune,2019-09-22 15:39:22.500,BEL_2019-09-22_6_3795,0.003547338718802734,51.08167755075937,0.94,4
4864989,SAR,2019-08-10,3,9,121,43.0696998282552,-73.7701193746296,850,T,FM ,20,MSW,90000.0,211,119,Kendrick Carmouche,2170,4,SAR_2019-08-10_3_9,0,SAR_2019-08-10_3,2694,Glynn County,2019-08-10 14:11:30.250,SAR_2019-08-10_3_2694,0.004895407037078045,70.49386133392385,0.3,2
304354,AQU,2019-02-16,8,8,17,40.6705412156845,-73.8285882868645,600,D,FT ,48,STK,100000.0,442,118,Hector Rafael Diaz Jr.,6675,8,AQU_2019-02-16_8_8,0,AQU_2019-02-16_8,963,Queeb,2019-02-16 16:42:04.250,AQU_2019-02-16_8_963,0.004202942299929234,60.52236911898096,0.05,1
3284212,BEL,2019-06-29,3,8,19,40.7159490203163,-73.7190664856848,700,T,FM ,102,MSW,62000.0,234,118,Manuel Franco,1350,5,BEL_2019-06-29_3_8,0,BEL_2019-06-29_3,2013,I'm Elmer J Fudd,2019-06-29 14:34:04.750,BEL_2019-06-29_3_2013,0.0048219665904044515,69.4363189018241,0.05,1
686833,AQU,2019-04-18,3,2,128,40.6697544048806,-73.8304608777678,850,T,FM ,82,CLM,48000.0,230,124,Kendrick Carmouche,640,6,AQU_2019-04-18_3_2,0,AQU_2019-04-18_3,868,Heavy Meddle,2019-04-18 14:30:32.000,AQU_2019-04-18_3_868,0.004678119081461988,67.36491477305263,0.32,2
2093895,BEL,2019-05-18,5,2,245,40.7134076404783,-73.7230751067069,600,D,FT ,56,CLM,28000.0,208,125,Reylu Gutierrez,790,1,BEL_2019-05-18_5_2,1,BEL_2019-05-18_5,1231,Sams Last Ghasp,2019-05-18 14:09:01.250,BEL_2019-05-18_5_1231,0.0044684690328565604,64.34595407313446,0.86,4
3610412,AQU,2019-02-08,8,1A,267,40.6719450434043,-73.8317596502248,600,D,SY ,48,MCL,35000.0,433,115,Reylu Gutierrez,140,2,AQU_2019-02-08_8_1A,0,AQU_2019-02-08_8,894,Seed Money,2019-02-08 16:34:06.750,AQU_2019-02-08_8_894,0.003955734910620637,56.96258271293717,0.75,3
3772334,AQU,2019-04-14,9,8,235,40.6736898031721,-73.8280034461753,850,T,GD ,76,MCL,41000.0,543,118,Eric Cancel,2120,4,AQU_2019-04-14_9_8,0,AQU_2019-04-14_9,994,Millionaire Joe,2019-04-14 17:43:58.750,AQU_2019-04-14_9_994,0.0045829852352874895,65.99498738813985,0.57,3
1229906,AQU,2019-03-16,6,2,20,40.6689186123765,-73.8294260120543,700,D,FT ,44,CLM,28000.0,433,120,Andre Shivnarine Worrie,170,1,AQU_2019-03-16_6_2,1,AQU_2019-03-16_6,408,Desert Lights,2019-03-16 16:33:05.000,AQU_2019-03-16_6_408,0.00409267027059088,58.934451896508676,0.05,1
1506467,AQU,2019-12-05,2,7,316,40.6728854394671,-73.8313011491209,800,D,GD ,54,ALW,75000.0,1249,116,Declan Carroll,870,3,AQU_2019-12-05_2_7,0,AQU_2019-12-05_2,299,Foolish Ghost,2019-12-05 12:50:19.000,AQU_2019-12-05_2_299,0.004393170301423677,63.261652340500945,0.84,4
785143,BEL,2019-06-08,12,2,46,40.7131831110909,-73.7191728480388,900,I,FM ,72,AOC,95000.0,728,122,Charles C. Lopez,3975,4,BEL_2019-06-08_12_2,0,BEL_2019-06-08_12,3338,Cheyenne's Colonel,2019-06-08 19:28:11.500,BEL_2019-06-08_12_3338,0.004469056976538003,64.35442046214725,0.11,1
4746971,SAR,2019-08-23,1,11,12,43.0699315847438,-73.7694163815879,550,T,GD ,75,MSW,78000.0,100,119,Ricardo Santana Jr.,1360,9,SAR_2019-08-23_1_11,0,SAR_2019-08-23_1,1597,Desbordes,2019-08-23 13:00:03.000,SAR_2019-08-23_1_1597,0.003914833352209243,56.3736002718131,0.04,1
4124533,SAR,2019-08-31,9,10,239,43.0734996857135,-73.7677098231457,700,D,FT ,32,ALW,92000.0,458,120,Junior Alvarado,1000,8,SAR_2019-08-31_9_10,0,SAR_2019-08-31_9,3728,Brucia La Terra,2019-08-31 16:58:59.750,SAR_2019-08-31_9_3728,0.004644723768923431,66.8840222724974,0.71,3
3838355,AQU,2019-04-12,4,11,171,40.6748657957458,-73.8300167512744,600,O,FM ,48,MCL,41000.0,305,119,Rajiv Maragh,8575,10,AQU_2019-04-12_4_11,0,AQU_2019-04-12_4,885,Ravenbro,2019-04-12 15:05:42.750,AQU_2019-04-12_4_885,0.004959733881700406,71.42016789648585,0.61,3
3251008,AQU,2019-11-20,1,4,103,40.6743055956882,-73.8270967316516,600,D,GD ,38,MCL,30000.0,1220,122,Manuel Franco,650,4,AQU_2019-11-20_1_4,0,AQU_2019-11-20_1,422,Coast to Coast,2019-11-20 12:20:25.750,AQU_2019-11-20_1_422,0.004748016556515197,68.37143841381884,0.34,2
4899042,AQU,2019-12-05,9,6,260,40.6719433408273,-73.8317570149516,600,D,GD ,36,MSW,62000.0,414,119,Jose Lezcano,440,5,AQU_2019-12-05_9_6,0,AQU_2019-12-05_9,2600,Brewman,2019-12-05 16:15:05.000,AQU_2019-12-05_9_2600,0.004303054308346791,61.9639820401938,0.87,4
4209536,AQU,2019-03-16,8,3,67,40.6718165462944,-73.8280867090283,650,D,FT ,38,AOC,64000.0,540,120,Eric Cancel,280,5,AQU_2019-03-16_8_3,0,AQU_2019-03-16_8,427,Show Prince,2019-03-16 17:40:16.750,AQU_2019-03-16_8_427,0.005318687973146369,76.58910681330771,0.21,1
2278806,AQU,2019-02-03,1,3,25,40.6674932224407,-73.8300527866934,800,D,FT ,54,ALW,70000.0,1250,123,Junior Alvarado,160,1,AQU_2019-02-03_1_3,1,AQU_2019-02-03_1,227,New Year's Wish,2019-02-03 12:50:06.250,AQU_2019-02-03_1_227,0.004765493696430434,68.62310922859825,0.06,1
4152824,AQU,2019-11-07,2,1,150,40.6755429095377,-73.8293520586681,600,D,FT ,38,MCL,30000.0,1249,122,Irad Ortiz Jr.,430,1,AQU_2019-11-07_2_1,1,AQU_2019-11-07_2,1739,Trans Mississippi,2019-11-07 12:49:37.500,AQU_2019-11-07_2_1739,0.004890872926756106,70.42857014528792,0.52,3
1578790,BEL,2019-06-28,7,9,332,40.713684152095,-73.7230786155044,800,T,FM ,75,STR,55000.0,445,125,Jose L. Ortiz,300,5,BEL_2019-06-28_7_9,0,BEL_2019-06-28_7,3160,Architect,2019-06-28 16:46:23.000,BEL_2019-06-28_7_3160,0.0046967512162212005,67.6332175135853,0.91,4
4869514,AQU,2019-11-09,10,13,317,40.6717956149764,-73.8317987728862,700,D,FT ,45,MSW,70000.0,420,119,Samuel Camacho Jr.,5550,10,AQU_2019-11-09_10_13,0,AQU_2019-11-09_10,1918,Manolito,2019-11-09 16:21:19.250,AQU_2019-11-09_10_1918,0.0035942226909696467,51.75680674996291,0.92,4
3480428,AQU,2019-02-03,6,6,297,40.6712945401453,-73.8321010804943,650,D,FT ,36,MSW,60000.0,326,120,Eric Cancel,6075,7,AQU_2019-02-03_6_6,0,AQU_2019-02-03_6,834,Dancing Slippers,2019-02-03 15:27:14.250,AQU_2019-02-03_6_834,0.0037614399845376767,54.16473577734254,0.89,4
3472761,BEL,2019-05-02,5,7,1,40.7142839997916,-73.716921567601,800,T,GD ,112,CLM,60000.0,340,118,Javier Castellano,155,1,BEL_2019-05-02_5_7,1,BEL_2019-05-02_5,2912,Retro Street,2019-05-02 15:40:00.250,BEL_2019-05-02_5_2912,0.0,0.0,0.0,1
3121562,AQU,2019-02-23,4,4,277,40.67105791912,-73.8321971662325,600,D,FT ,45,MSW,60000.0,226,120,Rajiv Maragh,2825,4,AQU_2019-02-23_4_4,0,AQU_2019-02-23_4,1041,Lady Macho,2019-02-23 14:27:09.250,AQU_2019-02-23_4_1041,0.004130862244818961,59.48441632539304,0.95,4
5191648,BEL,2019-06-23,3,3,337,40.714050854692,-73.7235853914956,850,I,FM ,56,AOC,87000.0,234,122,Javier Castellano,335,4,BEL_2019-06-23_3_3,0,BEL_2019-06-23_3,3473,Xenobia (IRE),2019-06-23 14:35:24.250,BEL_2019-06-23_3_3473,0.004880134465421859,70.27393630207477,0.85,4
492640,BEL,2019-05-17,6,1,106,40.7171705776344,-73.7254932121903,600,I,GD ,138,AOC,70000.0,409,121,Dylan Davis,730,5,BEL_2019-05-17_6_1,0,BEL_2019-05-17_6,3059,Alien Season,2019-05-17 16:09:26.500,BEL_2019-05-17_6_3059,0.005101664775833393,73.46397277200086,0.37,2
2050692,AQU,2019-02-23,5,1,284,40.6710064242125,-73.8321762456239,600,D,FT ,45,ALW,64000.0,253,121,Jose Lezcano,230,5,AQU_2019-02-23_5_1,0,AQU_2019-02-23_5,1048,Wushu Warrior,2019-02-23 14:54:11.000,AQU_2019-02-23_5_1048,0.003584944129380543,51.62319546307982,0.99,4
4540368,AQU,2019-11-02,2,6,45,40.6711642095083,-73.8287531795423,600,O,GD ,45,MSW,62000.0,1231,119,Rajiv Maragh,4075,2,AQU_2019-11-02_2_6,0,AQU_2019-11-02_2,1626,Sanctuary City,2019-11-02 12:31:11.250,AQU_2019-11-02_2_1626,0.005319898368523752,76.60653650674203,0.14,1
644710,SAR,2019-07-12,3,7,75,43.0707361988837,-73.7725013729007,850,T,YL ,126,AOC,95000.0,212,122,Luis R. Reyes,4500,6,SAR_2019-07-12_3_7,0,SAR_2019-07-12_3,751,Tanya's Gem,2019-07-12 14:12:18.750,SAR_2019-07-12_3_751,0.004948703428029256,71.26132936362129,0.18,1
4239290,AQU,2019-03-29,6,2,162,40.6748186797816,-73.8304087358384,550,D,FT ,48,MCL,33000.0,422,120,Reylu Gutierrez,210,2,AQU_2019-03-29_6_2,0,AQU_2019-03-29_6,706,Never Felt Better,2019-03-29 16:22:40.500,AQU_2019-03-29_6_706,0.004849910626720372,69.83871302477336,0.59,3
829095,BEL,2019-05-04,7,7,385,40.7131216956215,-73.7220448460882,850,D,SY ,44,CLM,50000.0,312,124,Kendrick Carmouche,315,1,BEL_2019-05-04_7_7,1,BEL_2019-05-04_7,2937,Patriot Drive,2019-05-04 15:13:36.250,BEL_2019-05-04_7_2937,0.004179429630515856,60.18378667942832,0.95,4
1920224,BEL,2019-10-19,10,4,218,40.7161247995911,-73.7279585842869,800,D,FT ,78,STK,250000.0,521,118,Junior Alvarado,2040,2,BEL_2019-10-19_10_4,0,BEL_2019-10-19_10,1536,Our Super Nova,2019-10-19 17:21:54.500,BEL_2019-10-19_10_1536,0.004748718877130478,68.38155183067889,0.57,3
510222,AQU,2019-03-23,5,6,106,40.6710671106361,-73.8284043978438,800,D,FT ,54,CLM,24000.0,400,119,Carlos J. Hernandez,3100,7,AQU_2019-03-23_5_6,0,AQU_2019-03-23_5,353,Quai Voltaire,2019-03-23 16:00:26.500,AQU_2019-03-23_5_353,0.004990069671158249,71.8570032646788,0.26,2
2890867,SAR,2019-08-24,11,6,10,43.0731709125931,-73.7686692967364,1000,D,FT ,65,STK,1250000.0,550,126,Jose L. Ortiz,240,2,SAR_2019-08-24_11_6,0,SAR_2019-08-24_11,1324,Tacitus,2019-08-24 17:50:02.500,SAR_2019-08-24_11_1324,0.0038301862813010347,55.1546824507349,0.02,1
3804463,AQU,2019-03-16,7,1,31,40.6712608797336,-73.8283572216816,600,D,FT ,45,CLM,50000.0,505,121,Junior Alvarado,345,5,AQU_2019-03-16_7_1,0,AQU_2019-03-16_7,981,Thesis,2019-03-16 17:05:07.750,AQU_2019-03-16_7_981,0.005070209886478147,73.01102236528531,0.1,1
3075675,BEL,2019-06-29,1,1,45,40.7161869462746,-73.7193720962243,800,D,FT ,52,MCL,46000.0,132,118,Dylan Davis,1680,5,BEL_2019-06-29_1_1,0,BEL_2019-06-29_1,2049,Single Focus,2019-06-29 13:32:11.250,BEL_2019-06-29_1_2049,0.005169295043469293,74.43784862595783,0.12,1
1906908,AQU,2019-01-04,7,6,413,40.6718149325203,-73.8318193692591,900,D,FT ,98,AOC,67000.0,359,121,Manuel Franco,195,6,AQU_2019-01-04_7_6,0,AQU_2019-01-04_7,105,Singapore Trader,2019-01-04 16:00:43.250,AQU_2019-01-04_7_105,0.003602154312516274,51.87102210023434,0.94,4
4149665,BEL,2019-05-18,12,5,221,40.7172154481324,-73.7259611523847,850,I,GD ,72,MCL,41000.0,605,118,Samuel Camacho Jr.,5775,4,BEL_2019-05-18_12_5,0,BEL_2019-05-18_12,1209,Hurricane Andrew,2019-05-18 18:05:55.250,BEL_2019-05-18_12_1209,0.005023056489034821,72.33201344210143,0.53,3
3934003,AQU,2019-03-31,8,2,2,40.6668330670166,-73.8303627956828,800,D,GD ,54,STK,100000.0,533,118,Jevian Toledo,1620,1,AQU_2019-03-31_8_2,1,AQU_2019-03-31_8,1275,Pat's No Fool,2019-03-31 17:33:00.500,AQU_2019-03-31_8_1275,0.0011903579298614957,17.141154190005537,0.0,1
4637014,AQU,2019-11-11,2,6,78,40.6734162759663,-73.8273495318092,600,D,FT ,38,MCL,52000.0,1228,119,John R. Velazquez,115,4,AQU_2019-11-11_2_6,0,AQU_2019-11-11_2,1994,Money Never Sleeps,2019-11-11 12:28:19.500,AQU_2019-11-11_2_1994,0.0051353339944766934,73.94880952046438,0.26,2
5155015,BEL,2019-10-13,7,1,293,40.716706312116,-73.7224574836371,1200,T,FM ,110,STK,100000.0,440,122,Jose Lezcano,1120,6,BEL_2019-10-13_7_1,0,BEL_2019-10-13_7,2946,Arrocha (BRZ),2019-10-13 16:41:13.250,BEL_2019-10-13_7_2946,0.004607284677927186,66.34489936215148,0.53,3
1508244,BEL,2019-09-14,9,1,13,40.7166732849208,-73.7210899049318,650,D,FT ,48,ALW,66000.0,518,121,Manuel Franco,1390,4,BEL_2019-09-14_9_1,0,BEL_2019-09-14_9,299,Foolish Ghost,2019-09-14 17:18:03.250,BEL_2019-09-14_9_299,0.00420174369661948,60.50510923132051,0.04,1
3390738,BEL,2019-06-08,11,9,318,40.7176459992131,-73.7247428585065,1200,D,FT ,78,STK,1500000.0,638,126,Tyler Gaffalione,365,9,BEL_2019-06-08_11_9,0,BEL_2019-06-08_11,3336,War of Will,2019-06-08 18:39:19.500,BEL_2019-06-08_11_3336,0.004755115772892241,68.47366712964828,0.58,3
3835767,BEL,2019-06-09,2,4,220,40.7171444575338,-73.7258690908996,850,I,FM ,54,MSW,62000.0,203,118,Eric Cancel,1080,5,BEL_2019-06-09_2_4,0,BEL_2019-06-09_2,3347,The Happy Giant,2019-06-09 14:03:55.000,BEL_2019-06-09_2_3347,0.0050966280049415036,73.39144327115766,0.57,3
85278,AQU,2019-02-18,8,7,195,40.6740895254661,-73.8307604509447,600,D,FT ,54,STK,100000.0,430,122,Jose Lezcano,150,3,AQU_2019-02-18_8_7,0,AQU_2019-02-18_8,139,Eye Luv Lulu,2019-02-18 16:30:48.750,AQU_2019-02-18_8_139,0.004881591460595037,70.29491703256853,0.67,3
3958191,BEL,2019-05-19,2,1,102,40.7156661182351,-73.7196727584842,850,I,FM ,70,MSW,80000.0,202,111,Benjamin Hernandez,4325,7,BEL_2019-05-19_2_1,0,BEL_2019-05-19_2,420,Binary,2019-05-19 14:02:25.500,BEL_2019-05-19_2_420,0.004603775776011572,66.29437117456663,0.25,2
34417,BEL,2019-05-18,8,3,74,40.7172843956462,-73.7234107130481,700,D,FT ,48,CLM,50000.0,341,123,Michael J. Luzzi,3500,7,BEL_2019-05-18_8_3,0,BEL_2019-05-18_8,527,Here Comes Tommy,2019-05-18 15:41:18.500,BEL_2019-05-18_8_527,0.005379002997343895,77.45764316175209,0.22,1
4733206,BEL,2019-09-11,1,4,263,40.7145236603927,-73.7270505482311,800,D,FT ,78,MSW,75000.0,303,119,Junior Alvarado,3100,2,BEL_2019-09-11_1_4,0,BEL_2019-09-11_1,2680,Forza Di Oro,2019-09-11 15:04:05.750,BEL_2019-09-11_1_2680,0.004586140518176065,66.04042346173534,0.68,3
3592454,SAR,2019-09-01,6,5,230,43.0735034566787,-73.7676505280014,700,D,FT ,32,CLM,60000.0,317,121,Javier Castellano,770,1,SAR_2019-09-01_6_5,1,SAR_2019-09-01_6,2754,Brush Country,2019-09-01 15:17:57.500,SAR_2019-09-01_6_2754,0.0051544999434368485,74.22479918549062,0.71,3
4178414,BEL,2019-10-18,6,1,230,40.7144361191389,-73.7261603501757,700,T,GD ,90,ALW,66000.0,409,120,Eric Cancel,1070,1,BEL_2019-10-18_6_1,1,BEL_2019-10-18_6,1485,Honorable Hero,2019-10-18 16:09:57.500,BEL_2019-10-18_6_1485,0.005133234773223663,73.91858073442074,0.69,3
5065633,SAR,2019-08-31,10,4,123,43.0729343484693,-73.7676986831747,1100,I,FM ,162,STK,250000.0,529,124,Jose L. Ortiz,165,3,SAR_2019-08-31_10_4,0,SAR_2019-08-31_10,2931,Santa Monica (GB),2019-08-31 17:29:30.750,SAR_2019-08-31_10_2931,0.004850187284073604,69.8426968906599,0.24,1
1941923,AQU,2019-12-13,7,2,142,40.6753866627368,-73.8278766893442,650,D,GD ,52,AOC,67000.0,329,120,Manuel Franco,660,6,AQU_2019-12-13_7_2,0,AQU_2019-12-13_7,713,Five Star Bunt,2019-12-13 15:29:35.500,AQU_2019-12-13_7_713,0.004968323108239305,71.543852758646,0.46,2
3167911,BEL,2019-10-19,1,9,362,40.7143857911498,-73.7249557985543,900,I,FM ,236,ALW,66000.0,1220,120,Junior Alvarado,880,4,BEL_2019-10-19_1_9,0,BEL_2019-10-19_1,2190,Saltking,2019-10-19 12:21:30.500,BEL_2019-10-19_1_2190,0.005165187947729477,74.37870644730447,0.83,4
1057706,AQU,2019-04-06,7,2,84,40.669155910041,-73.8310688728596,900,D,FT ,84,STK,150000.0,411,118,Ruben Silvera,8925,6,AQU_2019-04-06_7_2,0,AQU_2019-04-06_7,21,Holiday Bonus,2019-04-06 16:11:21.000,AQU_2019-04-06_7_21,0.004888089598798301,70.38849022269554,0.18,1
3253539,AQU,2019-03-17,9,7,13,40.6696421439585,-73.8290325150592,650,D,FT ,30,MCL,35000.0,604,114,Benjamin Hernandez,470,2,AQU_2019-03-17_9_7,0,AQU_2019-03-17_9,833,First Forever,2019-03-17 18:04:03.250,AQU_2019-03-17_9_833,0.0033699636526801856,48.527476598594674,0.03,1
1858587,AQU,2019-03-23,3,7,311,40.6733226839573,-73.8310935618626,800,D,FT ,54,MSW,60000.0,241,119,Benjamin Hernandez,310,1,AQU_2019-03-23_3_7,1,AQU_2019-03-23_3,1205,Turbulence,2019-03-23 14:42:17.750,AQU_2019-03-23_3_1205,0.004591433104704538,66.11663670774536,0.79,4
4256213,AQU,2019-04-20,9,2,40,40.6709659402339,-73.8285301280641,650,D,SY ,38,STK,200000.0,548,120,Michael J. Luzzi,1230,4,AQU_2019-04-20_9_2,0,AQU_2019-04-20_9,145,Hushion,2019-04-20 17:48:10.000,AQU_2019-04-20_9_145,0.005519858487950497,79.48596222648715,0.12,1
2070439,AQU,2019-01-12,9,6,92,40.6702575492785,-73.8288008141267,800,D,FT ,54,MCL,33000.0,432,113,Heman K. Harkie,1790,5,AQU_2019-01-12_9_6,0,AQU_2019-01-12_9,377,Blue Skies Forever,2019-01-12 16:32:23.000,AQU_2019-01-12_9_377,0.005057015855020149,72.82102831229015,0.23,1
3675127,AQU,2019-01-05,3,4,391,40.6715640697782,-73.8319797714205,800,D,SY ,54,MSW,60000.0,126,120,Dalton Brown,5900,6,AQU_2019-01-05_3_4,0,AQU_2019-01-05_3,130,Sarah's Rainbow,2019-01-05 13:27:37.750,AQU_2019-01-05_3_130,0.0034317339966740317,49.41696955210605,0.96,4
357688,AQU,2019-01-04,6,6,20,40.667347460912,-73.8300866831664,800,D,FT ,54,CLM,32000.0,331,114,Reylu Gutierrez,240,3,AQU_2019-01-04_6_6,0,AQU_2019-01-04_6,95,Shalako,2019-01-04 15:31:05.000,AQU_2019-01-04_6_95,0.004196742684880994,60.43309466228631,0.05,1
2061536,SAR,2019-07-21,6,5,2,43.072405819394,-73.7692200124595,800,I,FM ,74,CLM,48000.0,322,123,Rajiv Maragh,2650,9,SAR_2019-07-21_6_5,0,SAR_2019-07-21_6,207,Solitary Gem,2019-07-21 15:22:00.500,SAR_2019-07-21_6_207,0.00258120250452319,37.169316065133934,0.0,1
723900,AQU,2019-02-18,2,5,341,40.6744830219526,-73.8305629718669,900,D,FT ,96,CLM,28000.0,121,120,Jose Lezcano,190,4,AQU_2019-02-18_2_5,0,AQU_2019-02-18_2,702,Fillet of Sole,2019-02-18 13:22:25.250,AQU_2019-02-18_2_702,0.0045381606294150265,65.34951306357638,0.68,3
5051347,AQU,2019-04-19,3,2,61,40.6704921315872,-73.8319320563342,850,O,FM ,22,STK,100000.0,230,118,Javier Castellano,135,2,AQU_2019-04-19_3_2,0,AQU_2019-04-19_3,1532,Blowout (GB),2019-04-19 14:30:15.250,AQU_2019-04-19_3_1532,0.00474402294039183,68.31393034164235,0.16,1
2439750,AQU,2019-03-16,5,4,344,40.6726696639312,-73.8314495757984,800,D,FT ,54,MCL,35000.0,404,120,Dylan Davis,820,5,AQU_2019-03-16_5_4,0,AQU_2019-03-16_5,784,Abby Normal,2019-03-16 16:05:26.000,AQU_2019-03-16_5_784,0.0038735491931648726,55.77910838157416,0.75,3
2798532,SAR,2019-07-17,6,1,145,43.0739101820875,-73.7658925351898,550,D,SY ,50,CLM,48000.0,402,118,Chris Landeros,1780,3,SAR_2019-07-17_6_1,0,SAR_2019-07-17_6,215,Shak's Hidden Gem,2019-07-17 16:02:36.250,SAR_2019-07-17_6_215,0.004726960955505111,68.0682377592736,0.53,3
1424331,SAR,2019-08-08,8,5,73,43.0705927113917,-73.7727996675787,900,D,FT ,82,STK,100000.0,450,120,Eric Cancel,390,2,SAR_2019-08-08_8_5,0,SAR_2019-08-08_8,3949,Held Accountable,2019-08-08 16:50:18.250,SAR_2019-08-08_8_3949,0.004771773900234067,68.71354416337057,0.16,1
1529589,AQU,2019-02-28,1,3,14,40.6696574970539,-73.8290623404321,650,D,FT ,36,MCL,30000.0,1250,123,Dylan Davis,35,3,AQU_2019-02-28_1_3,0,AQU_2019-02-28_1,1066,Creative Style,2019-02-28 12:50:03.500,AQU_2019-02-28_1_1066,0.003379193414601697,48.66038517026444,0.04,1
2103859,AQU,2019-02-24,8,6,308,40.6708405523348,-73.83235622341,600,D,SY ,50,MCL,33000.0,429,111,Heman K. Harkie,6575,4,AQU_2019-02-24_8_6,0,AQU_2019-02-24_8,117,Reyana Reya Dreams,2019-02-24 16:30:17.000,AQU_2019-02-24_8_117,0.0031706289918107975,45.65705748207549,0.98,4
3198879,AQU,2019-02-16,4,5,327,40.6732703316775,-73.831147396738,800,D,FT ,54,MSW,60000.0,227,113,Benjamin Hernandez,530,5,AQU_2019-02-16_4_5,0,AQU_2019-02-16_4,822,Two Graces,2019-02-16 14:28:21.750,AQU_2019-02-16_4_822,0.004200025493938218,60.48036711271034,0.8,4
772237,AQU,2019-12-29,8,4,442,40.6708679363929,-73.8322843677432,900,D,FT ,82,STK,100000.0,350,121,Kendrick Carmouche,910,2,AQU_2019-12-29_8_4,0,AQU_2019-12-29_8,2842,Lucky Move,2019-12-29 15:51:50.500,AQU_2019-12-29_8_2842,0.0038745632255223045,55.793710447521185,0.98,4
1767740,AQU,2019-11-14,8,5,144,40.67113152159,-73.8292773225088,800,T,FM ,70,ALW,75000.0,350,123,Jose L. Ortiz,1010,4,AQU_2019-11-14_8_5,0,AQU_2019-11-14_8,2083,Blockade,2019-11-14 15:50:36.000,AQU_2019-11-14_8_2083,0.004809363822408994,69.25483904268951,0.39,2
3747856,AQU,2019-03-17,4,4,26,40.6693238169905,-73.8292204714551,700,D,FT ,44,MSW,68000.0,320,120,Manuel Franco,205,5,AQU_2019-03-17_4_4,0,AQU_2019-03-17_4,1180,Superhighway,2019-03-17 15:20:06.500,AQU_2019-03-17_4_1180,0.004515525360263187,65.02356518778988,0.07,1
845651,AQU,2019-11-14,6,3,192,40.673841344628,-73.8305704137698,600,O,FM ,44,AOC,70000.0,250,120,Javier Castellano,345,2,AQU_2019-11-14_6_3,0,AQU_2019-11-14_6,2070,First Appeal,2019-11-14 14:50:48.000,AQU_2019-11-14_6_2070,0.005040142119635298,72.5780465227483,0.7,3
3225338,SAR,2019-07-28,4,1,55,43.069803263957,-73.7693668981623,700,D,FT ,32,ALW,80000.0,240,120,Kendrick Carmouche,720,1,SAR_2019-07-28_4_1,1,SAR_2019-07-28_4,428,Kazmania,2019-07-28 14:40:13.750,SAR_2019-07-28_4_428,0.005749019521077094,82.78588110351015,0.16,1
3492299,BEL,2019-10-20,5,8,42,40.7161623323519,-73.7190018737007,800,D,FT ,72,STR,55000.0,243,120,Jose Lezcano,1060,7,BEL_2019-10-20_5_8,0,BEL_2019-10-20_5,423,Mental Model,2019-10-20 14:43:10.500,BEL_2019-10-20_5_423,0.005225138749266005,75.24199798943047,0.11,1
3891085,SAR,2019-07-19,10,3,161,43.0701422814533,-73.7685513371469,900,D,FT ,78,MCL,48000.0,625,118,Jose Lezcano,1180,5,SAR_2019-07-19_10_3,0,SAR_2019-07-19_10,2048,Sneads,2019-07-19 18:25:40.250,SAR_2019-07-19_10_2048,0.004776592422148315,68.78293087893574,0.37,2
4906873,BEL,2019-10-02,3,5,230,40.7142692806291,-73.7264016205856,700,D,FT ,45,MCL,35000.0,225,119,Javier Castellano,440,2,BEL_2019-10-02_3_5,0,BEL_2019-10-02_3,3854,Tempus,2019-10-02 14:25:57.500,BEL_2019-10-02_3_3854,0.0046221078285754195,66.55835273148604,0.68,3
3969631,AQU,2019-12-21,5,2,280,40.670806194766,-73.8322534846362,600,D,FT ,48,ALW,64000.0,234,122,Jose Lezcano,570,2,AQU_2019-12-21_5_2,0,AQU_2019-12-21_5,663,Seven Is Heaven,2019-12-21 14:35:10.000,AQU_2019-12-21_5_663,0.004137051554494305,59.57354238471799,0.98,4
2353885,SAR,2019-08-24,8,3,293,43.0736755550604,-73.7663103249712,850,T,FM ,80,STK,400000.0,337,122,Jose L. Ortiz,305,8,SAR_2019-08-24_8_3,0,SAR_2019-08-24_8,4061,Secret Message,2019-08-24 15:38:13.250,SAR_2019-08-24_8_4061,0.005186747767510048,74.68916785214469,0.74,3
4352090,SAR,2019-08-22,5,10,338,43.0718056164864,-73.7719057694441,700,D,FT ,32,MSW,75000.0,305,119,Junior Alvarado,1190,5,SAR_2019-08-22_5_10,0,SAR_2019-08-22_5,4282,Central Capital,2019-08-22 15:06:24.500,SAR_2019-08-22_5_4282,0.0032442710293730747,46.71750282297228,1.0,4
1007377,AQU,2019-02-16,6,8,339,40.6724004017518,-73.8315568250384,800,D,FT ,54,CLM,28000.0,334,120,Carlos J. Hernandez,580,4,AQU_2019-02-16_6_8,0,AQU_2019-02-16_6,182,Latin Love Bug,2019-02-16 15:35:24.750,AQU_2019-02-16_6_182,0.004360355371180199,62.78911734499487,0.86,4
3373726,BEL,2019-04-26,2,6,188,40.7142435593655,-73.7262243386201,600,D,SY ,63,CLM,60000.0,223,120,Eric Cancel,1350,2,BEL_2019-04-26_2_6,0,BEL_2019-04-26_2,1110,Queendom,2019-04-26 14:23:47.000,BEL_2019-04-26_2_1110,0.004712752477127886,67.86363567064157,0.64,3
556429,AQU,2019-04-05,8,5,330,40.67043389775,-73.8324132106201,700,D,FT ,44,STK,150000.0,516,118,Manuel Franco,430,1,AQU_2019-04-05_8_5,1,AQU_2019-04-05_8,1290,Come Dancing,2019-04-05 17:17:22.500,AQU_2019-04-05_8_1290,0.003332303250986402,47.985166814204185,0.97,4
3824557,BEL,2019-05-03,1,6,154,40.7176002974993,-73.7246158738669,850,D,FT ,45,MSW,80000.0,130,118,Junior Alvarado,750,4,BEL_2019-05-03_1_6,0,BEL_2019-05-03_1,771,Canarsie Girl,2019-05-03 13:30:38.500,BEL_2019-05-03_1_771,0.004808046714297744,69.23587268588751,0.36,2
1023487,AQU,2019-04-17,5,6,217,40.6732453114517,-73.8311216546907,600,D,FT ,48,CLM,48000.0,336,120,Irad Ortiz Jr.,55,2,AQU_2019-04-17_5_6,0,AQU_2019-04-17_5,1105,Happy Farm,2019-04-17 15:36:54.250,AQU_2019-04-17_5_1105,0.004818659717130115,69.38869992667365,0.76,4
1615111,SAR,2019-08-30,10,5,149,43.073596850425,-73.7665730184885,550,T,FM ,24,STK,100000.0,550,120,Jose Lezcano,195,2,SAR_2019-08-30_10_5,0,SAR_2019-08-30_10,3148,Final Frontier,2019-08-30 17:50:37.250,SAR_2019-08-30_10_3148,0.005207952173131022,74.99451129308672,0.59,3
4952540,SAR,2019-08-03,3,4,30,43.0691840032098,-73.7709373052913,700,D,FT ,32,MSW,90000.0,211,119,Ricardo Santana Jr.,2120,10,SAR_2019-08-03_3_4,0,SAR_2019-08-03_3,4334,Indian Cross,2019-08-03 14:11:07.500,SAR_2019-08-03_3_4334,0.004687733430532627,67.50336139966983,0.08,1
853192,AQU,2019-03-10,5,2,117,40.6748727885671,-73.8272642829596,600,D,SY ,50,WCL,40000.0,338,119,Carlos J. Hernandez,4725,5,AQU_2019-03-10_5_2,0,AQU_2019-03-10_5,551,Mazmania,2019-03-10 15:38:29.250,AQU_2019-03-10_5_551,0.004841626776313958,69.719425578921,0.38,2
4936152,SAR,2019-08-29,1,10,232,43.0729088315501,-73.7691788652727,600,D,FT ,48,MSW,78000.0,102,119,Luis Saez,1170,6,SAR_2019-08-29_1_10,0,SAR_2019-08-29_1,2286,Welsh Gold,2019-08-29 13:02:58.000,SAR_2019-08-29_1_2286,0.004529836771579523,65.22964951074513,0.79,4
1326587,BEL,2019-05-19,1,7,269,40.7142543617018,-73.7263622002711,800,D,FT ,52,CLM,32000.0,130,113,Heman K. Harkie,4275,6,BEL_2019-05-19_1_7,0,BEL_2019-05-19_1,1063,Swiping Dan,2019-05-19 13:31:07.250,BEL_2019-05-19_1_1063,0.004248397284811881,61.17692090129108,0.71,3
3640013,AQU,2019-12-01,1,4,295,40.6713559662182,-73.8319960351335,650,D,FT ,54,MCL,30000.0,1221,122,Kendrick Carmouche,1230,1,AQU_2019-12-01_1_4,1,AQU_2019-12-01_1,1742,Remembering Bobbie,2019-12-01 12:22:13.750,AQU_2019-12-01_1_1742,0.00430913640555959,62.0515642400581,0.87,4
756876,AQU,2019-02-02,8,3,154,40.6732624739048,-73.8274884689134,800,D,FT ,54,AOC,64000.0,400,116,Joey R. Martinez,1020,4,AQU_2019-02-02_8_3,0,AQU_2019-02-02_8,296,Three to Thirteen,2019-02-02 16:00:38.500,AQU_2019-02-02_8_296,0.005197427153107236,74.84295100474421,0.4,2
2770598,AQU,2019-03-29,1,2,338,40.672403041282,-73.8315947230567,800,D,FT ,54,MSW,68000.0,130,118,Manuel Franco,680,4,AQU_2019-03-29_1_2,0,AQU_2019-03-29_1,772,Solent,2019-03-29 13:31:24.500,AQU_2019-03-29_1_772,0.004455237051318273,64.15541353898314,0.85,4
4266978,BEL,2019-09-08,5,7,218,40.7165986316516,-73.7274648935208,800,T,FM ,77,MSW,62000.0,310,119,Dylan Davis,520,3,BEL_2019-09-08_5_7,0,BEL_2019-09-08_5,1625,Turbo Drive,2019-09-08 15:10:54.500,BEL_2019-09-08_5_1625,0.004708205942719067,67.79816557515457,0.54,3
4431637,SAR,2019-09-02,6,3,113,43.0731193310695,-73.7644472099818,550,D,SY ,49,MSW,90000.0,320,119,Eric Cancel,3775,5,SAR_2019-09-02_6_3,0,SAR_2019-09-02_6,4631,Nashvegas,2019-09-02 15:20:28.250,SAR_2019-09-02_6_4631,0.005005559510589301,72.08005695248593,0.41,2
1412178,AQU,2019-12-07,10,2,180,40.6743480395303,-73.8271217507584,800,D,FT ,54,STK,750000.0,418,117,John R. Velazquez,1390,6,AQU_2019-12-07_10_2,0,AQU_2019-12-07_10,512,Bal Harbour,2019-12-07 16:18:45.000,AQU_2019-12-07_10_512,0.004729682671235901,68.10743046579697,0.47,2
463206,AQU,2019-04-14,9,9,278,40.6750973786335,-73.8286090406639,850,T,GD ,76,MCL,41000.0,543,119,Joey R. Martinez,1190,10,AQU_2019-04-14_9_9,0,AQU_2019-04-14_9,1475,Fleet Admiral,2019-04-14 17:44:09.500,AQU_2019-04-14_9_1475,0.0045368170815660094,65.33016597455054,0.68,3
2432024,SAR,2019-08-25,4,2,166,43.0729073822975,-73.7643616440017,700,D,FT ,33,CLM,45000.0,239,118,Irad Ortiz Jr.,345,5,SAR_2019-08-25_4_2,0,SAR_2019-08-25_4,726,Dovey Lovey,2019-08-25 14:39:41.500,SAR_2019-08-25_4_726,0.004920449899955853,70.85447855936428,0.5,2
581534,BEL,2019-05-19,7,7,279,40.7151564876522,-73.7269953139403,850,I,FM ,70,CLM,60000.0,451,126,Joel Rosario,340,4,BEL_2019-05-19_7_7,0,BEL_2019-05-19_7,2621,Harv Won't Tap,2019-05-19 16:52:09.750,BEL_2019-05-19_7_2621,0.00493054034309418,70.99978094055619,0.72,3
4392523,AQU,2019-12-31,3,1,144,40.6705349622503,-73.8287385569629,900,D,SY ,82,MSW,68000.0,132,119,Jorge A. Vargas Jr.,670,3,AQU_2019-12-31_3_1,0,AQU_2019-12-31_3,2860,Call Me Later,2019-12-31 13:32:36.000,AQU_2019-12-31_3_2860,0.00496146502730774,71.44509639323147,0.32,2
3295441,SAR,2019-07-24,2,8,124,43.0706229089199,-73.767173895611,700,D,FT ,32,MSW,78000.0,125,119,Manuel Franco,980,9,SAR_2019-07-24_2_8,0,SAR_2019-07-24_2,2786,Moonlight Now,2019-07-24 13:25:31.000,SAR_2019-07-24_2_2786,0.00477581684143452,68.77176251665708,0.34,2
1088594,BEL,2019-07-06,10,3,243,40.7177310972704,-73.7252959197435,1000,D,FT ,72,STK,700000.0,620,121,Joel Rosario,800,8,BEL_2019-07-06_10_3,0,BEL_2019-07-06_10,2974,Rocketry,2019-07-06 18:21:00.750,BEL_2019-07-06_10_2974,0.004984195198369396,71.7724108565193,0.52,3
2175131,AQU,2019-03-01,5,4,193,40.6743132743727,-73.8306387462397,600,D,FT ,45,CLM,43000.0,303,112,Benjamin Hernandez,170,1,AQU_2019-03-01_5_4,1,AQU_2019-03-01_5,722,Take Your Place,2019-03-01 15:03:48.250,AQU_2019-03-01_5_722,0.00497531450016224,71.64452880233627,0.67,3
985329,AQU,2019-11-17,8,4,139,40.6752378703375,-73.8281280569008,600,O,FM ,45,ALW,66000.0,322,120,Kendrick Carmouche,2600,3,AQU_2019-11-17_8_4,0,AQU_2019-11-17_8,1420,Tiz a Kitten,2019-11-17 15:22:34.750,AQU_2019-11-17_8_1420,0.004947854304239313,71.24910198104611,0.49,2
1758964,AQU,2019-12-08,8,6,237,40.6738132285488,-73.8272137196901,900,D,FT ,72,AOC,70000.0,318,122,Kendrick Carmouche,8175,9,AQU_2019-12-08_8_6,0,AQU_2019-12-08_8,526,Local Counsel,2019-12-08 15:18:59.250,AQU_2019-12-08_8_526,0.004831700449864534,69.57648647804929,0.53,3
3547096,AQU,2019-04-07,6,3,145,40.6697882217975,-73.8297115568332,900,O,FM ,160,MSW,70000.0,409,118,Eric Cancel,1580,5,AQU_2019-04-07_6_3,0,AQU_2019-04-07_6,773,Team Win,2019-04-07 16:09:36.250,AQU_2019-04-07_6_773,0.004324233848585073,62.26896741962505,0.34,2
1564224,AQU,2019-12-29,4,3,218,40.675206128301,-73.8300828189562,700,D,FT ,48,CLM,37000.0,157,124,Dylan Davis,4000,5,AQU_2019-12-29_4_3,0,AQU_2019-12-29_4,1750,Conforto,2019-12-29 13:57:54.500,AQU_2019-12-29_4_1750,0.004697958773547506,67.65060633908408,0.63,3
3352577,BEL,2019-07-06,2,6,243,40.7165102073537,-73.7276220841837,850,T,FM ,166,MCL,41000.0,134,118,Joel Rosario,610,12,BEL_2019-07-06_2_6,0,BEL_2019-07-06_2,1268,Seven Plus Seven,2019-07-06 13:35:00.750,BEL_2019-07-06_2_1268,0.0048701003164872796,70.12944455741683,0.6,3
818823,SAR,2019-07-26,1,8,33,43.0693196300005,-73.7704204503662,700,D,MY ,32,MCL,40000.0,100,124,Samuel Jimenez,6025,3,SAR_2019-07-26_1_8,0,SAR_2019-07-26_1,110,Flying Pleasantly,2019-07-26 13:00:08.250,SAR_2019-07-26_1_110,0.005914465699175214,85.16830606812309,0.09,1
26258,AQU,2019-01-12,6,5,249,40.6719153956207,-73.8318046275597,600,D,FT ,45,CLM,32000.0,300,121,Hector Rafael Diaz Jr.,650,1,AQU_2019-01-12_6_5,1,AQU_2019-01-12_6,348,Spartiatis,2019-01-12 15:01:02.250,AQU_2019-01-12_6_348,0.004633024846797898,66.71555779388973,0.86,4
4198475,AQU,2019-03-03,5,6,96,40.6750717114418,-73.8274458077993,550,D,FT ,50,MSW,60000.0,258,120,Dylan Davis,790,1,AQU_2019-03-03_5_6,1,AQU_2019-03-03_5,1107,Sarahrini,2019-03-03 14:58:24.000,AQU_2019-03-03_5_1107,0.005068086178107759,72.98044096475172,0.35,2
99317,AQU,2019-04-13,5,1,80,40.6727284577106,-73.8276983515236,650,D,MY ,38,CLM,48000.0,337,113,Benjamin Hernandez,440,5,AQU_2019-04-13_5_1,0,AQU_2019-04-13_5,1065,Picture Day,2019-04-13 15:37:20.000,AQU_2019-04-13_5_1065,0.005267270166668279,75.84869040002322,0.25,2
4458150,AQU,2019-11-03,9,2,196,40.6749529594327,-73.8273668796345,800,D,FT ,54,STK,150000.0,351,118,Manuel Franco,4000,8,AQU_2019-11-03_9_2,0,AQU_2019-11-03_9,1733,Americanus,2019-11-03 15:51:49.000,AQU_2019-11-03_9_1733,0.004624555943668328,66.59360558882392,0.5,2
506030,SAR,2019-08-24,6,2,146,43.0721986196744,-73.7643771320745,700,D,FT ,32,STK,500000.0,224,122,Javier Castellano,75,1,SAR_2019-08-24_6_2,1,SAR_2019-08-24_6,1290,Come Dancing,2019-08-24 14:24:36.500,SAR_2019-08-24_6_1290,0.004974628954291832,71.63465694180239,0.46,2
871728,AQU,2019-12-28,4,6,278,40.6754575157329,-73.8280287735931,900,D,FT ,82,STK,100000.0,157,121,Oscar Gomez,5625,3,AQU_2019-12-28_4_6,0,AQU_2019-12-28_4,642,Fleet Irish,2019-12-28 13:58:09.500,AQU_2019-12-28_4_642,0.004820206486738402,69.41097340903299,0.63,3
4160116,SAR,2019-08-24,11,7,99,43.0706905867289,-73.7728305221278,1000,D,FT ,65,STK,1250000.0,550,126,Joseph Talamo,345,3,SAR_2019-08-24_11_7,0,SAR_2019-08-24_11,4564,Mucho Gusto,2019-08-24 17:50:24.750,SAR_2019-08-24_11_4564,0.005269340894068228,75.8785088745825,0.21,1
4843519,SAR,2019-08-21,6,10,40,43.0693951812149,-73.7703115173587,700,D,SY ,32,MSW,75000.0,413,119,Ricardo Santana Jr.,870,4,SAR_2019-08-21_6_10,0,SAR_2019-08-21_6,4533,Breed's Hill,2019-08-21 16:13:10.000,SAR_2019-08-21_6_4533,0.0051718797821778744,74.47506886336139,0.11,1
3638626,BEL,2019-07-06,11,3,2,40.7142817170282,-73.7169731038081,800,T,FM ,172,MSW,80000.0,651,118,John R. Velazquez,1590,5,BEL_2019-07-06_11_3,0,BEL_2019-07-06_11,1766,Whatdoesasharksay,2019-07-06 18:51:00.500,BEL_2019-07-06_11_1766,0.000540357450199864,7.781147282878042,0.0,1
1057938,BEL,2019-05-02,8,5,165,40.7161513827386,-73.7279352760188,700,D,FT ,46,AOC,87000.0,518,118,Ruben Silvera,8375,6,BEL_2019-05-02_8_5,0,BEL_2019-05-02_8,21,Holiday Bonus,2019-05-02 17:18:41.250,BEL_2019-05-02_8_21,0.005224484541541167,75.2325773981928,0.52,3
2098555,AQU,2019-12-14,6,6,49,40.6688200536309,-73.8294650168437,800,D,SY ,54,STR,55000.0,251,123,Junior Alvarado,790,5,AQU_2019-12-14_6_6,0,AQU_2019-12-14_6,1153,Hizaam,2019-12-14 14:51:12.250,AQU_2019-12-14_6_1153,0.005245160126168787,75.53030581683053,0.12,1
2731466,AQU,2019-11-01,5,7,331,40.6724924000628,-73.8315418330112,800,D,GD ,54,AOC,70000.0,205,120,Luis Saez,490,6,AQU_2019-11-01_5_7,0,AQU_2019-11-01_5,650,Maiden Beauty,2019-11-01 14:06:22.750,AQU_2019-11-01_5_650,0.003861747112874914,55.60915842539876,0.87,4
4386701,AQU,2019-12-08,3,1,258,40.6745814493395,-73.8277977463933,850,T,GD ,96,MSW,70000.0,1250,119,Michael J. Luzzi,730,2,AQU_2019-12-08_3_1,0,AQU_2019-12-08_3,2063,Justintimeforwine,2019-12-08 12:51:04.500,AQU_2019-12-08_3_2063,0.00464596725257969,66.90192843714753,0.61,3
199360,BEL,2019-06-01,7,5,266,40.7131005466353,-73.7220130127758,600,D,FT ,48,CLM,60000.0,445,125,Eric Cancel,340,3,BEL_2019-06-01_7_5,0,BEL_2019-06-01_7,143,Still Krz,2019-06-01 16:46:06.500,BEL_2019-06-01_7_143,0.004000392084958827,57.605646023407104,0.95,4
4705023,AQU,2019-11-08,5,7,180,40.6747067477722,-73.830062804308,600,O,FM ,72,MSW,70000.0,220,119,Luis Saez,470,8,AQU_2019-11-08_5_7,0,AQU_2019-11-08_5,1815,Pure Wow,2019-11-08 14:20:45.000,AQU_2019-11-08_5_1815,0.004712452392257981,67.85931444851492,0.62,3
2892005,SAR,2019-07-24,7,2,216,43.0718528014067,-73.7654416348245,800,I,GD ,125,STK,150000.0,432,118,Kendrick Carmouche,1040,4,SAR_2019-07-24_7_2,0,SAR_2019-07-24_7,1687,Dashing Dan,2019-07-24 16:32:54.000,SAR_2019-07-24_7_1687,0.004978642944037741,71.69245839414347,0.56,3
4613904,BEL,2019-07-03,5,1,51,40.7177187618492,-73.7254917335541,550,D,FT ,72,MSW,80000.0,341,118,John R. Velazquez,160,4,BEL_2019-07-03_5_1,0,BEL_2019-07-03_5,3529,Palace Avenger,2019-07-03 15:41:12.750,BEL_2019-07-03_5_3529,0.00538135595136214,77.49152569961481,0.18,1
1681901,AQU,2019-01-25,3,1,102,40.6743303468144,-73.827088166028,600,D,MY ,45,MSW,60000.0,127,116,Benjamin Hernandez,400,6,AQU_2019-01-25_3_1,0,AQU_2019-01-25_3,598,Icy Maneuvers,2019-01-25 13:27:25.500,AQU_2019-01-25_3_598,0.005013630692350235,72.19628196984338,0.33,2
3693452,BEL,2019-06-13,4,2,273,40.7157800952206,-73.7273637476954,850,I,YL ,48,MSW,80000.0,441,118,Joe Bravo,730,4,BEL_2019-06-13_4_2,0,BEL_2019-06-13_4,3010,Funny Flowers,2019-06-13 16:42:08.250,BEL_2019-06-13_4_3010,0.004894669602494688,70.4832422759235,0.68,3
1906880,AQU,2019-01-04,7,6,6,40.6719731807827,-73.831827409442,900,D,FT ,98,AOC,67000.0,359,121,Manuel Franco,195,6,AQU_2019-01-04_7_6,0,AQU_2019-01-04_7,105,Singapore Trader,2019-01-04 15:59:01.500,AQU_2019-01-04_7_105,0.0011863933463241694,17.08406418706804,0.01,1
2862681,BEL,2019-05-25,7,1,86,40.716925128079,-73.7232301981818,700,T,FM ,64,MSW,62000.0,447,118,Manuel Franco,1210,1,BEL_2019-05-25_7_1,1,BEL_2019-05-25_7,2037,Fetching,2019-05-25 16:47:21.500,BEL_2019-05-25_7_2037,0.005465666756036133,78.70560128692031,0.25,2
3324116,AQU,2019-11-16,6,11,23,40.6724690826707,-73.8308803592774,800,T,FM ,65,MSW,70000.0,223,121,Manuel Franco,345,1,AQU_2019-11-16_6_11,1,AQU_2019-11-16_6,2196,Tiberius Mercurius,2019-11-16 14:23:05.750,AQU_2019-11-16_6_2196,0.005147363282631452,74.12203126989291,0.06,1
496236,AQU,2019-03-02,7,7,217,40.6737119123626,-73.8309878475293,600,D,FT ,45,ALW,64000.0,416,123,Junior Alvarado,1740,1,AQU_2019-03-02_7_7,1,AQU_2019-03-02_7,32,Pinchbeck,2019-03-02 16:16:54.250,AQU_2019-03-02_7_32,0.004715170596744365,67.89845659311885,0.73,3
795566,BEL,2019-05-23,6,4,403,40.7130887171398,-73.7209126329907,850,T,GD ,130,STR,55000.0,554,126,Jose L. Ortiz,315,1,BEL_2019-05-23_6_4,1,BEL_2019-05-23_6,3108,Belgrano,2019-05-23 17:55:40.750,BEL_2019-05-23_6_3108,0.003751910292976855,54.02750821886671,0.97,4
5226102,SAR,2019-08-18,4,4,101,43.069821591613,-73.7715939341012,800,I,GD ,162,ALW,92000.0,242,125,Joel Rosario,185,3,SAR_2019-08-18_4_4,0,SAR_2019-08-18_4,3673,Madita (GER),2019-08-18 14:42:25.250,SAR_2019-08-18_4_3673,0.004672298863969885,67.28110364116635,0.26,2
2222269,AQU,2019-11-14,8,8,28,40.6723333064751,-73.830929070958,800,T,FM ,70,ALW,75000.0,350,123,Joel Rosario,305,3,AQU_2019-11-14_8_8,0,AQU_2019-11-14_8,2082,Everyonelovesjames,2019-11-14 15:50:07.000,AQU_2019-11-14_8_2082,0.004678619266197722,67.3721174332472,0.07,1
2698579,BEL,2019-05-18,11,1,92,40.7169359916258,-73.723326888105,700,T,GD ,122,STK,100000.0,529,115,Reylu Gutierrez,640,3,BEL_2019-05-18_11_1,0,BEL_2019-05-18_11,1384,My Galina,2019-05-18 17:29:23.000,BEL_2019-05-18_11_1384,0.0052291152627052,75.29925978295488,0.27,2
3234014,SAR,2019-08-03,6,7,276,43.0722811485638,-73.7707898669177,650,D,FT ,72,MSW,90000.0,357,119,Jose L. Ortiz,1070,1,SAR_2019-08-03_6_7,1,SAR_2019-08-03_6,2559,En Wye Cee,2019-08-03 15:58:09.000,SAR_2019-08-03_6_2559,0.0048244241941246685,69.47170839539523,0.88,4
3291577,AQU,2019-12-20,8,4,166,40.673726766993,-73.8272608307059,800,D,FT ,54,MSW,60000.0,359,123,Eric Cancel,490,5,AQU_2019-12-20_8_4,0,AQU_2019-12-20_8,2473,Crazy Life,2019-12-20 15:59:41.500,AQU_2019-12-20_8_2473,0.0047075711287373504,67.78902425381784,0.42,2
3389613,BEL,2019-05-11,4,4,140,40.7170428891821,-73.7226457859132,900,D,FT ,20,STK,300000.0,308,120,Joel Rosario,1400,2,BEL_2019-05-11_4_4,0,BEL_2019-05-11_4,802,Sir Winston,2019-05-11 15:08:35.000,BEL_2019-05-11_4_802,0.0050121802609973025,72.17539575836116,0.35,2
492797,SAR,2019-08-24,12,3,208,43.0725945406909,-73.7691930321427,550,T,FM ,79,AOC,83000.0,623,122,John R. Velazquez,2220,10,SAR_2019-08-24_12_3,0,SAR_2019-08-24_12,3059,Alien Season,2019-08-24 18:23:52.000,SAR_2019-08-24_12_3059,0.005026333781948593,72.37920646005973,0.8,4
668102,BEL,2019-05-12,2,4,205,40.714399730619,-73.7267042839132,650,D,SY ,44,MCL,33000.0,202,124,Luis R. Reyes,4650,6,BEL_2019-05-12_2_4,0,BEL_2019-05-12_2,239,Well in Tune,2019-05-12 14:02:51.250,BEL_2019-05-12_2_239,0.00443721097745399,63.89583807533745,0.62,3
4049475,AQU,2019-03-23,4,5,227,40.6725538932159,-73.8315279742574,550,D,FT ,52,MCL,35000.0,320,121,Dalton Brown,4250,2,AQU_2019-03-23_4_5,0,AQU_2019-03-23_4,1206,Tizanoxbow,2019-03-23 15:20:56.750,AQU_2019-03-23_4_1206,0.004442249448119442,63.96839205291997,0.77,4
1439244,BEL,2019-10-02,8,10,108,40.7173566144188,-73.7247032331178,700,T,FM ,72,STR,55000.0,512,123,Hector Rafael Diaz Jr.,1490,3,BEL_2019-10-02_8_10,0,BEL_2019-10-02_8,601,Dancingwthdaffodls,2019-10-02 17:12:27.000,BEL_2019-10-02_8_601,0.005304978912238399,76.39169633623294,0.33,2
5100116,BEL,2019-06-08,10,2,363,40.7146855498226,-73.7256445364177,1000,I,FM ,76,STK,1000000.0,538,117,Luis Saez,4875,9,BEL_2019-06-08_10_2,0,BEL_2019-06-08_10,3332,Catcho En Die (ARG),2019-06-08 17:39:30.750,BEL_2019-06-08_10_3332,0.005328346265957369,76.72818622978612,0.81,4
2510185,BEL,2019-06-15,10,8,19,40.7136525515013,-73.7174297558913,850,T,FM ,90,MCL,41000.0,625,118,Rajiv Maragh,1210,3,BEL_2019-06-15_10_8,0,BEL_2019-06-15_10,198,Awesome Adversary,2019-06-15 18:25:04.750,BEL_2019-06-15_10_198,0.004254349738694487,61.26263623720061,0.05,1
3396619,SAR,2019-08-16,2,2,91,43.070581590568,-73.7673769014874,700,D,FT ,32,CLM,80000.0,134,122,Kendrick Carmouche,630,3,SAR_2019-08-16_2_2,0,SAR_2019-08-16_2,4489,Splicethemainbrace,2019-08-16 13:34:22.750,SAR_2019-08-16_2_4489,0.005223787593417358,75.22254134520996,0.28,2
699233,SAR,2019-08-17,4,7,71,43.07044639921,-73.767656160438,650,D,FT ,72,CLM,32000.0,241,122,Eric Cancel,2330,4,SAR_2019-08-17_4_7,0,SAR_2019-08-17_4,178,Dooley,2019-08-17 14:41:17.750,SAR_2019-08-17_4_178,0.005219764719745544,75.16461196433583,0.23,1
1153984,BEL,2019-09-28,7,4,105,40.7172346492973,-73.7260094389887,600,I,FM ,102,AOC,70000.0,413,123,John R. Velazquez,1100,2,BEL_2019-09-28_7_4,0,BEL_2019-09-28_7,1418,Merlins Muse,2019-09-28 16:13:26.250,BEL_2019-09-28_7_1418,0.005433250174619142,78.23880251451564,0.38,2
2275407,BEL,2019-05-11,3,9,311,40.713178577308,-73.7200939604221,600,I,FM ,170,ALW,82000.0,234,125,Irad Ortiz Jr.,245,2,BEL_2019-05-11_3_9,0,BEL_2019-05-11_3,1393,Jimi Bags,2019-05-11 14:35:17.750,BEL_2019-05-11_3_1393,0.003667223422356185,52.80801728192906,0.99,4
5082096,SAR,2019-09-01,5,10,171,43.0736071592285,-73.7673917565916,550,D,FT ,45,MCL,52000.0,244,119,Manuel Franco,680,8,SAR_2019-09-01_5_10,0,SAR_2019-09-01_5,2460,Bobbyfromthepalm,2019-09-01 14:44:42.750,SAR_2019-09-01_5_2460,0.004744026742497575,68.31398509196508,0.64,3
1267446,SAR,2019-07-24,8,5,166,43.0739188859906,-73.7662316019191,600,D,FT ,50,STK,200000.0,509,117,Alex Cintron,2070,1,SAR_2019-07-24_8_5,1,SAR_2019-07-24_8,3788,Minit to Stardom,2019-07-24 17:09:41.500,SAR_2019-07-24_8_3788,0.00514594647707782,74.10162926992061,0.6,3
187716,BEL,2019-06-26,2,3,44,40.7174028071438,-73.7238947141885,600,D,FT ,63,AOC,70000.0,205,125,Jose Lezcano,45,3,BEL_2019-06-26_2_3,0,BEL_2019-06-26_2,288,H Man,2019-06-26 14:05:11.000,BEL_2019-06-26_2_288,0.005455693383746794,78.56198472595383,0.16,1
2020455,AQU,2019-02-03,7,2,28,40.6692839667918,-73.8292640984007,700,D,FT ,46,CLM,36000.0,358,120,Rafael Manuel Hernandez,440,4,AQU_2019-02-03_7_2,0,AQU_2019-02-03_7,838,Lutheran Rags,2019-02-03 15:58:07.000,AQU_2019-02-03_7_838,0.004619251986484918,66.51722860538281,0.08,1
4061941,AQU,2019-03-31,6,9,16,40.6706343119906,-73.8285273476952,600,D,GD ,45,MCL,46000.0,429,121,Hector Rafael Diaz Jr.,1970,1,AQU_2019-03-31_6_9,1,AQU_2019-03-31_6,566,Ventus,2019-03-31 16:29:04.000,AQU_2019-03-31_6_566,0.004342805402334461,62.53639779361624,0.04,1
2248669,BEL,2019-06-15,7,5,235,40.7154639168784,-73.7275511234321,800,T,FM ,112,ALW,82000.0,447,124,Luis Saez,1250,1,BEL_2019-06-15_7_5,1,BEL_2019-06-15_7,1155,Dream Friend,2019-06-15 16:47:58.750,BEL_2019-06-15_7_1155,0.004985993235610531,71.79830259279166,0.64,3
4381157,BEL,2019-10-03,2,7,121,40.7167292049184,-73.7277304017405,600,D,SY ,65,MSW,62000.0,149,119,Jose Lezcano,560,2,BEL_2019-10-03_2_7,0,BEL_2019-10-03_2,3862,Silky Blue,2019-10-03 13:49:30.250,BEL_2019-10-03_2_3862,0.004729157620060538,68.09986972887175,0.4,2
3444973,SAR,2019-08-08,3,3,22,43.0724564040827,-73.7688716438456,850,I,FM ,20,CLM,55000.0,211,122,Manuel Franco,360,4,SAR_2019-08-08_3_3,0,SAR_2019-08-08_3,2964,Bad Boy,2019-08-08 14:11:05.500,SAR_2019-08-08_3_2964,0.004522835991685385,65.12883828026955,0.05,1
3304522,AQU,2019-11-17,8,2,17,40.670057175327,-73.829322425149,600,O,FM ,45,ALW,66000.0,322,118,Manuel Franco,3000,8,AQU_2019-11-17_8_2,0,AQU_2019-11-17_8,2274,Mz Seb Pat,2019-11-17 15:22:04.250,AQU_2019-11-17_8_2274,0.004141017175036121,59.63064732052015,0.06,1
241302,BEL,2019-10-19,5,1,367,40.7135273971431,-73.7236163694522,900,D,FT ,20,STK,300000.0,234,117,Rajiv Maragh,3375,4,BEL_2019-10-19_5_1,0,BEL_2019-10-19_5,101,Blugrascat's Smile,2019-10-19 14:35:31.750,BEL_2019-10-19_5_101,0.004406910189446536,63.459506728030114,0.88,4
2809932,AQU,2019-12-01,3,1,143,40.6755676986584,-73.8285486981888,600,D,GD ,40,CLM,44000.0,116,122,Irad Ortiz Jr.,200,6,AQU_2019-12-01_3_1,0,AQU_2019-12-01_3,2441,Quick Entry,2019-12-01 13:16:35.750,AQU_2019-12-01_3_2441,0.004907135712792372,70.66275426421015,0.48,2
3931522,SAR,2019-08-16,10,1,210,43.0720028158241,-73.7652341647625,800,I,FM ,68,MCL,48000.0,550,118,Eric Cancel,900,6,SAR_2019-08-16_10_1,0,SAR_2019-08-16_10,645,Talespin,2019-08-16 17:50:52.500,SAR_2019-08-16_10_645,0.004813689014784503,69.31712181289684,0.54,3
24685,BEL,2019-10-02,4,9,3,40.7132353991218,-73.7174093580724,850,T,FM ,171,CLM,50000.0,259,124,Luis R. Reyes,710,5,BEL_2019-10-02_4_9,0,BEL_2019-10-02_4,2177,Mobridge,2019-10-02 14:59:00.750,BEL_2019-10-02_4_2177,0.002127862048726061,30.641213501655276,0.01,1
2897021,SAR,2019-08-11,9,2,58,43.0711414245225,-73.7664840346887,550,T,FM ,54,STK,100000.0,421,120,Irad Ortiz Jr.,680,4,SAR_2019-08-11_9_2,0,SAR_2019-08-11_9,3133,Brooke Marie,2019-08-11 16:21:14.500,SAR_2019-08-11_9_3133,0.005791027320013982,83.39079340820135,0.23,1
1531987,AQU,2019-12-15,6,6,170,40.6737995955946,-73.8271586884603,800,D,MY ,54,CLM,40000.0,252,122,Kendrick Carmouche,1670,7,AQU_2019-12-15_6_6,0,AQU_2019-12-15_6,2052,Purely Lucky,2019-12-15 14:52:42.500,AQU_2019-12-15_6_2052,0.004790137870648558,68.97798533733923,0.43,2
757450,AQU,2019-04-05,7,6,42,40.6680933975153,-73.8297671200643,800,D,FT ,54,AOC,70000.0,443,122,Dylan Davis,760,4,AQU_2019-04-05_7_6,0,AQU_2019-04-05_7,296,Three to Thirteen,2019-04-05 16:43:10.500,AQU_2019-04-05_7_296,0.004997826794659224,71.96870584309283,0.11,1
4653871,AQU,2019-12-28,6,1,332,40.6712004673299,-73.8320953650882,650,D,FT ,52,MSW,60000.0,252,114,Declan Carroll,4300,11,AQU_2019-12-28_6_1,0,AQU_2019-12-28_6,2830,Disco's Bridge,2019-12-28 14:53:23.000,AQU_2019-12-28_6_2830,0.002917440357915794,42.01114115398744,0.8,4
4832859,SAR,2019-08-02,3,3,247,43.0716992023503,-73.7716704959133,550,T,FM ,66,MSW,78000.0,213,119,Jose L. Ortiz,120,1,SAR_2019-08-02_3_3,1,SAR_2019-08-02_3,4108,Light in the Sky,2019-08-02 14:14:01.750,SAR_2019-08-02_3_4108,0.0043341338698411865,62.411527725713086,0.95,4
443535,BEL,2019-07-03,4,2,46,40.716889337904,-73.7229899743873,600,T,FM ,156,CLM,55000.0,308,123,Jose Lezcano,220,2,BEL_2019-07-03_4_2,0,BEL_2019-07-03_4,504,Annie Rocks,2019-07-03 15:08:11.500,BEL_2019-07-03_4_504,0.005058801012661848,72.84673458233061,0.16,1
4105522,AQU,2019-11-14,7,8,355,40.6721472899837,-73.8317102181542,800,D,FT ,54,CLM,42000.0,318,119,Luis A. Rodriguez Castro,9925,5,AQU_2019-11-14_7_8,0,AQU_2019-11-14_7,767,Halstaat,2019-11-14 15:19:28.750,AQU_2019-11-14_7_767,0.0038590502387348888,55.5703234377824,0.87,4
4146431,AQU,2019-11-02,8,5,208,40.6738848229713,-73.8305867481873,600,O,GD ,45,CLM,38000.0,351,122,Jose Lezcano,340,5,AQU_2019-11-02_8_5,0,AQU_2019-11-02_8,976,Gallant Bid,2019-11-02 15:51:52.000,AQU_2019-11-02_8_976,0.004847878296315146,69.8094474669381,0.7,3
3776617,BEL,2019-05-27,4,7,31,40.7166570512443,-73.7209197903782,700,D,FT ,36,STK,125000.0,309,122,Jose L. Ortiz,185,6,BEL_2019-05-27_4_7,0,BEL_2019-05-27_4,1142,Espresso Shot,2019-05-27 15:09:07.750,BEL_2019-05-27_4_1142,0.00510236990794663,73.47412667443147,0.1,1
3579546,AQU,2019-11-01,1,7,174,40.6755395826448,-73.8293400132198,650,D,MY ,36,CLM,28000.0,1200,118,Dylan Davis,1960,3,AQU_2019-11-01_1_7,0,AQU_2019-11-01_1,570,Ma Meatloaf,2019-11-01 12:00:43.500,AQU_2019-11-01_1_570,0.004675554409109807,67.32798349118121,0.54,3
2715211,AQU,2019-02-01,7,3,300,40.6739527620848,-73.8308194849324,800,D,FT ,54,SOC,60000.0,347,122,Rajiv Maragh,760,5,AQU_2019-02-01_7_3,0,AQU_2019-02-01_7,195,Classic Czar,2019-02-01 15:48:15.000,AQU_2019-02-01_7_195,0.004180086308085572,60.19324283643224,0.76,4
1728259,AQU,2019-12-30,1,6,178,40.6753458304113,-73.8278092989867,700,D,SY ,48,MCL,41000.0,1230,114,Luis Cardenas,2400,5,AQU_2019-12-30_1_6,0,AQU_2019-12-30_1,234,Golconda,2019-12-30 12:30:44.500,AQU_2019-12-30_1_234,0.004698544250451644,67.65903720650367,0.52,3
3521739,BEL,2019-09-07,10,9,267,40.7162088363726,-73.7206280256307,1200,T,GD ,63,STK,1000000.0,547,122,Jamie P. Spencer,210,1,BEL_2019-09-07_10_9,1,BEL_2019-09-07_10,3632,Spanish Mission,2019-09-07 17:48:06.750,BEL_2019-09-07_10_3632,0.004806916853080297,69.21960268435627,0.48,2
583105,AQU,2019-03-09,8,7,238,40.672416631828,-73.831589168478,600,D,FT ,45,STK,200000.0,409,116,Jose Lezcano,740,7,AQU_2019-03-09_8_7,0,AQU_2019-03-09_8,154,Fully Vested,2019-03-09 16:09:59.500,AQU_2019-03-09_8_154,0.004439228623887278,63.9248921839768,0.85,4
4287141,BEL,2019-09-26,1,5,19,40.7147498621644,-73.7173848078036,800,T,FM ,168,MCL,46000.0,102,112,Benjamin Hernandez,3225,3,BEL_2019-09-26_1_5,0,BEL_2019-09-26_1,1842,Shine Like Bobby,2019-09-26 13:02:04.750,BEL_2019-09-26_1_1842,0.004424737551486288,63.716220741402545,0.05,1
2255689,BEL,2019-10-10,2,9,34,40.7134763495519,-73.7181601066613,850,I,FM ,45,MCL,41000.0,149,124,Kendrick Carmouche,440,3,BEL_2019-10-10_2_9,0,BEL_2019-10-10_2,3181,Causforcelebration,2019-10-10 13:49:08.500,BEL_2019-10-10_2_3181,0.004848559062865872,69.81925050526856,0.08,1
82714,BEL,2019-10-02,4,2,16,40.7136819512373,-73.7174757053472,850,T,FM ,171,CLM,50000.0,259,124,Jose Lezcano,530,1,BEL_2019-10-02_4_2,1,BEL_2019-10-02_4,1310,Wicked Freud,2019-10-02 14:59:04.000,BEL_2019-10-02_4_1310,0.004131697605449314,59.496445518470125,0.04,1
3849176,BEL,2019-09-18,3,1,52,40.7159425880322,-73.7184710021643,850,D,FT ,46,ALW,77000.0,405,120,Manuel Franco,80,1,BEL_2019-09-18_3_1,1,BEL_2019-09-18_3,1320,Off Topic,2019-09-18 16:05:13.000,BEL_2019-09-18_3_1320,0.005132348607873146,73.9058199533733,0.12,1
1950392,AQU,2019-02-16,6,4,276,40.6748986069197,-73.830323842903,800,D,FT ,54,CLM,28000.0,334,117,Reylu Gutierrez,2170,11,AQU_2019-02-16_6_4,0,AQU_2019-02-16_6,238,Call the Cat,2019-02-16 15:35:09.000,AQU_2019-02-16_6_238,0.004187389674891739,60.29841131844105,0.7,3
3381796,BEL,2019-09-08,8,9,54,40.7170443496208,-73.7235872057158,600,T,FM ,72,STK,100000.0,450,118,Flavien Prat,650,8,BEL_2019-09-08_8_9,0,BEL_2019-09-08_8,1351,Achilles Warrior,2019-09-08 16:50:13.500,BEL_2019-09-08_8_1351,0.005338576898437857,76.87550733750514,0.19,1
2880820,BEL,2019-06-23,1,6,288,40.7131878637601,-73.722265452002,650,D,FT ,52,WCL,42000.0,132,120,Dylan Davis,500,1,BEL_2019-06-23_1_6,1,BEL_2019-06-23_1,270,Alvernia,2019-06-23 13:33:12.000,BEL_2019-06-23_1_270,0.0038497067681884933,55.435777461914306,0.93,4
4335265,AQU,2019-11-16,4,4,66,40.672835528725,-73.8276464562287,600,D,FT ,38,MSW,70000.0,125,119,Joel Rosario,395,3,AQU_2019-11-16_4_4,0,AQU_2019-11-16_4,2182,Trash Talker,2019-11-16 13:25:16.500,AQU_2019-11-16_4_2182,0.005432381762247413,78.22629737636274,0.22,1
820785,AQU,2019-02-18,6,6,231,40.6754188367804,-73.8278461445207,800,D,FT ,54,AOC,64000.0,326,121,Pablo Fragoso,1180,8,AQU_2019-02-18_6_6,0,AQU_2019-02-18_6,1001,Cirque,2019-02-18 15:26:57.750,AQU_2019-02-18_6_1001,0.0024968757126999715,35.95501026287959,0.97,4
5194201,BEL,2019-05-24,8,1,355,40.7143448371364,-73.7247531898689,900,I,FM ,230,ALW,82000.0,518,126,Javier Castellano,90,1,BEL_2019-05-24_8_1,1,BEL_2019-05-24_8,3121,Malakeh (GB),2019-05-24 17:19:28.750,BEL_2019-05-24_8_3121,0.005067524050396124,72.9723463257042,0.83,4
406101,AQU,2019-11-01,7,3,169,40.6737337114534,-73.8272307545959,800,D,FT ,54,ALW,75000.0,310,123,Joe Bravo,790,2,AQU_2019-11-01_7_3,0,AQU_2019-11-01_7,1602,Kodiak Katie,2019-11-01 15:10:42.250,AQU_2019-11-01_7_1602,0.004824992292474457,69.47988901163218,0.45,2
5007951,SAR,2019-07-24,3,4,203,43.0738823220497,-73.7657173490316,700,D,FT ,32,MSW,78000.0,201,119,Kendrick Carmouche,560,8,SAR_2019-07-24_3_4,0,SAR_2019-07-24_3,2491,Mazal Eighteen,2019-07-24 14:01:50.750,SAR_2019-07-24_3_2491,0.0046788669880276235,67.37568462759778,0.6,3
262020,BEL,2019-05-16,7,3,14,40.7138745251644,-73.722802059903,1000,I,YL ,90,AOC,90000.0,614,122,Jose L. Ortiz,365,2,BEL_2019-05-16_7_3,0,BEL_2019-05-16_7,3043,Noble Thought,2019-05-16 18:14:03.500,BEL_2019-05-16_7_3043,0.0036615454334698607,52.726254241966,0.03,1
937058,BEL,2019-10-19,4,1,194,40.7175075541499,-73.7255545465226,850,T,FM ,171,STK,200000.0,159,121,Manuel Franco,2200,3,BEL_2019-10-19_4_1,0,BEL_2019-10-19_4,3103,Hoboe,2019-10-19 13:59:48.500,BEL_2019-10-19_4_3103,0.0050556155439372,72.80086383269568,0.5,2
3544191,AQU,2019-04-07,1,5,378,40.6713803898057,-73.8320701598108,800,D,FT ,54,MCL,33000.0,130,118,Kendrick Carmouche,540,4,AQU_2019-04-07_1_5,0,AQU_2019-04-07_1,1171,Miss Flambe,2019-04-07 13:31:34.500,AQU_2019-04-07_1_1171,0.003565342692663708,51.34093477435739,0.94,4
4810961,AQU,2019-11-08,9,6,206,40.6726616824629,-73.8285351468891,850,T,FM ,88,MCL,41000.0,418,119,Jose Lezcano,770,6,AQU_2019-11-08_9_6,0,AQU_2019-11-08_9,1838,Evade,2019-11-08 16:18:51.500,AQU_2019-11-08_9_1838,0.004739985384571439,68.25578953782873,0.48,2
1954532,BEL,2019-05-05,1,5,227,40.7163263884745,-73.72788558772,850,D,SY ,44,CLM,28000.0,130,125,Irad Ortiz Jr.,155,3,BEL_2019-05-05_1_5,0,BEL_2019-05-05_1,170,Raging Fire,2019-05-05 13:30:56.750,BEL_2019-05-05_1_170,0.004519534033213647,65.08129007827651,0.56,3
4153564,SAR,2019-08-25,10,7,82,43.0701614112058,-73.7720039209763,800,I,FM ,38,MCL,48000.0,551,112,Benjamin Hernandez,4950,9,SAR_2019-08-25_10_7,0,SAR_2019-08-25_10,1739,Trans Mississippi,2019-08-25 17:51:20.500,SAR_2019-08-25_10_1739,0.004900404521790431,70.56582511378221,0.21,1
1531132,AQU,2019-12-06,2,2,118,40.6714441331432,-73.8283166952885,800,D,FT ,54,ALW,75000.0,1220,121,Dylan Davis,610,3,AQU_2019-12-06_2_2,0,AQU_2019-12-06_2,1066,Creative Style,2019-12-06 12:20:29.500,AQU_2019-12-06_2_1066,0.004906759182580317,70.65733222915657,0.31,2
5149914,SAR,2019-08-04,5,5,267,43.0700725995129,-73.7719440687341,1200,I,FM ,65,STK,200000.0,325,122,Joel Rosario,1220,5,SAR_2019-08-04_5_5,0,SAR_2019-08-04_5,1723,Sky Full of Stars (GER),2019-08-04 15:26:06.750,SAR_2019-08-04_5_1723,0.004614060492452435,66.44247109131507,0.48,2
3417622,BEL,2019-05-30,5,2,371,40.7138358435697,-73.722905598481,850,I,YL ,90,CLM,65000.0,511,118,Joel Rosario,165,7,BEL_2019-05-30_5_2,0,BEL_2019-05-30_5,1484,Go Poke the Bear,2019-05-30 17:12:32.750,BEL_2019-05-30_5_1484,0.004808646999776304,69.24451679677878,0.92,4
4814284,BEL,2019-10-05,7,1,305,40.7137675197817,-73.724461935291,800,D,FT ,72,MSW,75000.0,342,119,Channing Hill,1020,4,BEL_2019-10-05_7_1,0,BEL_2019-10-05_7,2031,Tapage,2019-10-05 15:43:16.250,BEL_2019-10-05_7_2031,0.0047251352282032056,68.04194728612616,0.75,3
1291469,BEL,2019-06-15,10,2,95,40.7159852528883,-73.719742827025,850,T,FM ,90,MCL,41000.0,625,125,Junior Alvarado,510,4,BEL_2019-06-15_10_2,0,BEL_2019-06-15_10,2192,Curlin's Legacy,2019-06-15 18:25:23.750,BEL_2019-06-15_10_2192,0.004787025598839658,68.93316862329107,0.24,1
3319132,BEL,2019-07-04,8,6,312,40.7138403646489,-73.7239460193901,800,T,FM ,182,STK,100000.0,520,122,Javier Castellano,310,2,BEL_2019-07-04_8_6,0,BEL_2019-07-04_8,3145,Fog of War,2019-07-04 17:21:18.000,BEL_2019-07-04_8_3145,0.005021529172586958,72.31002008525219,0.84,4
4206391,BEL,2019-06-29,5,2,255,40.7147935133755,-73.7268935032099,800,T,FM ,76,MCL,41000.0,340,118,Joel Rosario,410,3,BEL_2019-06-29_5_2,0,BEL_2019-06-29_5,2482,Blacktop Legend,2019-06-29 15:41:03.750,BEL_2019-06-29_5_2482,0.00497758005924532,71.67715285313261,0.7,3
3287418,SAR,2019-08-28,10,7,97,43.0720451858788,-73.7648751192151,550,T,FM ,54,MCL,48000.0,542,119,Ricardo Santana Jr.,1620,5,SAR_2019-08-28_10_7,0,SAR_2019-08-28_10,2328,Vitanza,2019-08-28 17:42:24.250,SAR_2019-08-28_10_2328,0.0052738514157771,75.94346038719024,0.38,2
1937724,BEL,2019-07-05,3,4,166,40.7155940998922,-73.7279012386573,650,D,FT ,47,CLM,28000.0,234,123,Joel Rosario,245,1,BEL_2019-07-05_3_4,1,BEL_2019-07-05_3,1019,Hokulea,2019-07-05 14:34:41.500,BEL_2019-07-05_3_1019,0.0050835539432046535,73.20317678214701,0.54,3
487040,SAR,2019-08-22,2,3,160,43.0700441406712,-73.7687626539598,900,D,GD ,80,CLM,35000.0,122,125,Tyler Gaffalione,2600,5,SAR_2019-08-22_2_3,0,SAR_2019-08-22_2,237,Run for Boston,2019-08-22 13:22:40.000,SAR_2019-08-22_2_237,0.0047025711310390165,67.71702428696183,0.36,2
3284702,AQU,2019-01-04,1,5,30,40.6676023830376,-73.8299883873028,800,D,FT ,54,MSW,68000.0,1250,120,Eric Cancel,55,2,AQU_2019-01-04_1_5,0,AQU_2019-01-04_1,63,Paynterbynumbers,2019-01-04 12:50:07.500,AQU_2019-01-04_1_63,0.004964296293656189,71.48586662864912,0.07,1
4684863,AQU,2019-11-11,2,4,134,40.6755185419346,-73.8282793680886,600,D,FT ,38,MCL,52000.0,1228,119,Manuel Franco,420,5,AQU_2019-11-11_2_4,0,AQU_2019-11-11_2,1995,Quantum Computing,2019-11-11 12:28:33.500,AQU_2019-11-11_2_1995,0.004612567416681073,66.42097080020746,0.45,2
2004583,SAR,2019-08-31,11,8,394,43.0722467124126,-73.7708556690514,900,D,FT ,80,STK,750000.0,602,118,Jose L. Ortiz,610,6,SAR_2019-08-31_11_8,0,SAR_2019-08-31_11,3590,Wooderson,2019-08-31 18:03:38.500,SAR_2019-08-31_11_3590,0.00430496804543886,61.99153985431959,0.94,4
1584246,SAR,2019-08-30,8,9,134,43.0703309601646,-73.7693489725039,800,I,FM ,20,ALW,80000.0,446,125,Javier Castellano,280,5,SAR_2019-08-30_8_9,0,SAR_2019-08-30_8,2224,Chiclet's Dream,2019-08-30 16:46:33.500,SAR_2019-08-30_8_2224,0.004883894910874284,70.32808671658968,0.36,2
876673,BEL,2019-05-27,5,5,335,40.7136393560386,-73.7230493362456,800,T,GD ,142,STK,125000.0,340,117,Luis Saez,720,7,BEL_2019-05-27_5_5,0,BEL_2019-05-27_5,3173,Lady Joan,2019-05-27 15:41:23.750,BEL_2019-05-27_5_3173,0.004738169050210205,68.22963432302696,0.9,4
1809523,SAR,2019-07-14,7,7,10,43.0691561336479,-73.7708703507678,650,D,FT ,72,AOC,83000.0,441,124,Luis Saez,980,7,SAR_2019-07-14_7_7,0,SAR_2019-07-14_7,395,Shamrock Kid,2019-07-14 16:41:02.500,SAR_2019-07-14_7_395,0.002834526567270492,40.81718256869508,0.03,1
3350857,SAR,2019-08-22,4,3,30,43.0718827749522,-73.7717313672289,900,D,FT ,80,STR,60000.0,226,120,Eric Cancel,420,1,SAR_2019-08-22_4_3,1,SAR_2019-08-22_4,4139,Claytnthelionheart,2019-08-22 14:26:07.500,SAR_2019-08-22_4_4139,0.005023895843876711,72.34410015182463,0.06,1
3909863,BEL,2019-09-11,7,5,311,40.7146590797923,-73.7257486926687,850,I,FM ,63,AOC,77000.0,612,122,Junior Alvarado,355,4,BEL_2019-09-11_7_5,0,BEL_2019-09-11_7,1014,Xanthique,2019-09-11 18:13:17.750,BEL_2019-09-11_7_1014,0.00566495094103612,81.57529355092012,0.79,4
4959443,AQU,2019-12-08,3,8,250,40.6740621248395,-73.8277651603656,850,T,GD ,96,MSW,70000.0,1250,119,Junior Alvarado,800,4,AQU_2019-12-08_3_8,0,AQU_2019-12-08_3,2693,Distorted Sky,2019-12-08 12:51:02.500,AQU_2019-12-08_3_2693,0.004995027883531407,71.92840152285225,0.59,3
4259404,AQU,2019-01-20,1,1A,114,40.6693719927064,-73.8295253381487,900,D,SY ,101,MCL,35000.0,1250,122,Ruben Silvera,1490,6,AQU_2019-01-20_1_1A,0,AQU_2019-01-20_1,543,Bridgetothefuture,2019-01-20 12:50:28.500,AQU_2019-01-20_1_543,0.004711172262688287,67.84088058271134,0.24,1
5006372,AQU,2019-11-20,6,1,161,40.6754349692967,-73.8296317039382,600,D,FT ,38,MCL,41000.0,250,119,Irad Ortiz Jr.,335,9,AQU_2019-11-20_6_1,0,AQU_2019-11-20_6,2318,Nextstop Pokipc,2019-11-20 14:50:40.250,AQU_2019-11-20_6_2318,0.00466606984616179,67.19140578472978,0.54,3
4616987,AQU,2019-11-23,6,5,217,40.6725504138021,-73.8285050826537,850,T,GD ,162,MSW,70000.0,223,114,Declan Carroll,6400,7,AQU_2019-11-23_6_5,0,AQU_2019-11-23_6,2401,Lord of the Nile,2019-11-23 14:23:54.250,AQU_2019-11-23_6_2401,0.004816368771524034,69.35571030994609,0.5,2
809580,AQU,2019-02-22,2,3,202,40.6743002788866,-73.8306338361356,600,D,GD ,44,CLM,25000.0,122,116,Reylu Gutierrez,70,5,AQU_2019-02-22_2_3,0,AQU_2019-02-22_2,46,Ribbonite,2019-02-22 13:22:50.500,AQU_2019-02-22_2_46,0.004244335501553991,61.118431222377474,0.67,3
2786106,SAR,2019-07-17,7,13,205,43.0739212844023,-73.7661017848106,700,D,SY ,30,MSW,90000.0,436,118,Julien R. Leparoux,340,4,SAR_2019-07-17_7_13,0,SAR_2019-07-17_7,4103,Panforte Di Siena,2019-07-17 16:36:51.250,SAR_2019-07-17_7_4103,0.004443307852919529,63.983633082041216,0.61,3
4625657,BEL,2019-09-18,7,6,227,40.7142280197954,-73.7262575281288,700,D,FT ,54,STK,150000.0,609,122,Javier Castellano,75,2,BEL_2019-09-18_7_6,0,BEL_2019-09-18_7,3453,Fierce Lady,2019-09-18 18:09:56.750,BEL_2019-09-18_7_3453,0.004949207223866693,71.26858402368038,0.66,3
4788304,SAR,2019-08-25,7,10,13,43.0699585677009,-73.7694181021448,550,T,FM ,56,MCL,60000.0,415,119,Tyler Gaffalione,1900,7,SAR_2019-08-25_7_10,0,SAR_2019-08-25_7,2618,Speed Talks,2019-08-25 16:15:03.250,SAR_2019-08-25_7_2618,0.0039397495577616765,56.73239363176814,0.05,1
4120506,AQU,2019-12-22,10,11,185,40.6753819125749,-73.8297807453939,650,D,FT ,54,CLM,36000.0,416,120,Junior Alvarado,690,1,AQU_2019-12-22_10_11,1,AQU_2019-12-22_10,617,Coach Villa,2019-12-22 16:16:46.250,AQU_2019-12-22_10_617,0.004819735596019924,69.4041925826869,0.58,3
4153010,BEL,2019-06-23,4,2,123,40.7164410109818,-73.7278796268832,600,D,FT ,54,MSW,80000.0,308,111,Benjamin Hernandez,3650,4,BEL_2019-06-23_4_2,0,BEL_2019-06-23_4,1739,Trans Mississippi,2019-06-23 15:08:30.750,BEL_2019-06-23_4_1739,0.005184705756250694,74.65976289001,0.42,2
4996575,AQU,2019-12-14,8,1,266,40.6733450402636,-73.8311132375583,700,D,SY ,48,STK,500000.0,347,120,Reylu Gutierrez,7425,12,AQU_2019-12-14_8_1,0,AQU_2019-12-14_8,2760,Hold My Call,2019-12-14 15:48:06.500,AQU_2019-12-14_8_2760,0.003906474310088966,56.25323006528111,0.78,4
1440126,SAR,2019-08-30,5,7,104,43.0698089786936,-73.7708753356022,800,I,FM ,20,STR,75000.0,310,119,Eric Cancel,3500,6,SAR_2019-08-30_5_7,0,SAR_2019-08-30_5,601,Dancingwthdaffodls,2019-08-30 15:10:26.000,SAR_2019-08-30_5_601,0.004734388328800342,68.17519193472492,0.29,2
5109744,BEL,2019-10-04,4,5,242,40.7137276908317,-73.7243527639077,650,D,MY ,48,CLM,32000.0,259,121,Michael J. Luzzi,1150,2,BEL_2019-10-04_4_5,0,BEL_2019-10-04_4,870,Orpheus (ARG),2019-10-04 15:00:00.500,BEL_2019-10-04_4_870,0.004407880763715516,63.473482997503424,0.77,4
4852060,BEL,2019-10-25,1,1,171,40.7176715269506,-73.7249821194425,850,D,FT ,50,MSW,75000.0,115,119,Jose L. Ortiz,25,2,BEL_2019-10-25_1_1,0,BEL_2019-10-25_1,2108,Mrs. S,2019-10-25 13:15:42.750,BEL_2019-10-25_1_2108,0.004902470126178973,70.5955698169772,0.41,2
3244994,BEL,2019-10-19,10,1,16,40.7157385532917,-73.7175557608032,800,D,FT ,78,STK,250000.0,521,118,Jose Lezcano,120,4,BEL_2019-10-19_10_1,0,BEL_2019-10-19_10,1438,Newly Minted,2019-10-19 17:21:04.000,BEL_2019-10-19_10_1438,0.0039040023589513484,56.21763396889942,0.04,1
2146554,AQU,2019-04-05,3,6,20,40.6698362898717,-73.828924501759,650,D,FT ,36,CLM,38000.0,230,124,Rajiv Maragh,600,5,AQU_2019-04-05_3_6,0,AQU_2019-04-05_3,923,Nth Degree,2019-04-05 14:30:05.000,AQU_2019-04-05_3_923,0.00441243241967435,63.53902684331064,0.06,1
2307521,AQU,2019-02-24,3,4,66,40.6727602360759,-73.8276367978496,600,D,SY ,50,CLM,36000.0,155,115,Benjamin Hernandez,1860,3,AQU_2019-02-24_3_4,0,AQU_2019-02-24_3,373,Cross Multiply,2019-02-24 13:55:16.500,AQU_2019-02-24_3_373,0.005293888930715583,76.2320006023044,0.22,1
3931366,SAR,2019-08-16,10,1,366,43.0715254176452,-73.7713815868667,800,I,FM ,68,MCL,48000.0,550,118,Eric Cancel,900,6,SAR_2019-08-16_10_1,0,SAR_2019-08-16_10,645,Talespin,2019-08-16 17:51:31.500,SAR_2019-08-16_10_645,0.004021027667157078,57.90279840706192,0.94,4
3860520,BEL,2019-04-28,3,2,181,40.7143332503786,-73.7266024453597,600,D,FT ,52,MCL,41000.0,236,118,Harry Hernandez,1230,3,BEL_2019-04-28_3_2,0,BEL_2019-04-28_3,2885,Bad Sueno,2019-04-28 14:36:45.250,BEL_2019-04-28_3_2885,0.004824296053323042,69.4698631678518,0.63,3
1037905,SAR,2019-07-24,5,6,344,43.0718684538776,-73.7717720264155,700,D,FT ,32,CLM,50000.0,316,124,Ricardo Santana Jr.,1260,3,SAR_2019-07-24_5_6,0,SAR_2019-07-24_5,4191,Cape Lookout,2019-07-24 15:17:26.000,SAR_2019-07-24_5_4191,0.004099473092204137,59.032412527739574,0.97,4
2189099,BEL,2019-05-24,6,9,4,40.7158715508217,-73.7201132459563,600,I,FM ,90,AOC,85000.0,412,121,Jose Lezcano,75,2,BEL_2019-05-24_6_9,0,BEL_2019-05-24_6,2505,Sweet Bye and Bye,2019-05-24 16:12:01.000,BEL_2019-05-24_6_2505,0.001375437569409691,19.806300999499552,0.01,1
4598730,BEL,2019-09-18,8,10,330,40.713818276781,-73.723885922018,800,T,FM ,140,MSW,62000.0,640,119,Kendrick Carmouche,1170,7,BEL_2019-09-18_8_10,0,BEL_2019-09-18_8,3738,Nexus,2019-09-18 18:41:22.500,BEL_2019-09-18_8_3738,0.004128374433598605,59.448591843819905,0.85,4
4511021,BEL,2019-09-15,8,5,88,40.7175553215162,-73.7266418711119,600,D,FT ,63,MSW,62000.0,450,119,Eric Cancel,2220,5,BEL_2019-09-15_8_5,0,BEL_2019-09-15_8,2001,Chowda,2019-09-15 16:50:22.000,BEL_2019-09-15_8_2001,0.005213324800416002,75.07187712599043,0.3,2
96068,AQU,2019-01-19,7,1,35,40.6714508439488,-73.8283053493245,600,D,FT ,36,CLM,46000.0,330,121,Eric Cancel,940,4,AQU_2019-01-19_7_1,0,AQU_2019-01-19_7,522,Mighty Zealous,2019-01-19 15:30:08.750,AQU_2019-01-19_7_522,0.005373558180565941,77.37923780014955,0.12,1
2013865,AQU,2019-03-23,9,2,257,40.6722715905614,-73.8316339097087,600,D,FT ,45,MCL,33000.0,615,121,Hector Rafael Diaz Jr.,1030,4,AQU_2019-03-23_9_2,0,AQU_2019-03-23_9,692,Here Comes Helen,2019-03-23 18:16:04.250,AQU_2019-03-23_9_692,0.004143870479990629,59.67173491186506,0.84,4
3712757,AQU,2019-01-18,2,4,170,40.6750731542416,-73.8301921209537,600,D,FT ,48,SOC,60000.0,123,124,Oscar Gomez,4500,7,AQU_2019-01-18_2_4,0,AQU_2019-01-18_2,452,Chicken Valley Rd,2019-01-18 13:23:42.500,AQU_2019-01-18_2_452,0.0046894699770906895,67.52836767010594,0.58,3
2620200,BEL,2019-10-16,3,1,4,40.7126650502987,-73.7192522373323,850,I,FM ,76,MCL,41000.0,220,120,Luis Saez,205,1,BEL_2019-10-16_3_1,1,BEL_2019-10-16_3,3030,Montatham,2019-10-16 14:20:01.000,BEL_2019-10-16_3_3030,0.00131166469082709,18.887971547910094,0.01,1
3387724,BEL,2019-06-23,5,2,281,40.7136867186718,-73.7233128713667,700,T,FM ,63,STK,150000.0,340,116,Luis Saez,2040,4,BEL_2019-06-23_5_2,0,BEL_2019-06-23_5,2041,Plink Freud,2019-06-23 15:41:10.250,BEL_2019-06-23_5_2041,0.004630826402763971,66.68390019980119,0.88,4
3222466,BEL,2019-05-19,6,4,153,40.7177270331219,-73.7255405040851,800,D,FT ,52,MCL,52000.0,419,118,Dylan Davis,1780,5,BEL_2019-05-19_6_4,0,BEL_2019-05-19_6,2049,Single Focus,2019-05-19 16:19:38.250,BEL_2019-05-19_6_2049,0.004939247283371176,71.12516088054494,0.39,2
1702434,AQU,2019-04-05,6,4,339,40.6715608070366,-73.8315282273429,800,O,FM ,64,CLM,44000.0,410,124,Irad Ortiz Jr.,115,3,AQU_2019-04-05_6_4,0,AQU_2019-04-05_6,1287,Variant Perception,2019-04-05 16:11:24.750,AQU_2019-04-05_6_1287,0.004745949815435958,68.34167734227779,0.92,4
497383,BEL,2019-10-18,4,2,112,40.7177265846735,-73.7256919169671,700,D,FT ,54,CLM,28000.0,259,124,Rajiv Maragh,530,1,BEL_2019-10-18_4_2,1,BEL_2019-10-18_4,3943,Kahramani,2019-10-18 14:59:28.000,BEL_2019-10-18_4_3943,0.004881066488974471,70.28735744123239,0.34,2
512796,AQU,2019-04-05,6,1,230,40.6753192717148,-73.8285138858735,800,O,FM ,64,CLM,44000.0,410,124,Jose Lezcano,385,4,AQU_2019-04-05_6_1,0,AQU_2019-04-05_6,852,Air On Fire,2019-04-05 16:10:57.500,AQU_2019-04-05_6_852,0.004882476199365534,70.30765727086369,0.62,3
2755521,AQU,2019-11-14,2,8,47,40.6715340621565,-73.8286298846014,600,O,FM ,44,CLM,44000.0,1250,122,Irad Ortiz Jr.,730,1,AQU_2019-11-14_2_8,1,AQU_2019-11-14_2,1203,Linda's Ballet,2019-11-14 12:50:11.750,AQU_2019-11-14_2_1203,0.00541220318670312,77.93572588852493,0.17,1
4970984,AQU,2019-11-29,3,2,9,40.6699110183041,-73.8293396575697,600,O,GD ,52,MSW,62000.0,1248,119,Kendrick Carmouche,6975,9,AQU_2019-11-29_3_2,0,AQU_2019-11-29_3,2497,Businessindubai,2019-11-29 12:48:02.250,AQU_2019-11-29_3_2497,0.0019164039341177217,27.59621665129519,0.03,1
3040982,BEL,2019-10-16,7,4,262,40.7132986464422,-73.7226233102258,600,D,MY ,64,ALW,77000.0,428,120,Joel Rosario,1250,5,BEL_2019-10-16_7_4,0,BEL_2019-10-16_7,3941,Al Shamkhah,2019-10-16 16:29:05.500,BEL_2019-10-16_7_3941,0.0041586252985651665,59.8842042993384,0.92,4
4995007,SAR,2019-07-11,8,2,285,43.0718888401095,-73.7716976318214,600,D,MY ,45,STK,150000.0,515,120,Luis Saez,1740,5,SAR_2019-07-11_8_2,0,SAR_2019-07-11_8,4016,Integral,2019-07-11 17:16:11.250,SAR_2019-07-11_8_4016,0.0034755358208307997,50.047715819963514,0.98,4
271940,SAR,2019-08-10,9,2,151,43.0707480689045,-73.7683097437014,800,I,FM ,36,STK,500000.0,549,118,Julien R. Leparoux,950,7,SAR_2019-08-10_9_2,0,SAR_2019-08-10_9,1895,Dr. Edgar,2019-08-10 17:49:37.750,SAR_2019-08-10_9_1895,0.00520973596754873,75.02019793270172,0.41,2
2305193,AQU,2019-12-05,5,7,39,40.6713929416943,-73.8282555096813,600,D,GD ,36,CLM,46000.0,216,120,Reylu Gutierrez,3925,1,AQU_2019-12-05_5_7,1,AQU_2019-12-05_5,297,Vicar's Legend,2019-12-05 14:16:09.750,AQU_2019-12-05_5_297,0.004882239420828825,70.30424765993507,0.13,1
1333852,AQU,2019-11-08,8,13,160,40.675271271046,-73.8293294353597,600,O,FM ,72,AOC,80000.0,348,122,John R. Velazquez,520,9,AQU_2019-11-08_8_13,0,AQU_2019-11-08_8,1830,McErin,2019-11-08 15:48:40.000,AQU_2019-11-08_8_1830,0.004743622508141382,68.30816411723589,0.56,3
2444173,AQU,2019-02-28,8,4,168,40.6733994679754,-73.8274220556826,800,D,FT ,54,MCL,35000.0,441,123,Manuel Franco,145,4,AQU_2019-02-28_8_4,0,AQU_2019-02-28_8,1073,Give Me a Hug,2019-02-28 16:41:42.000,AQU_2019-02-28_8_1073,0.004557505288802167,65.6280761587512,0.39,2
3594471,SAR,2019-08-01,10,4,177,43.071212747996,-73.7670260290479,800,I,FM ,92,MSW,78000.0,629,118,Javier Castellano,830,5,SAR_2019-08-01_10_4,0,SAR_2019-08-01_10,3226,Wacky Pal,2019-08-01 18:29:44.250,SAR_2019-08-01_10_3226,0.004880256234757128,70.27568978050265,0.44,2
1827998,SAR,2019-07-25,4,2,489,43.0725782149812,-73.7687295226949,1100,I,GD ,280,MSW,90000.0,224,125,Tyler Gaffalione,3725,5,SAR_2019-07-25_4_2,0,SAR_2019-07-25_4,4212,Anticipating,2019-07-25 14:26:02.250,SAR_2019-07-25_4_4212,0.004603693662564162,66.29318874092394,0.89,4
2143763,AQU,2019-11-22,7,8,312,40.6715346830134,-73.8319726688766,700,D,GD ,45,STR,55000.0,348,124,Manuel Franco,85,3,AQU_2019-11-22_7_8,0,AQU_2019-11-22_7,42,My Roxy Girl,2019-11-22 15:49:18.000,AQU_2019-11-22_7_42,0.004225010891852217,60.84015684267192,0.93,4
586261,SAR,2019-07-19,3,12,153,43.0737018419704,-73.7663924568031,550,T,FM ,85,MSW,78000.0,213,124,Jose L. Ortiz,510,1,SAR_2019-07-19_3_12,1,SAR_2019-07-19_3,1371,Andretta,2019-07-19 14:13:38.250,SAR_2019-07-19_3_1371,0.005140111814212432,74.01761012465902,0.58,3
999570,AQU,2019-03-29,2,3,117,40.6751342334202,-73.8275346882648,600,D,FT ,45,AOC,67000.0,205,123,Andre Shivnarine Worrie,130,1,AQU_2019-03-29_2_3,1,AQU_2019-03-29_2,891,Leah's Dream,2019-03-29 14:05:29.250,AQU_2019-03-29_2_891,0.005000651134991091,72.00937634387171,0.41,2
2965012,AQU,2019-11-24,7,12,12,40.6669756595634,-73.8302503742394,800,D,SY ,54,AOC,70000.0,319,119,John R. Velazquez,250,5,AQU_2019-11-24_7_12,0,AQU_2019-11-24_7,864,Southern King,2019-11-24 15:19:03.000,AQU_2019-11-24_7_864,0.0033371019243376822,48.054267710462625,0.03,1
976660,AQU,2019-12-14,7,6,15,40.6706540218658,-73.8285945246837,600,D,SY ,48,ALW,70000.0,319,122,Jorge A. Vargas Jr.,530,2,AQU_2019-12-14_7_6,0,AQU_2019-12-14_7,221,Sicilia Mike,2019-12-14 15:19:03.750,AQU_2019-12-14_7_221,0.004361708934402765,62.808608655399816,0.05,1
2002703,AQU,2019-03-17,1,1,152,40.6727670359148,-73.8276915367913,800,D,FT ,54,STR,55000.0,130,122,Rajiv Maragh,185,1,AQU_2019-03-17_1_1,1,AQU_2019-03-17_1,123,Expert,2019-03-17 13:30:38.000,AQU_2019-03-17_1_123,0.00491980180173766,70.84514594502231,0.4,2
432685,AQU,2019-11-02,9,8,286,40.6755790954315,-73.8291643184606,900,D,FT ,76,STK,150000.0,430,115,Declan Carroll,6175,6,AQU_2019-11-02_9_8,0,AQU_2019-11-02_9,1663,Zena Rules,2019-11-02 16:31:11.500,AQU_2019-11-02_9_1663,0.00462008970837866,66.52929180065271,0.67,3
3834342,SAR,2019-07-21,3,5,163,43.069991227297,-73.7695348400158,900,T,FM ,96,MCL,55000.0,130,118,Dylan Davis,950,3,SAR_2019-07-21_3_5,0,SAR_2019-07-21_3,2727,Crypto Gold,2019-07-21 13:30:40.750,SAR_2019-07-21_3_2727,0.004970841051045605,71.58011113505671,0.38,2
109737,AQU,2019-02-22,7,1,149,40.6706298876369,-73.8286897053433,900,D,GD ,96,CLM,60000.0,409,117,Reylu Gutierrez,155,6,AQU_2019-02-22_7_1,0,AQU_2019-02-22_7,461,Langdarma,2019-02-22 16:09:37.250,AQU_2019-02-22_7_461,0.004491036577979855,64.67092672290991,0.34,2
4108552,BEL,2019-10-12,2,6,177,40.7167157053034,-73.7237069165918,850,I,FM ,54,CLM,60000.0,118,123,Michael J. Luzzi,400,3,BEL_2019-10-12_2_6,0,BEL_2019-10-12_2,3914,Seaside Dancer,2019-10-12 13:18:44.250,BEL_2019-10-12_2_3914,0.004812948293193561,69.30645542198727,0.45,2
1891848,AQU,2019-12-07,6,6,248,40.6755507856728,-73.8293571865668,800,D,FT ,54,STK,250000.0,211,117,Junior Alvarado,350,3,AQU_2019-12-07_6_6,0,AQU_2019-12-07_6,1536,Our Super Nova,2019-12-07 14:12:02.000,AQU_2019-12-07_6_1536,0.004570166337661316,65.81039526232296,0.65,3
542586,AQU,2019-03-31,7,2,60,40.6723464908585,-73.8278413183201,600,D,GD ,45,STR,55000.0,501,122,Ruben Silvera,410,4,AQU_2019-03-31_7_2,0,AQU_2019-03-31_7,485,Questeq,2019-03-31 17:01:15.000,AQU_2019-03-31_7_485,0.005611010547137093,80.79855187877413,0.2,1
2880315,AQU,2019-11-21,3,5,98,40.6704494766881,-73.8316546737538,850,T,GD ,162,STR,55000.0,150,119,Eric Cancel,1090,7,AQU_2019-11-21_3_5,0,AQU_2019-11-21_3,270,Alvernia,2019-11-21 13:50:24.500,AQU_2019-11-21_3_270,0.00466792349612019,67.21809834413074,0.23,1
4816435,SAR,2019-08-04,4,8,135,43.0698235130221,-73.7700147193086,850,T,FM ,102,MSW,90000.0,246,119,Jose L. Ortiz,295,3,SAR_2019-08-04_4_8,0,SAR_2019-08-04_4,1702,Sparkling Sky,2019-08-04 14:46:33.750,SAR_2019-08-04_4_1702,0.0045619672421253355,65.69232828660483,0.34,2
1618585,BEL,2019-05-17,5,5,45,40.7162307530319,-73.7193795718671,800,D,FT ,52,AOC,85000.0,338,122,Joe Bravo,770,2,BEL_2019-05-17_5_5,0,BEL_2019-05-17_5,2772,Supreme Aura,2019-05-17 15:38:11.250,BEL_2019-05-17_5_2772,0.004993550607659908,71.90712875030268,0.12,1
4907890,AQU,2019-11-24,6,9,219,40.6733558966664,-73.8311645254246,600,D,SY ,40,MSW,62000.0,250,119,John R. Velazquez,520,2,AQU_2019-11-24_6_9,0,AQU_2019-11-24_6,2004,Jack of Clubs,2019-11-24 14:50:54.750,AQU_2019-11-24_6_2004,0.004338729357552224,62.47770274875203,0.74,3
3590121,BEL,2019-05-12,4,2,268,40.7131636595041,-73.7222719943592,600,D,SY ,48,MSW,80000.0,308,118,Javier Castellano,185,2,BEL_2019-05-12_4_2,0,BEL_2019-05-12_4,3029,Lion Dance,2019-05-12 15:09:07.000,BEL_2019-05-12_4_3029,0.0038779739241487786,55.842824507742414,0.91,4
2937593,SAR,2019-07-25,4,4,420,43.0731427461042,-73.7650448395786,1100,I,GD ,280,MSW,90000.0,224,118,Jose Lezcano,1080,4,SAR_2019-07-25_4_4,0,SAR_2019-07-25_4,3523,Third Edition,2019-07-25 14:25:45.000,SAR_2019-07-25_4_3523,0.004996598532492036,71.95101886788532,0.77,4
1156991,AQU,2019-02-09,4,8,113,40.6738568554727,-73.8271552976754,650,D,FT ,45,MCL,33000.0,228,123,Dalton Brown,1450,4,AQU_2019-02-09_4_8,0,AQU_2019-02-09_4,376,Flat Out Jayvien,2019-02-09 14:28:28.250,AQU_2019-02-09_4_376,0.004989859988665145,71.85398383677808,0.35,2
3808772,BEL,2019-06-15,8,6,44,40.713793968018,-73.7180002252956,850,I,FM ,56,CLM,60000.0,519,118,Rajiv Maragh,580,4,BEL_2019-06-15_8_6,0,BEL_2019-06-15_8,2999,Calamity Kat,2019-06-15 17:19:11.000,BEL_2019-06-15_8_2999,0.0050684792034834105,72.98610053016111,0.11,1
4543139,AQU,2019-11-09,10,7,329,40.6712497673273,-73.8321040795403,700,D,FT ,45,MSW,70000.0,420,119,John R. Velazquez,660,5,AQU_2019-11-09_10_7,0,AQU_2019-11-09_10,1913,Malibu Edge,2019-11-09 16:21:22.250,AQU_2019-11-09_10_1913,0.0034494210665489237,49.6716633583045,0.96,4
2517650,SAR,2019-08-18,4,1A,273,43.0735298453011,-73.7662394880475,800,I,GD ,162,ALW,92000.0,242,120,Luis Saez,1570,5,SAR_2019-08-18_4_1A,0,SAR_2019-08-18_4,1605,Hollywood Glory,2019-08-18 14:43:08.250,SAR_2019-08-18_4_1605,0.004696384427834513,67.62793576081698,0.71,3
5100429,BEL,2019-06-08,10,2,52,40.7134237468737,-73.720816054765,1000,I,FM ,76,STK,1000000.0,538,117,Luis Saez,4875,9,BEL_2019-06-08_10_2,0,BEL_2019-06-08_10,3332,Catcho En Die (ARG),2019-06-08 17:38:13.000,BEL_2019-06-08_10_3332,0.00516354560942523,74.35505677572331,0.11,1
537920,BEL,2019-05-26,6,6,124,40.7170388432104,-73.722480551612,850,D,FT ,46,AOC,70000.0,412,124,Irad Ortiz Jr.,80,6,BEL_2019-05-26_6_6,0,BEL_2019-05-26_6,1568,Minsky Moment,2019-05-26 16:12:31.000,BEL_2019-05-26_6_1568,0.0049955685656090185,71.93618734476986,0.31,2
2153116,AQU,2019-02-16,2,5,330,40.6711075224707,-73.8321598171913,700,D,FT ,44,AOC,67000.0,122,121,Rajiv Maragh,395,4,AQU_2019-02-16_2_5,0,AQU_2019-02-16_2,42,My Roxy Girl,2019-02-16 13:23:22.500,AQU_2019-02-16_2_42,0.0037504704505277467,54.00677448759955,0.97,4
998693,AQU,2019-04-06,9,5,111,40.6730531228947,-73.8274901311877,700,D,FT ,40,STK,400000.0,522,117,Rajiv Maragh,1370,2,AQU_2019-04-06_9_5,0,AQU_2019-04-06_9,511,Skyler's Scramjet,2019-04-06 17:22:27.750,AQU_2019-04-06_9_511,0.005270618243127346,75.89690270103378,0.34,2
1515689,BEL,2019-10-20,3,1,127,40.7177172475302,-73.7259855104692,700,D,FT ,54,CLM,28000.0,145,124,Keivan Serrano,480,2,BEL_2019-10-20_3_1,0,BEL_2019-10-20_3,206,Zecha,2019-10-20 13:45:31.750,BEL_2019-10-20_3_206,0.004732490845149649,68.14786817015494,0.37,2
4142976,AQU,2019-01-19,1,2,50,40.6721798334646,-73.8279360658968,600,D,FT ,36,MSW,68000.0,1229,122,Junior Alvarado,310,5,AQU_2019-01-19_1_2,0,AQU_2019-01-19_1,495,Shanghai Bonnie,2019-01-19 12:29:12.500,AQU_2019-01-19_1_495,0.0054764350649759265,78.86066493565335,0.17,1
466830,SAR,2019-07-28,10,8,79,43.073272103852,-73.7651914601754,1100,I,FM ,280,AOC,92000.0,604,124,John R. Velazquez,880,7,SAR_2019-07-28_10_8,0,SAR_2019-07-28_10,3122,So Charming,2019-07-28 18:04:19.750,SAR_2019-07-28_10_3122,0.004726821327701055,68.06622711889518,0.15,1
757848,BEL,2019-09-06,3,5,350,40.7130714240133,-73.7220154393647,700,D,SY ,44,CLM,50000.0,404,121,Talbert Howell,11600,7,BEL_2019-09-06_3_5,0,BEL_2019-09-06_3,516,Princess Mikayah,2019-09-06 16:05:27.500,BEL_2019-09-06_3_516,0.0029087998935574074,41.886718467226665,0.99,4
3367579,AQU,2019-11-15,5,3,86,40.6729130433862,-73.8276188201923,650,D,FT ,54,MCL,33000.0,203,117,Declan Carroll,5250,12,AQU_2019-11-15_5_3,0,AQU_2019-11-15_5,1188,Flattering Eyes,2019-11-15 14:03:21.500,AQU_2019-11-15_5_1188,0.004497301450508787,64.76114088732653,0.26,2
2350711,BEL,2019-06-15,10,6,356,40.7137098691837,-73.7233236175112,850,T,FM ,90,MCL,41000.0,625,125,Luis Saez,800,7,BEL_2019-06-15_10_6,0,BEL_2019-06-15_10,3076,Bunyan's Axe,2019-06-15 18:26:29.000,BEL_2019-06-15_10_3076,0.004442276112904276,63.96877602582158,0.89,4
297759,AQU,2019-01-19,5,3,90,40.6722937914897,-73.8278971612202,700,D,FT ,40,STK,100000.0,229,124,J. D. Acosta,800,5,AQU_2019-01-19_5_3,0,AQU_2019-01-19_5,513,Colonel Sharp,2019-01-19 14:29:22.500,AQU_2019-01-19_5_513,0.005278194730841322,76.00600412411504,0.27,2
4310050,BEL,2019-05-30,5,1,238,40.7171159006074,-73.7265419270608,850,I,YL ,90,CLM,65000.0,511,118,Manuel Franco,970,4,BEL_2019-05-30_5_1,0,BEL_2019-05-30_5,1487,False Info,2019-05-30 17:11:59.500,BEL_2019-05-30_5_1487,0.004663499447748788,67.15439204758255,0.59,3
1343313,BEL,2019-05-10,6,12,181,40.7150830712879,-73.7268505606946,600,I,GD ,144,MCL,41000.0,413,117,Benjamin Hernandez,3475,6,BEL_2019-05-10_6_12,0,BEL_2019-05-10_6,1402,Seattle Frost,2019-05-10 16:13:45.250,BEL_2019-05-10_6_1402,0.004458901774304415,64.20818554998358,0.59,3
2495992,SAR,2019-07-21,6,4,58,43.071143765036,-73.7720135724288,800,I,FM ,74,CLM,48000.0,322,120,Jose L. Ortiz,590,4,SAR_2019-07-21_6_4,0,SAR_2019-07-21_6,3368,Galadriel's Light,2019-07-21 15:22:14.500,SAR_2019-07-21_6_3368,0.0046628755274579796,67.1454075953949,0.15,1
3097477,AQU,2019-12-31,8,11,266,40.6716964114756,-73.8318486271499,600,D,SY ,45,MCL,33000.0,405,122,Manuel Franco,90,2,AQU_2019-12-31_8_11,0,AQU_2019-12-31_8,1523,Hudson Overpass,2019-12-31 16:06:06.500,AQU_2019-12-31_8_1523,0.004046318711065444,58.26698943934239,0.88,4
2989379,AQU,2019-02-10,3,7,271,40.6750836569751,-73.8301836824909,800,D,FT ,54,MCL,35000.0,157,122,Dalton Brown,6175,5,AQU_2019-02-10_3_7,0,AQU_2019-02-10_3,544,American Wish,2019-02-10 13:58:07.750,AQU_2019-02-10_3_544,0.004335178522992433,62.42657073109103,0.69,3
1133728,AQU,2019-01-20,7,2,131,40.669943918428,-73.8290209229826,900,D,SY ,101,STK,100000.0,339,119,Junior Alvarado,690,3,AQU_2019-01-20_7_2,0,AQU_2019-01-20_7,2,Crimson Frost,2019-01-20 15:39:32.750,AQU_2019-01-20_7_2,0.004728077381247749,68.0843142899676,0.26,2
4693123,AQU,2019-12-05,6,1,97,40.674206746353,-73.8271088124162,600,D,GD ,36,MSW,62000.0,245,119,Jorge A. Vargas Jr.,1680,7,AQU_2019-12-05_6_1,0,AQU_2019-12-05_6,2592,Montauk Memories,2019-12-05 14:45:24.250,AQU_2019-12-05_6_2592,0.005124004073544199,73.78565865903647,0.33,2
4304313,BEL,2019-04-28,7,5,275,40.7135749512949,-73.7237180364958,700,D,FT ,41,MSW,80000.0,446,118,John R. Velazquez,420,2,BEL_2019-04-28_7_5,0,BEL_2019-04-28_7,2895,Presto,2019-04-28 16:47:08.750,BEL_2019-04-28_7_2895,0.004234145395671541,60.97169369767018,0.76,4
3897189,BEL,2019-07-05,6,6,89,40.7132604025187,-73.7188356477655,1000,I,FM ,38,MSW,90000.0,412,118,Javier Castellano,1930,8,BEL_2019-07-05_6_6,0,BEL_2019-07-05_6,1296,Amarone,2019-07-05 16:12:22.250,BEL_2019-07-05_6_1296,0.0042829843507335395,61.674974650562966,0.19,1
3683421,AQU,2019-12-30,6,1,174,40.6755403394755,-73.8293117924226,650,D,SY ,52,AOC,75000.0,259,120,Junior Alvarado,680,3,AQU_2019-12-30_6_1,0,AQU_2019-12-30_6,2411,Honey I'm Good,2019-12-30 14:59:43.500,AQU_2019-12-30_6_2411,0.004815260983752192,69.33975816603156,0.55,3
765816,BEL,2019-06-12,8,10,184,40.7158100621728,-73.7276840536896,700,T,FM ,126,AOC,70000.0,518,121,Javier Castellano,860,3,BEL_2019-06-12_8_10,0,BEL_2019-06-12_8,2070,First Appeal,2019-06-12 17:18:46.000,BEL_2019-06-12_8_2070,0.0051300637658135305,73.87291822771483,0.57,3
22514,AQU,2019-11-17,3,2,242,40.6755763615846,-73.8291327111601,800,D,FT ,54,CLM,36000.0,102,122,Dylan Davis,570,5,AQU_2019-11-17_3_2,0,AQU_2019-11-17_3,530,Peter's Project,2019-11-17 13:03:00.500,AQU_2019-11-17_3_530,0.004351913580302855,62.667555556361116,0.61,3
1236516,AQU,2019-11-10,5,4,4,40.6696377146711,-73.8295600920904,600,O,FM ,58,ALW,66000.0,156,122,Joel Rosario,420,7,AQU_2019-11-10_5_4,0,AQU_2019-11-10_5,1947,Elenzee,2019-11-10 13:56:01.000,AQU_2019-11-10_5_1947,0.0012659432221999826,18.22958239967975,0.01,1
3453989,SAR,2019-07-18,8,9,279,43.0734360894832,-73.7650901226229,850,T,GD ,126,AOC,92000.0,515,118,Dylan Davis,1280,2,SAR_2019-07-18_8_9,0,SAR_2019-07-18_8,3818,Swamp Rat,2019-07-18 17:16:09.750,SAR_2019-07-18_8_3818,0.004911175146845883,70.72092211458072,0.67,3
4593707,SAR,2019-07-14,1,7,198,43.0709761704517,-73.7677290849594,850,I,FM ,28,MSW,90000.0,103,119,Luis Saez,460,6,SAR_2019-07-14_1_7,0,SAR_2019-07-14_1,2673,Miss Marissa,2019-07-14 13:03:49.500,SAR_2019-07-14_1_2673,0.004490875262097876,64.6686037742094,0.49,2
2158494,BEL,2019-09-21,11,5,57,40.7158920062869,-73.7191876670232,800,T,FM ,142,ALW,66000.0,625,122,Dylan Davis,2900,11,BEL_2019-09-21_11_5,0,BEL_2019-09-21_11,137,Mrs. Orb,2019-09-21 18:25:14.250,BEL_2019-09-21_11_137,0.005102451620114117,73.47530332964328,0.15,1
1557703,AQU,2019-01-05,8,8,70,40.6712512019584,-73.8283430556133,700,D,SY ,45,STK,100000.0,358,120,David Cohen,600,8,AQU_2019-01-05_8_8,0,AQU_2019-01-05_8,168,Byself,2019-01-05 15:58:17.500,AQU_2019-01-05_8_168,0.005329978688835014,76.7516931192242,0.19,1
2459483,SAR,2019-07-11,6,9,256,43.071702558083,-73.7716789802925,550,T,GD ,85,ALW,80000.0,403,120,Joel Rosario,385,8,SAR_2019-07-11_6_9,0,SAR_2019-07-11_6,1177,Pipes,2019-07-11 16:04:04.000,SAR_2019-07-11_6_1177,0.003584083919601905,51.610808442267434,0.99,4
4116445,SAR,2019-07-18,7,1,36,43.0706106287861,-73.7672846325873,550,D,FT ,45,MCL,48000.0,439,119,Eric Cancel,1340,7,SAR_2019-07-18_7_1,0,SAR_2019-07-18_7,1207,Big Wonder,2019-07-18 16:39:09.000,SAR_2019-07-18_7_1207,0.005190411290000964,74.74192257601388,0.13,1
1146009,AQU,2019-11-11,4,2,138,40.6755606715661,-73.8284547991396,600,D,FT ,38,CLM,46000.0,124,124,Jose Lezcano,325,5,AQU_2019-11-11_4_2,0,AQU_2019-11-11_4,593,Letmetakethiscall,2019-11-11 13:24:34.500,AQU_2019-11-11_4_593,0.004663898741934669,67.16014188385923,0.46,2
2740328,AQU,2019-04-06,1,1,224,40.6730381549533,-73.8312258801183,600,D,FT ,45,MSW,70000.0,100,118,Jose L. Ortiz,85,2,AQU_2019-04-06_1_1,0,AQU_2019-04-06_1,1300,Vehement,2019-04-06 13:00:56.000,AQU_2019-04-06_1_1300,0.004421260114993068,63.66614565590017,0.77,4
1327087,AQU,2019-11-03,8,4,369,40.6724166322846,-73.8285937665575,1200,T,GD ,123,STK,125000.0,321,124,Javier Castellano,180,4,AQU_2019-11-03_8_4,0,AQU_2019-11-03_8,1719,Fools Gold,2019-11-03 15:22:32.250,AQU_2019-11-03_8_1719,0.004832269643463693,69.58468286587718,0.61,3
1486865,BEL,2019-10-02,8,3,18,40.7159956625825,-73.7194352122331,700,T,FM ,72,STR,55000.0,512,121,Rajiv Maragh,900,7,BEL_2019-10-02_8_3,0,BEL_2019-10-02_8,2334,Take Charge Tina,2019-10-02 17:12:04.500,BEL_2019-10-02_8_2334,0.004557997751018107,65.63516761466074,0.05,1
4273905,BEL,2019-06-08,11,1,307,40.7174835623309,-73.7242482358853,1200,D,FT ,78,STK,1500000.0,638,126,Jose Lezcano,2160,3,BEL_2019-06-08_11_1,0,BEL_2019-06-08_11,910,Joevia,2019-06-08 18:39:16.750,BEL_2019-06-08_11_910,0.0047141146216937374,67.88325055238982,0.56,3
2866086,BEL,2019-06-14,3,5,38,40.7160534797529,-73.7187348064439,800,D,FT ,46,MCL,35000.0,234,112,Joey R. Martinez,1870,3,BEL_2019-06-14_3_5,0,BEL_2019-06-14_3,2011,Ninja Dust,2019-06-14 14:34:09.500,BEL_2019-06-14_3_2011,0.004709737142117224,67.82021484648801,0.1,1
3819857,BEL,2019-06-26,7,9,235,40.7136807168345,-73.7230989436578,600,T,FM ,72,ALW,66000.0,454,120,Joel Rosario,105,1,BEL_2019-06-26_7_9,1,BEL_2019-06-26_7,2627,Sadie Lady,2019-06-26 16:54:58.750,BEL_2019-06-26_7_2627,0.004701108643144162,67.69596446127593,0.85,4
3987341,BEL,2019-10-03,6,1,333,40.7130008897347,-73.7216555093203,700,D,SY ,50,ALW,66000.0,406,120,Rajiv Maragh,95,2,BEL_2019-10-03_6_1,0,BEL_2019-10-03_6,267,Flush,2019-10-03 16:07:23.250,BEL_2019-10-03_6_267,0.0031021326772854517,44.670710552910506,0.93,4
4641969,SAR,2019-08-29,9,8,86,43.0702427679296,-73.772362497665,850,T,FM ,90,STK,100000.0,519,122,Jose L. Ortiz,260,2,SAR_2019-08-29_9_8,0,SAR_2019-08-29_9,2904,Sweet Melania,2019-08-29 17:19:21.500,SAR_2019-08-29_9_2904,0.004678773002108892,67.37433123036804,0.21,1
46062,SAR,2019-08-09,7,5,240,43.0733844165277,-73.7679581981776,700,D,FT ,32,CLM,52000.0,425,126,Ricardo Santana Jr.,900,1,SAR_2019-08-09_7_5,1,SAR_2019-08-09_7,4123,Bolita Boyz,2019-08-09 16:26:00.000,SAR_2019-08-09_7_4123,0.004750758622829182,68.41092416874022,0.7,3
3653377,BEL,2019-05-27,6,10,122,40.7169640225118,-73.7268398899462,600,I,FM ,90,MCL,41000.0,412,118,Manuel Franco,400,4,BEL_2019-05-27_6_10,0,BEL_2019-05-27_6,1372,Tarallucci,2019-05-27 16:12:30.500,BEL_2019-05-27_6_1372,0.005113911877864309,73.64033104124604,0.43,2
415312,AQU,2019-03-22,1,4,199,40.6749480150563,-73.8302976981104,650,D,SY ,36,CLM,36000.0,130,121,Manuel Franco,70,1,AQU_2019-03-22_1_4,1,AQU_2019-03-22_1,523,Malibu Action,2019-03-22 13:30:49.750,AQU_2019-03-22_1_523,0.0044854666846888104,64.59072025951887,0.61,3
1240389,AQU,2019-01-19,2,3,357,40.6735827569858,-73.8310035733041,900,D,FT ,99,CLM,28000.0,101,124,Eric Cancel,400,1,AQU_2019-01-19_2_3,1,AQU_2019-01-19_2,498,Incubator,2019-01-19 13:02:29.250,AQU_2019-01-19_2_498,0.004505455486894714,64.87855901128388,0.8,4
1823583,AQU,2019-11-17,5,5,122,40.6748359044949,-73.8276113199127,600,O,FM ,45,ALW,75000.0,159,119,Benjamin Hernandez,2160,6,AQU_2019-11-17_5_5,0,AQU_2019-11-17_5,1354,American Rule,2019-11-17 13:59:30.500,AQU_2019-11-17_5_1354,0.004877484025347618,70.2357699650057,0.44,2
340087,AQU,2019-02-22,6,4,326,40.6728691120475,-73.8313456042091,800,D,GD ,54,CLM,40000.0,333,119,Harry Hernandez,460,2,AQU_2019-02-22_6_4,0,AQU_2019-02-22_6,295,Ro Bear,2019-02-22 15:34:21.500,AQU_2019-02-22_6_295,0.004447342550058266,64.04173272083904,0.83,4
2532300,BEL,2019-06-27,8,5,120,40.7174207181926,-73.7239977953229,800,D,FT ,52,AOC,82000.0,646,122,Jose Lezcano,300,2,BEL_2019-06-27_8_5,0,BEL_2019-06-27_8,801,Not That Brady,2019-06-27 18:46:30.000,BEL_2019-06-27_8_801,0.005083486014043441,73.20219860222555,0.32,2
4204510,AQU,2019-01-13,7,5,109,40.6739750660922,-73.827123639236,650,D,FT ,45,STK,100000.0,400,120,Ruben Silvera,4450,4,AQU_2019-01-13_7_5,0,AQU_2019-01-13_7,427,Show Prince,2019-01-13 16:00:27.250,AQU_2019-01-13_7_427,0.0051893681188111915,74.72690091088116,0.33,2
3707217,AQU,2019-11-03,2,1,192,40.67326195722,-73.8281924908123,800,T,GD ,76,ALW,66000.0,1229,118,Jose Lezcano,130,1,AQU_2019-11-03_2_1,1,AQU_2019-11-03_2,1683,Worth a Shot,2019-11-03 12:29:48.000,AQU_2019-11-03_2_1683,0.004977175056702789,71.67132081652015,0.5,2
2458794,AQU,2019-04-11,5,6,213,40.6754858334111,-73.82812247706,800,D,FT ,54,AOC,66000.0,339,122,Jose Lezcano,135,6,AQU_2019-04-11_5_6,0,AQU_2019-04-11_5,1177,Pipes,2019-04-11 15:39:53.250,AQU_2019-04-11_5_1177,0.00479772765064761,69.08727816932559,0.55,3
2328407,AQU,2019-11-09,4,1A,235,40.6735835890245,-73.831021117839,650,D,FT ,72,CLM,28000.0,125,120,Hector Rafael Diaz Jr.,170,2,AQU_2019-11-09_4_1A,0,AQU_2019-11-09_4,1861,Elios Milos,2019-11-09 13:25:58.750,AQU_2019-11-09_4_1861,0.004419710129771117,63.643825868704084,0.73,3
2467176,SAR,2019-08-21,10,16,171,43.0735515746457,-73.7675985682899,550,D,SY ,54,CLM,52000.0,618,122,Irad Ortiz Jr.,940,1,SAR_2019-08-21_10_16,1,SAR_2019-08-21_10,1507,Queen Kahen,2019-08-21 18:18:42.750,SAR_2019-08-21_10_1507,0.004894706434742276,70.48377266028876,0.64,3
2731686,AQU,2019-11-01,5,7,119,40.6716883013595,-73.8281408645555,800,D,GD ,54,AOC,70000.0,205,120,Luis Saez,490,6,AQU_2019-11-01_5_7,0,AQU_2019-11-01_5,650,Maiden Beauty,2019-11-01 14:05:29.750,AQU_2019-11-01_5_650,0.005104381229098503,73.50308969901845,0.31,2
1088691,BEL,2019-07-06,10,3,468,40.7128806709306,-73.7212886297,1000,D,FT ,72,STK,700000.0,620,121,Joel Rosario,800,8,BEL_2019-07-06_10_3,0,BEL_2019-07-06_10,2974,Rocketry,2019-07-06 18:21:57.000,BEL_2019-07-06_10_2974,0.0032989437993523676,47.504790710674094,1.0,4
3234502,BEL,2019-05-11,11,2,15,40.7164435718547,-73.7210928315955,600,T,FM ,164,MSW,62000.0,657,118,Rajiv Maragh,2230,6,BEL_2019-05-11_11_2,0,BEL_2019-05-11_11,147,Top of the Mint,2019-05-11 18:57:03.750,BEL_2019-05-11_11_147,0.0034774853873170875,50.07578957736606,0.04,1
1627019,AQU,2019-02-18,2,4,441,40.6710700107555,-73.8321525203659,900,D,FT ,96,CLM,28000.0,121,117,Reylu Gutierrez,235,5,AQU_2019-02-18_2_4,0,AQU_2019-02-18_2,499,Call Me,2019-02-18 13:22:50.250,AQU_2019-02-18_2_499,0.003372357065315078,48.56194174053712,0.88,4
196822,AQU,2019-03-30,8,7,266,40.674867399252,-73.8304039286893,800,D,FT ,54,SST,60000.0,521,118,Dylan Davis,1450,4,AQU_2019-03-30_8_7,0,AQU_2019-03-30_8,524,Daddy D T,2019-03-30 17:22:06.500,AQU_2019-03-30_8_524,0.004465746075768116,64.30674349106087,0.63,3
3231191,SAR,2019-07-17,4,1A,332,43.0718407140218,-73.771945803171,700,D,SY ,30,CLM,65000.0,251,118,Irad Ortiz Jr.,395,5,SAR_2019-07-17_4_1A,0,SAR_2019-07-17_4,3025,Jemography,2019-07-17 14:52:23.000,SAR_2019-07-17_4_3025,0.0035823186390294753,51.58538840202444,1.0,4
2092282,SAR,2019-08-24,10,2,386,43.071553684895,-73.7663384096442,1200,I,FM ,162,STK,850000.0,451,118,Dylan Davis,7725,8,SAR_2019-08-24_10_2,0,SAR_2019-08-24_10,742,Tiz Morning,2019-08-24 16:52:36.500,SAR_2019-08-24_10_742,0.0047424798326579296,68.29170959027418,0.69,3
4744047,AQU,2019-11-10,1,4,174,40.6747359802255,-73.8300681961666,600,O,FM ,58,MSW,70000.0,1201,119,Javier Castellano,295,5,AQU_2019-11-10_1_4,0,AQU_2019-11-10_1,1924,U S Army Corps,2019-11-10 12:01:43.500,AQU_2019-11-10_1_1924,0.005079085820481825,73.13883581493829,0.6,3
1502252,BEL,2019-05-16,4,3,162,40.7148258632056,-73.7273915275396,600,D,FT ,56,AOC,70000.0,438,121,Manuel Franco,450,6,BEL_2019-05-16_4_3,0,BEL_2019-05-16_4,1772,Saratoga Treasure,2019-05-16 16:38:40.500,BEL_2019-05-16_4_1772,0.004685641892080954,67.47324324596573,0.55,3
2583370,AQU,2019-01-06,5,2,352,40.6724620196942,-73.8315809272995,800,D,MY ,54,MCL,35000.0,257,120,Andre Shivnarine Worrie,2050,4,AQU_2019-01-06_5_2,0,AQU_2019-01-06_5,199,Dash for Dollars,2019-01-06 14:58:28.000,AQU_2019-01-06_5_199,0.004326166937658228,62.296803902278484,0.81,4
3852389,AQU,2019-02-15,3,4,176,40.6737053401934,-73.8272466721617,800,D,FT ,54,CLM,50000.0,154,116,Reylu Gutierrez,345,3,AQU_2019-02-15_3_4,0,AQU_2019-02-15_3,827,Saratoga Style,2019-02-15 13:54:44.000,AQU_2019-02-15_3_827,0.004791700629636367,69.00048906676368,0.45,2
3460877,AQU,2019-04-05,1,6,368,40.671632469877,-73.8319363333993,800,D,FT ,54,SOC,60000.0,130,120,Manuel Franco,1200,4,AQU_2019-04-05_1_6,0,AQU_2019-04-05_1,1119,Major Flirt,2019-04-05 13:31:32.000,AQU_2019-04-05_1_1119,0.0038211878051401123,55.02510439401762,0.94,4
2235256,BEL,2019-04-27,9,2,161,40.7170448601225,-73.7270581172254,700,T,YL ,126,STK,125000.0,551,118,Junior Alvarado,930,6,BEL_2019-04-27_9_2,0,BEL_2019-04-27_9,2882,Fixed Point,2019-04-27 17:51:40.250,BEL_2019-04-27_9_2882,0.004873692074922972,70.1811658788908,0.46,2
4377314,AQU,2019-11-08,3,8,208,40.6744684776429,-73.8305668991323,650,D,FT ,44,MCL,35000.0,117,119,Hector Rafael Diaz Jr.,840,2,AQU_2019-11-08_3_8,0,AQU_2019-11-08_3,1799,La Negrita,2019-11-08 13:17:52.000,AQU_2019-11-08_3_1799,0.004554820739694739,65.58941865160423,0.62,3
2923110,SAR,2019-08-22,7,4,142,43.0721171455015,-73.7644384963948,700,D,FT ,32,MSW,78000.0,408,119,Rajiv Maragh,780,5,SAR_2019-08-22_7_4,0,SAR_2019-08-22_7,1370,J J Jen,2019-08-22 16:08:35.500,SAR_2019-08-22_7_1370,0.004959060074951162,71.41046507929673,0.41,2
2479676,AQU,2019-12-30,3,5,32,40.6677085066187,-73.8299538153593,800,D,SY ,54,MSW,68000.0,129,121,Manuel Franco,155,1,AQU_2019-12-30_3_5,1,AQU_2019-12-30_3,2849,High Amplitude,2019-12-30 13:29:08.000,AQU_2019-12-30_3_2849,0.004825800556463983,69.49152801308136,0.07,1
3973886,BEL,2019-04-26,2,4,226,40.7137155131723,-73.724258754238,600,D,SY ,63,CLM,60000.0,223,122,Junior Alvarado,890,1,BEL_2019-04-26_2_4,1,BEL_2019-04-26_2,827,Saratoga Style,2019-04-26 14:23:56.500,BEL_2019-04-26_2_827,0.004454080067999336,64.13875297919044,0.77,4
4297707,BEL,2019-09-28,9,7,306,40.7143124145387,-73.7258574357964,850,T,FM ,166,STK,200000.0,516,120,Irad Ortiz Jr.,250,1,BEL_2019-09-28_9_7,1,BEL_2019-09-28_9,3833,Structor,2019-09-28 17:17:16.500,BEL_2019-09-28_9_3833,0.005115507623215956,73.66330977430977,0.77,4
4010513,BEL,2019-05-11,2,4,18,40.7158530273093,-73.7179501057752,800,D,FT ,52,MSW,80000.0,202,118,Rosario Montanez,1550,3,BEL_2019-05-11_2_4,0,BEL_2019-05-11_2,2994,Muchacho,2019-05-11 14:02:04.500,BEL_2019-05-11_2_2994,0.004659582903883974,67.09799381592923,0.04,1
3052836,SAR,2019-07-14,10,11,181,43.073532895252,-73.7647957659158,700,D,FT ,27,MCL,40000.0,628,119,Luis Saez,410,4,SAR_2019-07-14_10_11,0,SAR_2019-07-14_10,4091,Star of the West,2019-07-14 18:28:45.250,SAR_2019-07-14_10_4091,0.004559977938197363,65.66368231004203,0.52,3
2110693,AQU,2019-02-10,1,1,215,40.6752728900762,-73.8299457623869,700,D,FT ,45,MCL,30000.0,1250,123,Samuel Jimenez,7700,5,AQU_2019-02-10_1_1,0,AQU_2019-02-10_1,605,Sweet Breeze,2019-02-10 12:50:53.750,AQU_2019-02-10_1_605,0.004180250786139672,60.19561132041128,0.62,3
660941,BEL,2019-09-25,7,3,116,40.7166564137109,-73.7277659957066,600,D,FT ,58,AOC,70000.0,411,121,Luis Saez,590,4,BEL_2019-09-25_7_3,0,BEL_2019-09-25_7,347,Manifest Destiny,2019-09-25 16:11:29.000,BEL_2019-09-25_7_347,0.005039230334386055,72.5649168151592,0.41,2
2891035,SAR,2019-07-11,9,4,36,43.0704664937629,-73.768283469177,550,T,YL ,85,STK,100000.0,548,122,Joel Rosario,140,1,SAR_2019-07-11_9_4,1,SAR_2019-07-11_9,4019,Listing,2019-07-11 17:48:09.000,SAR_2019-07-11_9_4019,0.005179630032108468,74.58667246236193,0.13,1
2631873,AQU,2019-02-18,7,1,45,40.6716896805199,-73.8281396346761,600,D,FT ,54,AOC,64000.0,356,120,Eric Cancel,440,4,AQU_2019-02-18_7_1,0,AQU_2019-02-18_7,447,Trance,2019-02-18 15:56:11.250,AQU_2019-02-18_7_447,0.005160552891994915,74.31196164472678,0.15,1
1827021,AQU,2019-12-20,6,3,59,40.6689674256281,-73.8294289026506,800,D,FT ,54,CLM,40000.0,259,125,Reylu Gutierrez,710,5,AQU_2019-12-20_6_3,0,AQU_2019-12-20_6,1287,Variant Perception,2019-12-20 14:59:14.750,AQU_2019-12-20_6_1287,0.004985368256804146,71.78930289797971,0.13,1
4241104,AQU,2019-04-06,1,6,22,40.6709180677583,-73.8284566366617,600,D,FT ,45,MSW,70000.0,100,118,Junior Alvarado,300,1,AQU_2019-04-06_1_6,1,AQU_2019-04-06_1,1299,Mo Gotcha,2019-04-06 13:00:05.500,AQU_2019-04-06_1_1299,0.004782557056621442,68.86882161534876,0.07,1
3180534,BEL,2019-09-07,7,7,71,40.7166329325509,-73.722132416919,700,T,GD ,80,ALW,77000.0,412,120,Javier Castellano,1260,7,BEL_2019-09-07_7_7,0,BEL_2019-09-07_7,68,Tikhvin Flew,2019-09-07 16:12:17.750,BEL_2019-09-07_7_68,0.005288001528223757,76.1472220064221,0.21,1
4367496,BEL,2019-09-14,7,5,47,40.7156217615852,-73.7184359443961,800,T,FM ,108,MSW,75000.0,412,119,Rajiv Maragh,1580,9,BEL_2019-09-14_7_5,0,BEL_2019-09-14_7,3695,Scape,2019-09-14 16:12:11.750,BEL_2019-09-14_7_3695,0.0050531170774520415,72.76488591530939,0.12,1
1226159,AQU,2019-11-10,2,2,243,40.6739478241388,-73.8279248237932,850,T,FM ,88,CLM,38000.0,1228,118,Declan Carroll,1390,8,AQU_2019-11-10_2_2,0,AQU_2019-11-10_2,1934,Star Swept,2019-11-10 12:29:00.750,AQU_2019-11-10_2_1934,0.004885653157449105,70.35340546726711,0.6,3
3979708,AQU,2019-11-09,3,8,71,40.670037071399,-73.8318347350384,850,O,FM ,35,CLM,38000.0,1255,120,Eric Cancel,2370,9,AQU_2019-11-09_3_8,0,AQU_2019-11-09_3,916,Spectator Sport,2019-11-09 12:55:17.750,AQU_2019-11-09_3_916,0.004873953532013717,70.18493086099753,0.17,1
2219977,BEL,2019-05-27,7,5,40,40.7160971597248,-73.718908243191,800,D,FT ,52,STK,200000.0,446,118,Luis Saez,2400,5,BEL_2019-05-27_7_5,0,BEL_2019-05-27_7,3176,Indy's Lady,2019-05-27 16:46:10.000,BEL_2019-05-27_7_3176,0.004989651515458658,71.85098182260467,0.1,1
4486754,BEL,2019-09-15,8,6,19,40.7171019811837,-73.7225198268264,600,D,FT ,63,MSW,62000.0,450,119,Luis Saez,1060,7,BEL_2019-09-15_8_6,0,BEL_2019-09-15_8,1634,Ariesberg,2019-09-15 16:50:04.750,BEL_2019-09-15_8_1634,0.004871343593820354,70.1473477510131,0.06,1
3296433,AQU,2019-12-06,10,6,294,40.671458067293,-73.8319956907786,600,D,FT ,48,MCL,33000.0,417,122,Keivan Serrano,10900,9,AQU_2019-12-06_10_6,0,AQU_2019-12-06_10,2633,Aris Gal Suz,2019-12-06 16:18:13.500,AQU_2019-12-06_10_2633,0.0036152824147787986,52.0600667728147,0.95,4
3217042,AQU,2019-04-11,1,6,67,40.6693004896858,-73.8292012731594,800,D,FT ,54,MCL,30000.0,130,115,Kevin Carmona,8175,7,AQU_2019-04-11_1_6,0,AQU_2019-04-11_1,709,Deputy Zapper,2019-04-11 13:30:16.750,AQU_2019-04-11_1_709,0.005026040498703996,72.37498318133754,0.17,1
1055161,SAR,2019-08-07,9,6,56,43.071184148008,-73.7726467002805,900,D,FT ,78,STK,101200.0,507,118,Jose Lezcano,2370,7,SAR_2019-08-07_9_6,0,SAR_2019-08-07_9,986,Twisted Tom,2019-08-07 17:07:14.000,SAR_2019-08-07_9_986,0.004929709317713275,70.98781417507116,0.12,1
3180574,BEL,2019-09-07,7,7,27,40.7160322455286,-73.7195693575762,700,T,GD ,80,ALW,77000.0,412,120,Javier Castellano,1260,7,BEL_2019-09-07_7_7,0,BEL_2019-09-07_7,68,Tikhvin Flew,2019-09-07 16:12:06.750,BEL_2019-09-07_7_68,0.004980375247241979,71.7174035602845,0.08,1
4793863,BEL,2019-10-20,8,3,178,40.7151881087851,-73.7277408994142,650,D,FT ,45,MSW,75000.0,413,119,John R. Velazquez,720,5,BEL_2019-10-20_8_3,0,BEL_2019-10-20_8,1872,Fashion Rules,2019-10-20 16:13:44.500,BEL_2019-10-20_8_1872,0.0047090333800702145,67.81008067301109,0.57,3
1054260,BEL,2019-06-30,7,5,99,40.7166807921639,-73.7211338397507,850,D,FT ,45,STK,100000.0,445,118,Javier Castellano,790,4,BEL_2019-06-30_7_5,0,BEL_2019-06-30_7,986,Twisted Tom,2019-06-30 16:45:24.750,BEL_2019-06-30_7_986,0.004920763682561132,70.8589970288803,0.25,2
397150,BEL,2019-06-07,6,11,342,40.7134119720748,-73.7221408755641,800,T,FM ,74,AOC,97000.0,340,117,Irad Ortiz Jr.,540,6,BEL_2019-06-07_6_11,0,BEL_2019-06-07_6,3274,Zapperini,2019-06-07 15:41:25.500,BEL_2019-06-07_6_3274,0.004613335416807404,66.43203000202662,0.94,4
4382208,AQU,2019-11-22,4,8,96,40.6693972284957,-73.8304984512795,850,O,GD ,45,MSW,70000.0,219,114,Declan Carroll,870,7,AQU_2019-11-22_4_8,0,AQU_2019-11-22_4,2368,Love of My Heart,2019-11-22 14:19:24.000,AQU_2019-11-22_4_2368,0.004780697917065593,68.84205000574454,0.23,1
337228,BEL,2019-10-19,9,7,40,40.7136753866557,-73.7180525485463,850,I,FM ,76,STK,200000.0,448,123,Junior Alvarado,700,4,BEL_2019-10-19_9_7,0,BEL_2019-10-19_9,3172,Munchkin Money,2019-10-19 16:48:10.000,BEL_2019-10-19_9_3172,0.004843249612906943,69.74279442585998,0.1,1
998904,BEL,2019-05-11,9,2,160,40.7147998887505,-73.7273922573295,600,D,FT ,52,STK,150000.0,553,124,Rajiv Maragh,330,5,BEL_2019-05-11_9_2,0,BEL_2019-05-11_9,511,Skyler's Scramjet,2019-05-11 17:53:40.000,BEL_2019-05-11_9_511,0.0050214477723880884,72.30884792238848,0.57,3
2101033,AQU,2019-01-06,6,5,23,40.6700888233699,-73.8288389118267,650,D,MY ,32,CLM,36000.0,327,124,Charlie Amaro,4375,7,AQU_2019-01-06_6_5,0,AQU_2019-01-06_6,210,Fingerpaint,2019-01-06 15:27:05.750,AQU_2019-01-06_6_210,0.004671823459332797,67.27425781439227,0.07,1
1508032,BEL,2019-05-04,9,2,104,40.7176365543439,-73.7247955210593,700,D,SY ,45,ALW,66000.0,421,123,Samuel Camacho Jr.,11750,8,BEL_2019-05-04_9_2,0,BEL_2019-05-04_9,236,Scrutinize,2019-05-04 16:21:26.000,BEL_2019-05-04_9_236,0.005185249596492972,74.66759418949879,0.3,2
4070420,AQU,2019-04-19,8,7,39,40.6716622717269,-73.8281263582208,600,D,FT ,48,SOC,55000.0,516,118,Hector Rafael Diaz Jr.,3250,5,AQU_2019-04-19_8_7,0,AQU_2019-04-19_8,566,Ventus,2019-04-19 17:16:09.750,AQU_2019-04-19_8_566,0.005350025526405213,77.04036758023507,0.13,1
4287033,BEL,2019-09-26,1,5,127,40.7168246310331,-73.7227013559388,800,T,FM ,168,MCL,46000.0,102,112,Benjamin Hernandez,3225,3,BEL_2019-09-26_1_5,0,BEL_2019-09-26_1,1842,Shine Like Bobby,2019-09-26 13:02:31.750,BEL_2019-09-26_1_1842,0.004604358956421196,66.30276897246522,0.33,2
4077836,BEL,2019-06-12,6,5,164,40.7167802278286,-73.7273659938805,700,T,FM ,126,MCL,41000.0,412,118,Eric Cancel,790,6,BEL_2019-06-12_6_5,0,BEL_2019-06-12_6,1305,Pretty Spectacular,2019-06-12 16:12:41.000,BEL_2019-06-12_6_1305,0.004793823488210154,69.03105823022621,0.49,2
1571642,AQU,2019-01-04,7,5,412,40.6715577343449,-73.8319645682444,900,D,FT ,98,AOC,67000.0,359,119,Eric Cancel,190,1,AQU_2019-01-04_7_5,1,AQU_2019-01-04_7,100,Gio d'Oro,2019-01-04 16:00:43.000,AQU_2019-01-04_7_100,0.003966661294154991,57.11992263583187,0.94,4
3172231,AQU,2019-11-27,6,4,315,40.6745345932383,-73.8298872201447,850,T,YL ,198,MSW,62000.0,250,121,Jose Lezcano,780,7,AQU_2019-11-27_6_4,0,AQU_2019-11-27_6,2475,Kingfish,2019-11-27 14:51:18.750,AQU_2019-11-27_6_2475,0.0047215431919372134,67.99022196389588,0.76,4
770883,AQU,2019-04-18,5,2,297,40.6745813154778,-73.8297628916505,850,T,FM ,82,MCL,41000.0,338,126,Junior Alvarado,265,1,AQU_2019-04-18_5_2,1,AQU_2019-04-18_5,1511,Letterman,2019-04-18 15:39:14.250,AQU_2019-04-18_5_1511,0.005272161427295186,75.91912455305068,0.74,3
297960,AQU,2019-02-10,7,3,215,40.6750760718008,-73.830187341159,700,D,FT ,45,CLM,55000.0,359,117,Reylu Gutierrez,1740,5,AQU_2019-02-10_7_3,0,AQU_2019-02-10_7,525,Scarf It Down,2019-02-10 15:59:53.750,AQU_2019-02-10_7_525,0.004443639073358431,63.988402656361416,0.65,3
3616618,BEL,2019-09-29,6,9,5,40.7159245307138,-73.7202288451831,600,I,FM ,102,MSW,62000.0,339,116,Benjamin Hernandez,3625,8,BEL_2019-09-29_6_9,0,BEL_2019-09-29_6,1616,Fight On Lucy,2019-09-29 15:39:01.250,BEL_2019-09-29_6_1616,0.002907575768402644,41.869091064998074,0.01,1
1882103,BEL,2019-07-06,1,1,161,40.7147791645359,-73.7273427899408,600,D,FT ,65,CLM,36000.0,102,123,Jose L. Ortiz,340,5,BEL_2019-07-06_1_1,0,BEL_2019-07-06_1,1572,Eight Oaks,2019-07-06 13:02:40.250,BEL_2019-07-06_1_1572,0.004688073566708194,67.508259360598,0.56,3
5141924,AQU,2019-01-20,7,3,261,40.6750783068553,-73.8274581052237,900,D,SY ,101,STK,100000.0,339,119,Manuel Franco,720,6,AQU_2019-01-20_7_3,0,AQU_2019-01-20_7,579,Sexy Reasons (ARG),2019-01-20 15:40:05.250,AQU_2019-01-20_7_579,0.004321381859629025,62.22789877865796,0.51,3
3547431,BEL,2019-05-23,7,7,341,40.7172234027018,-73.7259373656999,1100,I,GD ,235,MSW,90000.0,625,116,Irad Ortiz Jr.,1930,7,BEL_2019-05-23_7_7,0,BEL_2019-05-23_7,773,Team Win,2019-05-23 18:26:25.250,BEL_2019-05-23_7_773,0.0045163162742791925,65.03495434962038,0.65,3
1934012,BEL,2019-09-21,11,10,311,40.7139095226448,-73.7242264712527,800,T,FM ,142,ALW,66000.0,625,124,Javier Castellano,230,3,BEL_2019-09-21_11_10,0,BEL_2019-09-21_11,1293,Star of the East,2019-09-21 18:26:17.750,BEL_2019-09-21_11_1293,0.004898843718042648,70.54334953981413,0.82,4
374962,AQU,2019-03-15,8,2,267,40.6747651413617,-73.8304328449043,800,D,FT ,54,AOC,67000.0,524,121,Manuel Franco,285,1,AQU_2019-03-15_8_2,1,AQU_2019-03-15_8,359,Vincento,2019-03-15 17:25:06.750,AQU_2019-03-15_8_359,0.00455322596180518,65.56645384999459,0.7,3
4500177,SAR,2019-08-01,3,4,210,43.072863731181,-73.7693065571609,550,D,FT ,54,MCL,52000.0,212,119,Jevian Toledo,3200,9,SAR_2019-08-01_3_4,0,SAR_2019-08-01_3,3502,Determined Force,2019-08-01 14:12:52.500,SAR_2019-08-01_3_3502,0.004523823629144405,65.14306025967943,0.79,4
1780263,SAR,2019-08-24,9,2,241,43.0721562869258,-73.7644134469853,900,D,FT ,78,STK,700000.0,414,118,Luis Saez,3750,5,SAR_2019-08-24_9_2,0,SAR_2019-08-24_9,4563,Coach Rocks,2019-08-24 16:15:00.250,SAR_2019-08-24_9_4563,0.004824199739099551,69.46847624303354,0.58,3
368838,SAR,2019-08-16,5,7,1,43.0695581483478,-73.7698280255928,600,D,FT ,55,AOC,95000.0,311,124,Tyler Gaffalione,240,4,SAR_2019-08-16_5_7,0,SAR_2019-08-16_5,1134,Do Share,2019-08-16 15:11:00.250,SAR_2019-08-16_5_1134,0.0,0.0,0.0,1
4658704,BEL,2019-10-05,7,8,30,40.7160267314912,-73.7186122698025,800,D,FT ,72,MSW,75000.0,342,119,Jose Lezcano,420,1,BEL_2019-10-05_7_8,1,BEL_2019-10-05_7,3884,Sonneman,2019-10-05 15:42:07.500,BEL_2019-10-05_7_3884,0.004957134989854452,71.38274385390412,0.07,1
5106914,AQU,2019-04-11,4,9,228,40.672569743485,-73.8311506292976,600,O,FM ,47,MSW,70000.0,306,118,Joe Bravo,1880,5,AQU_2019-04-11_4_9,0,AQU_2019-04-11_4,1388,Nymphesa (GER),2019-04-11 15:06:57.000,AQU_2019-04-11_4_1388,0.004815870739828734,69.34853865353377,0.82,4
4496580,SAR,2019-08-10,3,3,321,43.0730249494336,-73.7683298999461,850,T,FM ,20,MSW,90000.0,211,119,Dylan Davis,5300,7,SAR_2019-08-10_3_3,0,SAR_2019-08-10_3,3568,City Guy,2019-08-10 14:12:20.250,SAR_2019-08-10_3_3568,0.00471388499353908,67.87994390696275,0.8,4
4283666,AQU,2019-11-30,1,7,135,40.6753032751635,-73.8281090280609,600,O,GD ,52,MSW,70000.0,1151,119,Irad Ortiz Jr.,520,4,AQU_2019-11-30_1_7,0,AQU_2019-11-30_1,2533,Toastnjam,2019-11-30 11:51:33.750,AQU_2019-11-30_1_2533,0.00482462677818489,69.47462560586241,0.47,2
4589346,AQU,2019-11-03,9,10,74,40.6696775559458,-73.8290272839539,800,D,FT ,54,STK,150000.0,351,118,Joe Bravo,190,5,AQU_2019-11-03_9_10,0,AQU_2019-11-03_9,1730,Ashaar,2019-11-03 15:51:18.500,AQU_2019-11-03_9_1730,0.005420453790177842,78.05453457856092,0.19,1
2168150,BEL,2019-04-27,10,10,16,40.7170440804224,-73.7221431368384,600,D,FT ,54,CLM,28000.0,624,123,Jose L. Ortiz,250,2,BEL_2019-04-27_10_10,0,BEL_2019-04-27_10,837,Curlin Creek,2019-04-27 18:24:04.000,BEL_2019-04-27_10_837,0.003936689131208019,56.688323489395465,0.05,1
785308,BEL,2019-06-12,8,11,198,40.7151219677116,-73.7273300946614,700,T,FM ,126,AOC,70000.0,518,121,Luis Saez,255,6,BEL_2019-06-12_8_11,0,BEL_2019-06-12_8,2072,High Jingo,2019-06-12 17:18:49.500,BEL_2019-06-12_8_2072,0.005013104028207472,72.1886980061876,0.62,3
3194126,AQU,2019-01-12,1,2,46,40.6709319739682,-73.8285327437029,650,D,FT ,32,MCL,35000.0,1228,122,Luis R. Reyes,650,1,AQU_2019-01-12_1_2,1,AQU_2019-01-12_1,314,Gypsy Mama,2019-01-12 12:28:11.500,AQU_2019-01-12_1_314,0.0052118689510582145,75.05091289523828,0.14,1
3065004,BEL,2019-07-06,7,9,183,40.7158470623834,-73.7204858715979,1000,I,FM ,38,STK,750000.0,430,121,Jose L. Ortiz,355,3,BEL_2019-07-06_7_9,0,BEL_2019-07-06_7,3229,Cambier Parc,2019-07-06 16:30:45.750,BEL_2019-07-06_7_3229,0.004789044271324158,68.96223750706787,0.4,2
1978163,AQU,2019-01-26,10,4,364,40.672306755444,-73.8316675661155,800,D,FT ,54,MCL,33000.0,449,123,Hector Rafael Diaz Jr.,5200,12,AQU_2019-01-26_10_4,0,AQU_2019-01-26_10,696,Tough Gold,2019-01-26 16:50:31.000,AQU_2019-01-26_10_696,0.0035973347921965785,51.80162100763073,0.89,4
1067629,AQU,2019-01-11,8,6,258,40.6732925838216,-73.8311404444382,650,D,FT ,33,MCL,33000.0,429,123,Harry Hernandez,2725,2,AQU_2019-01-11_8_6,0,AQU_2019-01-11_8,303,Wanna Be Regal,2019-01-11 16:30:04.500,AQU_2019-01-11_8_303,0.004550342456637936,65.52493137558629,0.69,3
1190505,AQU,2019-04-20,4,7,332,40.6715773230555,-73.8319476101283,700,D,SY ,44,CLM,38000.0,306,126,Manuel Franco,60,6,AQU_2019-04-20_4_7,0,AQU_2019-04-20_4,205,Parlapiano,2019-04-20 15:07:23.000,AQU_2019-04-20_4_205,0.0025801537261917495,37.15421365716119,0.95,4
1311303,AQU,2019-11-14,2,1,208,40.673310333964,-73.8307852880504,600,O,FM ,44,CLM,44000.0,1250,124,Jorge A. Vargas Jr.,2400,6,AQU_2019-11-14_2_1,0,AQU_2019-11-14_2,2055,Kickin Kimberly,2019-11-14 12:50:52.000,AQU_2019-11-14_2_2055,0.004998009990226078,71.97134385925551,0.76,4
4503149,BEL,2019-10-26,9,8,57,40.7158858452848,-73.7191461067795,800,T,GD ,144,STK,100000.0,519,120,Luis Saez,850,10,BEL_2019-10-26_9_8,0,BEL_2019-10-26_9,3734,Get Smokin,2019-10-26 17:19:14.250,BEL_2019-10-26_9_3734,0.0052399807062934785,75.45572217062609,0.15,1
1224042,AQU,2019-04-05,2,4,111,40.6747152161987,-73.827225284538,600,D,FT ,48,MSW,70000.0,201,125,Junior Alvarado,170,1,AQU_2019-04-05_2_4,1,AQU_2019-04-05_2,969,Cadeau de Paix,2019-04-05 14:01:27.750,AQU_2019-04-05_2_969,0.004672628589717928,67.28585169193816,0.37,2
2408926,BEL,2019-04-27,4,2,134,40.7160701177762,-73.7279305431764,600,D,FT ,54,MSW,62000.0,309,112,Heman K. Harkie,970,4,BEL_2019-04-27_4_2,0,BEL_2019-04-27_4,85,Irish Banker,2019-04-27 15:09:33.500,BEL_2019-04-27_4_85,0.00506073676655066,72.87460943832951,0.45,2
2860087,AQU,2019-01-05,3,1,58,40.66902740523,-73.829381015178,800,D,SY ,54,MSW,60000.0,126,120,Dylan Davis,180,5,AQU_2019-01-05_3_1,0,AQU_2019-01-05_3,129,Winifred J,2019-01-05 13:26:14.500,AQU_2019-01-05_3_129,0.005028920464675155,72.41645469132223,0.14,1
4532756,AQU,2019-11-10,6,5,206,40.674787040568,-73.830406932862,650,D,FT ,56,MSW,62000.0,223,119,Irad Ortiz Jr.,720,3,AQU_2019-11-10_6_5,0,AQU_2019-11-10_6,1953,Princess Corey,2019-11-10 14:23:51.500,AQU_2019-11-10_6_1953,0.004412858807971725,63.54516683479284,0.62,3
826370,BEL,2019-05-18,10,2,294,40.7129921804517,-73.7215703528041,650,D,FT ,40,AOC,70000.0,457,123,Kendrick Carmouche,620,2,BEL_2019-05-18_10_2,0,BEL_2019-05-18_10,43,Fair Regis,2019-05-18 16:58:13.500,BEL_2019-05-18_10_43,0.0037198219806867526,53.56543652188924,0.98,4
918402,BEL,2019-09-08,4,2,176,40.7157462623644,-73.7279450960741,700,D,FT ,54,CLM,36000.0,233,116,Joey R. Martinez,175,2,BEL_2019-09-08_4_2,0,BEL_2019-09-08_4,788,Sir Ballantine,2019-09-08 14:33:44.000,BEL_2019-09-08_4_788,0.0053325191755995375,76.78827612863334,0.53,3
979030,SAR,2019-08-11,2,2,56,43.0722594054402,-73.7692908495211,900,I,FM ,63,STR,75000.0,134,119,Jose Lezcano,190,1,SAR_2019-08-11_2_2,1,SAR_2019-08-11_2,4438,Dontblamerocket,2019-08-11 13:34:14.000,SAR_2019-08-11_2_4438,0.0051689412728618475,74.43275432921061,0.13,1
4651074,BEL,2019-10-11,4,8,191,40.7144629054569,-73.7261081928159,600,T,GD ,101,MSW,62000.0,257,119,Dylan Davis,1050,6,BEL_2019-10-11_4_8,0,BEL_2019-10-11_4,2156,Impazible Girl,2019-10-11 14:57:47.750,BEL_2019-10-11_4_2156,0.004736087682580577,68.19966262916031,0.67,3
10556,AQU,2019-02-16,5,3,264,40.6714607723275,-73.8320183505133,600,D,FT ,48,CLM,16000.0,300,121,Hector Rafael Diaz Jr.,40,3,AQU_2019-02-16_5_3,0,AQU_2019-02-16_5,348,Spartiatis,2019-02-16 15:01:06.000,AQU_2019-02-16_5_348,0.004324106649612608,62.26713575442155,0.92,4
2029443,AQU,2019-01-13,8,2,164,40.6753710545062,-73.8297656705934,600,D,FT ,48,CLM,28000.0,430,125,Eric Cancel,540,2,AQU_2019-01-13_8_2,0,AQU_2019-01-13_8,183,Thefinalcrazydude,2019-01-13 16:30:41.000,AQU_2019-01-13_8_183,0.004751504837748115,68.42166966357286,0.54,3
2374384,BEL,2019-05-27,2,8,10,40.7167467250019,-73.7211688383333,650,D,FT ,44,ALW,66000.0,202,120,Jose L. Ortiz,245,1,BEL_2019-05-27_2_8,1,BEL_2019-05-27_2,2142,Kept True,2019-05-27 14:02:02.500,BEL_2019-05-27_2_2142,0.004549639222687332,65.51480480669758,0.03,1
1396171,AQU,2019-11-11,10,13,192,40.6742488491531,-73.8303124389869,600,O,FM ,56,MCL,41000.0,421,119,Declan Carroll,4800,11,AQU_2019-11-11_10_13,0,AQU_2019-11-11_10,2044,Molly's Nighthawk,2019-11-11 16:21:48.000,AQU_2019-11-11_10_2044,0.004744550505214446,68.32152727508802,0.66,3
3354059,BEL,2019-04-26,7,5,199,40.7143741919197,-73.7266795622551,650,D,SY ,48,ALW,82000.0,509,120,Javier Castellano,245,3,BEL_2019-04-26_7_5,0,BEL_2019-04-26_7,2144,Break Curfew,2019-04-26 17:09:49.750,BEL_2019-04-26_7_2144,0.004688727504579639,67.5176760659468,0.6,3
34003,BEL,2019-05-04,7,5,210,40.7172837370112,-73.7271713039522,850,D,SY ,44,CLM,50000.0,312,124,Emmanuel Esquivel,395,6,BEL_2019-05-04_7_5,0,BEL_2019-05-04_7,463,Poshsky,2019-05-04 15:12:52.500,BEL_2019-05-04_7_463,0.00475216682365565,68.43120226064136,0.52,3
3073757,SAR,2019-08-03,11,12,249,43.0716932255486,-73.7716187077074,550,T,FM ,90,ALW,80000.0,657,120,Manuel Franco,330,7,SAR_2019-08-03_11_12,0,SAR_2019-08-03_11,3168,Veterans Beach,2019-08-03 18:58:02.250,SAR_2019-08-03_11_3168,0.004173457838424466,60.097792873312315,0.99,4
2253841,AQU,2019-11-20,5,1,387,40.6709325516822,-73.8322318337227,800,D,FT ,54,CLM,28000.0,220,117,Heman K. Harkie,690,5,AQU_2019-11-20_5_1,0,AQU_2019-11-20_5,858,Bad Guy,2019-11-20 14:21:36.750,AQU_2019-11-20_5_858,0.0036023339958590364,51.873609540370126,0.98,4
2721427,AQU,2019-12-13,1,1,316,40.6732413474573,-73.831163948098,800,D,GD ,54,MSW,60000.0,1231,121,Dylan Davis,320,1,AQU_2019-12-13_1_1,1,AQU_2019-12-13_1,2729,Freddymo Factor,2019-12-13 12:32:19.000,AQU_2019-12-13_1_2729,0.004113899798922951,59.24015710449049,0.8,4
4450231,SAR,2019-07-26,2,2,58,43.0699772428218,-73.7689671650941,700,D,MY ,32,MSW,78000.0,137,119,Luis Saez,510,4,SAR_2019-07-26_2_2,0,SAR_2019-07-26_2,3855,Kobe,2019-07-26 13:37:14.500,SAR_2019-07-26_2_3855,0.005083121656327314,73.19695185111333,0.17,1
21463,SAR,2019-08-03,9,1,21,43.0721534531975,-73.7710388958572,900,D,FT ,77,STK,1000000.0,546,118,Jose A. Bracho,8800,7,SAR_2019-08-03_9_1,0,SAR_2019-08-03_9,4350,Imperative,2019-08-03 17:46:05.250,SAR_2019-08-03_9_4350,0.004096304371908935,58.98678295548867,0.05,1
3614787,BEL,2019-05-03,1,3,178,40.7176806795537,-73.72606612519,850,D,FT ,45,MSW,80000.0,130,118,Jose Lezcano,1040,2,BEL_2019-05-03_1_3,0,BEL_2019-05-03_1,2917,Triumphant,2019-05-03 13:30:44.500,BEL_2019-05-03_1_2917,0.004923517005793871,70.89864488343174,0.41,2
1175028,BEL,2019-05-31,9,4,139,40.7155277044324,-73.7278748814998,600,D,FT ,54,CLM,50000.0,551,123,Irad Ortiz Jr.,185,5,BEL_2019-05-31_9_4,0,BEL_2019-05-31_9,1498,We Should Talk,2019-05-31 17:51:34.750,BEL_2019-05-31_9_1498,0.005073010459031358,73.05135061005156,0.5,2
2954647,BEL,2019-09-07,10,2,463,40.714430419696,-73.7258165255779,1200,T,GD ,63,STK,1000000.0,547,122,Junior Alvarado,3725,6,BEL_2019-09-07_10_2,0,BEL_2019-09-07_10,3636,Current,2019-09-07 17:48:55.750,BEL_2019-09-07_10_3636,0.005089831359253729,73.2935715732537,0.84,4
3891681,AQU,2019-01-04,2,2,124,40.6738357959847,-73.827210672543,700,D,FT ,45,MSW,68000.0,122,120,Luis R. Reyes,165,3,AQU_2019-01-04_2_2,0,AQU_2019-01-04_2,70,Spun to Run,2019-01-04 13:22:31.000,AQU_2019-01-04_2_70,0.005106080047888565,73.52755268959534,0.37,2
3841893,BEL,2019-06-22,6,7,64,40.7177135695355,-73.7252875984149,600,D,FT ,45,MSW,62000.0,415,118,Eric Cancel,1450,2,BEL_2019-06-22_6_7,0,BEL_2019-06-22_6,1224,Bassman Dave,2019-06-22 16:15:16.000,BEL_2019-06-22_6_1224,0.005170957821406788,74.46179262825775,0.23,1
5061937,BEL,2019-10-13,7,5,41,40.7139900966439,-73.7243549678005,1200,T,FM ,110,STK,100000.0,440,120,Joel Rosario,220,3,BEL_2019-10-13_7_5,0,BEL_2019-10-13_7,3227,Pillar Mountain (IRE),2019-10-13 16:40:10.250,BEL_2019-10-13_7_3227,0.004580560360060975,65.96006918487804,0.07,1
450560,AQU,2019-11-11,1,3,312,40.674174538659,-73.8299622489907,850,T,FM ,88,CLM,57000.0,1200,121,Dylan Davis,2425,5,AQU_2019-11-11_1_3,0,AQU_2019-11-11_1,504,Annie Rocks,2019-11-11 12:01:18.000,AQU_2019-11-11_1_504,0.004988443826504056,71.8335911016584,0.77,4
2102601,BEL,2019-05-27,11,11,236,40.7140606527785,-73.7238246559465,600,I,FM ,90,MCL,41000.0,657,124,Tzeonn Chang,9800,12,BEL_2019-05-27_11_11,0,BEL_2019-05-27_11,902,Blessed Honour,2019-05-27 18:57:59.000,BEL_2019-05-27_11_902,0.004682439085360232,67.42712282918734,0.82,4
4573825,AQU,2019-11-23,6,6,12,40.6739603718739,-73.8298543248685,850,T,GD ,162,MSW,70000.0,223,119,Dylan Davis,2875,4,AQU_2019-11-23_6_6,0,AQU_2019-11-23_6,2398,Tapaloof,2019-11-23 14:23:03.000,AQU_2019-11-23_6_2398,0.0031305834946144325,45.080402322447824,0.03,1
4995717,AQU,2019-12-14,9,8,128,40.674708994015,-73.8271930004552,650,D,SY ,52,MCL,41000.0,416,119,Eric Cancel,2170,6,AQU_2019-12-14_9_8,0,AQU_2019-12-14_9,2763,Kilmarknock,2019-12-14 16:16:32.000,AQU_2019-12-14_9_2763,0.0047533884477704985,68.44879364789517,0.39,2
1085472,SAR,2019-08-30,4,1,37,43.0702293045488,-73.7683385057731,600,D,FT ,48,AOC,98000.0,238,120,John R. Velazquez,140,1,SAR_2019-08-30_4_1,1,SAR_2019-08-30_4,2711,Wonderful Light,2019-08-30 14:38:09.250,SAR_2019-08-30_4_2711,0.005210859796681686,75.03638107221627,0.13,1
1722823,AQU,2019-01-27,6,6,269,40.671539917225,-73.8319808672847,600,D,FT ,45,CLM,36000.0,304,117,Reylu Gutierrez,400,6,AQU_2019-01-27_6_6,0,AQU_2019-01-27_6,718,Viradia,2019-01-27 15:05:07.250,AQU_2019-01-27_6_718,0.003893981284139136,56.07333049160356,0.92,4
1246359,AQU,2019-04-13,8,3,253,40.6749809895398,-73.8273574695468,900,D,MY ,85,STK,200000.0,521,118,Rajiv Maragh,480,6,AQU_2019-04-13_8_3,0,AQU_2019-04-13_8,942,Jump Ruler,2019-04-13 17:22:03.250,AQU_2019-04-13_8_942,0.004493974724609844,64.71323603438175,0.58,3
2244189,AQU,2019-02-17,2,4,253,40.675285595944,-73.8299146557851,800,D,FT ,54,CLM,37000.0,125,120,Dylan Davis,690,6,AQU_2019-02-17_2_4,0,AQU_2019-02-17_2,341,Flatexcel,2019-02-17 13:26:03.250,AQU_2019-02-17_2_341,0.004593542207112506,66.14700778242009,0.67,3
3027624,AQU,2019-12-21,5,3,199,40.6740136048925,-73.8308118369958,600,D,FT ,48,ALW,64000.0,234,122,Benjamin Hernandez,305,8,AQU_2019-12-21_5_3,0,AQU_2019-12-21_5,1124,Oh My Papa,2019-12-21 14:34:49.750,AQU_2019-12-21_5_1124,0.004767084066143979,68.6460105524733,0.69,3
2793493,BEL,2019-07-03,6,4,134,40.7168428314213,-73.7276569021551,650,D,FT ,48,STR,55000.0,415,120,Joel Rosario,315,3,BEL_2019-07-03_6_4,0,BEL_2019-07-03_6,2017,Smile Bryan,2019-07-03 16:15:33.500,BEL_2019-07-03_6_2017,0.004959325596052961,71.41428858316264,0.45,2
2091070,BEL,2019-09-19,7,1,16,40.7138217332427,-73.7225738349283,1000,I,FM ,84,AOC,77000.0,608,126,Joe Bravo,1920,7,BEL_2019-09-19_7_1,0,BEL_2019-09-19_7,742,Tiz Morning,2019-09-19 18:08:04.000,BEL_2019-09-19_7_742,0.004224768317219319,60.83666376795819,0.03,1
2766150,BEL,2019-05-09,4,1,190,40.717478982623,-73.7260837346664,800,T,GD ,162,CLM,60000.0,440,118,Jose L. Ortiz,1040,7,BEL_2019-05-09_4_1,0,BEL_2019-05-09_4,1486,Traffic Stop,2019-05-09 16:40:47.500,BEL_2019-05-09_4_1486,0.004987129651575616,71.81466698268888,0.49,2
4240703,BEL,2019-09-11,8,10,168,40.7171014701818,-73.7239933657244,850,T,FM ,90,MSW,62000.0,645,120,Joe Bravo,1830,4,BEL_2019-09-11_8_10,0,BEL_2019-09-11_8,2305,Amos,2019-09-11 18:45:42.000,BEL_2019-09-11_8_2305,0.004833005601101643,69.59528065586366,0.42,2
3532509,BEL,2019-06-27,4,7,167,40.7176999354241,-73.7262037920102,800,D,FT ,52,MCL,33000.0,438,113,Heman K. Harkie,3450,5,BEL_2019-06-27_4_7,0,BEL_2019-06-27_4,3199,Ask Contrition,2019-06-27 16:38:41.750,BEL_2019-06-27_4_3199,0.004583692516731653,66.00517224093579,0.42,2
4945491,BEL,2019-10-19,2,4,163,40.7177268181152,-73.7257451427285,800,D,FT ,78,STK,250000.0,1254,120,Manuel Franco,580,3,BEL_2019-10-19_2_4,0,BEL_2019-10-19_2,3603,Good Credence,2019-10-19 12:54:40.750,BEL_2019-10-19_2_3603,0.004734243006621619,68.1730992953513,0.42,2
1727449,AQU,2019-01-10,2,5,219,40.6733966103922,-73.8273753990825,900,D,FT ,101,MSW,60000.0,122,123,Rajiv Maragh,990,2,AQU_2019-01-10_2_5,0,AQU_2019-01-10_2,234,Golconda,2019-01-10 13:22:54.750,AQU_2019-01-10_2_234,0.00461497973434894,66.45570817462473,0.49,2
4258380,AQU,2019-01-26,2,10,22,40.6699287381676,-73.8288501129081,650,D,FT ,30,MCL,35000.0,1255,122,Hector Rafael Diaz Jr.,1070,1,AQU_2019-01-26_2_10,1,AQU_2019-01-26_2,644,It's Mo Joke,2019-01-26 12:55:05.500,AQU_2019-01-26_2_644,0.005062205937173747,72.89576549530196,0.06,1
1249716,BEL,2019-10-18,7,3,224,40.7139697345012,-73.7252356346133,650,D,FT ,45,AOC,70000.0,444,125,Junior Alvarado,2140,5,BEL_2019-10-18_7_3,0,BEL_2019-10-18_7,857,Light the Posse,2019-10-18 16:44:56.000,BEL_2019-10-18_7_857,0.004633247431187303,66.71876300909716,0.73,3
3304625,BEL,2019-06-12,6,9,285,40.713688571007,-73.7232871615414,700,T,FM ,126,MCL,41000.0,412,118,Manuel Franco,610,2,BEL_2019-06-12_6_9,0,BEL_2019-06-12_6,2274,Mz Seb Pat,2019-06-12 16:13:11.250,BEL_2019-06-12_6_2274,0.004587015978742948,66.05303009389844,0.85,4
4722204,AQU,2019-12-07,5,3,267,40.675408244444,-73.8297560755328,800,D,FT ,54,MSW,70000.0,140,119,Eric Cancel,3625,8,AQU_2019-12-07_5_3,0,AQU_2019-12-07_5,2655,Feeling Dangerous,2019-12-07 13:41:06.750,AQU_2019-12-07_5_2655,0.004389668869985013,63.21123172778419,0.65,3
4795803,SAR,2019-08-15,4,1,105,43.0721404087859,-73.7647958366496,550,T,FM ,90,MSW,90000.0,240,119,Jose Lezcano,1160,3,SAR_2019-08-15_4_1,0,SAR_2019-08-15_4,3996,Buy Land and See,2019-08-15 14:40:26.250,SAR_2019-08-15_4_3996,0.0053825252225372325,77.50836320453615,0.4,2
4330742,BEL,2019-09-06,2,3,309,40.7129258418086,-73.7212991350083,600,D,SY ,76,MSW,62000.0,335,119,Manuel Franco,1720,6,BEL_2019-09-06_2_3,0,BEL_2019-09-06_2,2213,All Over the Map,2019-09-06 15:36:17.250,BEL_2019-09-06_2_2213,0.003261016184943949,46.95863306319286,0.99,4
3622822,BEL,2019-06-19,2,3,33,40.7172440643334,-73.7232300369169,600,D,GD ,66,MSW,62000.0,202,118,Dylan Davis,880,2,BEL_2019-06-19_2_3,0,BEL_2019-06-19_2,1108,Lookbothways,2019-06-19 14:02:08.250,BEL_2019-06-19_2_1108,0.005156366250114019,74.25167400164187,0.11,1
3646199,AQU,2019-02-03,6,2,271,40.6722562588846,-73.8316260686162,650,D,FT ,36,MSW,60000.0,326,120,Joel Sone,7900,8,AQU_2019-02-03_6_2,0,AQU_2019-02-03_6,272,Tripp Road,2019-02-03 15:27:07.750,AQU_2019-02-03_6_272,0.0044702981831936175,64.3722938379881,0.81,4
976420,AQU,2019-12-14,7,6,160,40.675381004869,-73.8298375579832,600,D,SY ,48,ALW,70000.0,319,122,Jorge A. Vargas Jr.,530,2,AQU_2019-12-14_7_6,0,AQU_2019-12-14_7,221,Sicilia Mike,2019-12-14 15:19:40.000,AQU_2019-12-14_7_221,0.004797824885683988,69.08867835384943,0.56,3
1277966,BEL,2019-06-02,2,8,165,40.7170139766782,-73.7234953096167,850,T,FM ,170,MCL,41000.0,205,118,Benjamin Hernandez,1080,3,BEL_2019-06-02_2_8,0,BEL_2019-06-02_2,2044,Molly's Nighthawk,2019-06-02 14:05:41.250,BEL_2019-06-02_2_2044,0.0045414942199393125,65.3975167671261,0.39,2
5127961,BEL,2019-06-01,8,3,348,40.7144410299356,-73.7253267473713,900,I,GD ,246,STK,200000.0,518,117,Javier Castellano,520,1,BEL_2019-06-01_8_3,1,BEL_2019-06-01_8,3211,Demarchelier (GB),2019-06-01 17:19:27.000,BEL_2019-06-01_8_3211,0.005352204090979453,77.07173891010413,0.81,4
125319,AQU,2019-01-11,4,1,26,40.6674397054813,-73.830100370552,800,D,FT ,54,AOC,70000.0,227,125,Carlos J. Hernandez,3525,3,AQU_2019-01-11_4_1,0,AQU_2019-01-11_4,275,Not About the Nail,2019-01-11 14:27:06.500,AQU_2019-01-11_4_275,0.0044624693934150125,64.25955926517618,0.06,1
4596956,AQU,2019-12-06,9,10,361,40.6724392389589,-73.8308811106196,850,T,YL ,96,STK,100000.0,346,118,Jose Lezcano,250,1,AQU_2019-12-06_9_10,1,AQU_2019-12-06_9,2628,Pixelate,2019-12-06 15:47:30.250,AQU_2019-12-06_9_2628,0.004807906870212423,69.23385893105889,0.87,4
4184005,SAR,2019-08-24,11,4,369,43.0735094333236,-73.7676828280755,1000,D,FT ,65,STK,1250000.0,550,126,Ricardo Santana Jr.,5225,9,SAR_2019-08-24_11_4,0,SAR_2019-08-24_11,4248,Laughing Fox,2019-08-24 17:51:32.250,SAR_2019-08-24_11_4248,0.0044869196950616105,64.61164360888719,0.79,4
3272431,SAR,2019-07-31,8,8,37,43.070519726715,-73.7679691601159,550,T,GD ,58,ALW,80000.0,516,120,Junior Alvarado,1620,12,SAR_2019-07-31_8_8,0,SAR_2019-07-31_8,1109,Tzipi,2019-07-31 17:16:09.250,SAR_2019-07-31_8_1109,0.005358571000847898,77.16342241220973,0.14,1
5050686,AQU,2019-11-23,2,10,198,40.6743544023488,-73.8303208040133,600,O,GD ,58,MSW,62000.0,1228,119,John R. Velazquez,260,7,AQU_2019-11-23_2_10,0,AQU_2019-11-23_2,2384,Magnetique,2019-11-23 12:28:49.500,AQU_2019-11-23_2_2384,0.0045267352677741905,65.18498785594834,0.67,3
2347752,SAR,2019-08-24,6,1,245,43.0731692573809,-73.7684678294871,700,D,FT ,32,STK,500000.0,224,120,David Cohen,1220,3,SAR_2019-08-24_6_1,0,SAR_2019-08-24_6,4104,Special Relativity,2019-08-24 14:25:01.250,SAR_2019-08-24_6_4104,0.00461127435989513,66.40235078248986,0.77,4
2089100,BEL,2019-10-14,8,7,385,40.7137933699291,-73.7225132042117,900,I,FM ,138,STK,200000.0,511,124,Javier Castellano,110,4,BEL_2019-10-14_8_7,0,BEL_2019-10-14_8,3586,Catholic Boy,2019-10-14 17:12:36.250,BEL_2019-10-14_8_3586,0.004889753955107804,70.41245695355238,0.93,4
129585,BEL,2019-06-09,6,5,239,40.7139981360313,-73.723055860456,600,I,FM ,112,CLM,60000.0,412,125,Eric Cancel,290,2,BEL_2019-06-09_6_5,0,BEL_2019-06-09_6,1546,Spectrolite,2019-06-09 16:12:59.750,BEL_2019-06-09_6_1546,0.0046881364569004115,67.50916497936592,0.85,4
749850,BEL,2019-10-04,6,3,169,40.7173415747546,-73.7250692727679,800,T,GD ,76,AOC,70000.0,405,122,Jose Lezcano,480,1,BEL_2019-10-04_6_3,1,BEL_2019-10-04_6,2036,Out of Trouble,2019-10-04 16:05:42.250,BEL_2019-10-04_6_2036,0.004985659771877229,71.7935007150321,0.46,2
3331482,BEL,2019-09-14,10,3,231,40.7157882965639,-73.7276895044068,800,T,FM ,108,STK,200000.0,553,122,Dylan Davis,1740,7,BEL_2019-09-14_10_3,0,BEL_2019-09-14_10,1468,Eyeinthesky,2019-09-14 17:53:57.750,BEL_2019-09-14_10_1468,0.005039356471983954,72.56673319656893,0.63,3
3690010,BEL,2019-06-09,10,8,162,40.7169538610802,-73.7271748724104,700,T,FM ,90,MCL,41000.0,625,118,Luis Saez,560,8,BEL_2019-06-09_10_8,0,BEL_2019-06-09_10,991,Bobby Man,2019-06-09 18:25:40.500,BEL_2019-06-09_10_991,0.005093987819609279,73.35342460237362,0.48,2
1845592,BEL,2019-10-20,5,6,163,40.7177228395282,-73.7259416350757,800,D,FT ,72,STR,55000.0,243,121,Dylan Davis,500,1,BEL_2019-10-20_5_6,1,BEL_2019-10-20_5,358,Allured,2019-10-20 14:43:40.750,BEL_2019-10-20_5_358,0.004825899915719251,69.49295878635722,0.42,2
2417863,SAR,2019-07-27,6,8,333,43.0709179799818,-73.7730228941639,600,D,FT ,45,ALW,80000.0,358,113,Joey R. Martinez,7675,7,SAR_2019-07-27_6_8,0,SAR_2019-07-27_6,212,Quietude,2019-07-27 15:59:23.250,SAR_2019-07-27_6_212,0.002828048258065438,40.72389491614231,1.0,4
3001727,BEL,2019-10-26,3,1,161,40.7147199147282,-73.7272882707677,600,D,FT ,68,WCL,36000.0,153,114,Heman K. Harkie,3000,1,BEL_2019-10-26_3_1,1,BEL_2019-10-26_3,779,Wailin Josie,2019-10-26 13:53:40.250,BEL_2019-10-26_3_779,0.005135737896998318,73.95462571677578,0.54,3
136500,BEL,2019-06-14,4,1,301,40.7147512293273,-73.7260298508159,850,I,GD ,54,CLM,50000.0,308,124,Luis Saez,195,2,BEL_2019-06-14_4_1,0,BEL_2019-06-14_4,1314,Tiz a Chance,2019-06-14 15:09:15.250,BEL_2019-06-14_4_1314,0.004955237768449186,71.35542386566827,0.77,4
2942099,AQU,2019-11-02,9,2,358,40.6732319401319,-73.8312025567461,900,D,FT ,76,STK,150000.0,430,117,Luis R. Reyes,1710,7,AQU_2019-11-02_9_2,0,AQU_2019-11-02_9,1664,Jeltrin,2019-11-02 16:31:29.500,AQU_2019-11-02_9_1664,0.004299559400068554,61.913655360987185,0.84,4
1761889,AQU,2019-03-16,1,2,371,40.6708086880777,-73.8322946741476,800,D,FT ,54,CLM,28000.0,130,120,Manuel Franco,95,1,AQU_2019-03-16_1_2,1,AQU_2019-03-16_1,703,American Lincoln,2019-03-16 13:31:32.750,AQU_2019-03-16_1_703,0.0037631142177726026,54.18884473592548,0.96,4
4735897,AQU,2019-12-06,3,5,272,40.6716710726518,-73.8319093715095,600,D,FT ,48,MSW,62000.0,1250,119,Jose Lezcano,730,2,AQU_2019-12-06_3_5,0,AQU_2019-12-06_3,2611,Girl's Wave,2019-12-06 12:51:08.000,AQU_2019-12-06_3_2611,0.004208371912223122,60.60055553601296,0.89,4
1893733,BEL,2019-06-02,2,3,135,40.7165361490906,-73.7216536459622,850,T,FM ,170,MCL,41000.0,205,118,Joey R. Martinez,8275,9,BEL_2019-06-02_2_3,0,BEL_2019-06-02_2,694,Saratoga Sass,2019-06-02 14:05:33.750,BEL_2019-06-02_2_694,0.0046532485154493234,67.00677862247026,0.32,2
1835886,AQU,2019-01-04,8,3,203,40.6740167466519,-73.8308115834046,600,D,FT ,48,MCL,30000.0,428,121,Manuel Franco,40,2,AQU_2019-01-04_8_3,0,AQU_2019-01-04_8,107,Mrs Vargas,2019-01-04 16:28:50.750,AQU_2019-01-04_8_107,0.00452946987695557,65.2243662281602,0.68,3
4127729,AQU,2019-02-15,4,7,9,40.6712507423757,-73.8282733923636,550,D,FT ,44,MCL,35000.0,227,120,Samuel Camacho Jr.,1260,6,AQU_2019-02-15_4_7,0,AQU_2019-02-15_4,937,Gaby Vee,2019-02-15 14:27:02.250,AQU_2019-02-15_4_937,0.0033990523872225904,48.9463543760053,0.03,1
3609564,AQU,2019-12-28,9,7,40,40.6714665898028,-73.8282107356216,600,D,FT ,40,MCL,33000.0,415,122,Jose Lezcano,260,2,AQU_2019-12-28_9_7,0,AQU_2019-12-28_9,952,Becca Takes Charge,2019-12-28 16:15:10.000,AQU_2019-12-28_9_952,0.0050998740239387285,73.43818594471769,0.13,1
1422532,SAR,2019-08-01,5,6,136,43.0735670117204,-73.765285108684,550,T,FM ,54,CLM,48000.0,330,122,Javier Castellano,1150,10,SAR_2019-08-01_5_6,0,SAR_2019-08-01_5,254,Alley to Calvary,2019-08-01 15:30:34.000,SAR_2019-08-01_5_254,0.0049859789248562275,71.79809651792968,0.52,3
2068202,AQU,2019-11-23,3,7,206,40.6724743888781,-73.8285375092475,850,T,GD ,162,ALW,66000.0,1255,122,Joe Bravo,1950,6,AQU_2019-11-23_3_7,0,AQU_2019-11-23_3,2389,Miss Jen,2019-11-23 12:55:51.500,AQU_2019-11-23_3_2389,0.005125958002322636,73.81379523344596,0.5,2
4297515,SAR,2019-08-09,4,9,24,43.0702486099787,-73.7685877731842,550,T,FM ,45,MSW,78000.0,239,119,Irad Ortiz Jr.,185,1,SAR_2019-08-09_4_9,1,SAR_2019-08-09_4,1904,Fly Fly Away,2019-08-09 14:39:06.000,SAR_2019-08-09_4_1904,0.005082963006053309,73.19466728716765,0.09,1
1609967,BEL,2019-06-02,8,7,112,40.7163041358142,-73.7206585239803,850,T,FM ,170,CLM,39000.0,519,124,Samuel Camacho Jr.,13875,11,BEL_2019-06-02_8_7,0,BEL_2019-06-02_8,172,Won't Be Missed,2019-06-02 17:19:28.000,BEL_2019-06-02_8_172,0.0048932956562210824,70.46345744958359,0.28,2
3604995,SAR,2019-08-15,9,10,219,43.0718337487157,-73.7655331498808,800,I,FM ,83,MSW,78000.0,519,119,Rajiv Maragh,7775,9,SAR_2019-08-15_9_10,0,SAR_2019-08-15_9,834,Dancing Slippers,2019-08-15 17:19:54.750,SAR_2019-08-15_9_834,0.004838349500515115,69.67223280741766,0.58,3
1098594,BEL,2019-10-02,6,3,229,40.7141440292513,-73.7258866395403,700,D,FT ,45,CLM,55000.0,405,123,Manuel Franco,320,1,BEL_2019-10-02_6_3,1,BEL_2019-10-02_6,2325,Heavy Roller,2019-10-02 16:05:57.250,BEL_2019-10-02_6_2325,0.004865831003455152,70.0679664497542,0.71,3
4996413,SAR,2019-08-04,10,2,96,43.0712032958665,-73.7658287592641,650,D,FT ,72,STK,200000.0,635,120,Julien R. Leparoux,70,2,SAR_2019-08-04_10_2,0,SAR_2019-08-04_10,3904,Frank's Rockette,2019-08-04 18:35:24.000,SAR_2019-08-04_10_3904,0.00512993454586937,73.87105746051893,0.28,2
4647253,BEL,2019-10-11,1,6,141,40.7160039310194,-73.7276935926537,600,T,GD ,101,MCL,41000.0,115,119,Dylan Davis,540,3,BEL_2019-10-11_1_6,0,BEL_2019-10-11_1,1784,Happy Danza,2019-10-11 13:15:35.250,BEL_2019-10-11_1_1784,0.005082162295279461,73.18313705202424,0.47,2
577841,AQU,2019-02-07,7,6,106,40.6710096074413,-73.8284879399,800,D,MY ,52,AOC,80000.0,359,120,Dylan Davis,115,1,AQU_2019-02-07_7_6,1,AQU_2019-02-07_7,387,Stan the Man,2019-02-07 15:59:26.500,AQU_2019-02-07_7_387,0.005156309066036858,74.25085055093075,0.27,2
1826367,AQU,2019-01-26,7,6,289,40.6740460274899,-73.8307639636054,800,D,FT ,54,CLM,28000.0,323,124,Dylan Davis,2600,7,AQU_2019-01-26_7_6,0,AQU_2019-01-26_7,680,Golden Giant,2019-01-26 15:24:12.250,AQU_2019-01-26_7_680,0.0043701437892955195,62.93007056585548,0.76,4
3730493,AQU,2019-11-07,8,10,20,40.6701689999178,-73.8292591191183,600,O,FM ,56,ALW,75000.0,348,120,Irad Ortiz Jr.,950,7,AQU_2019-11-07_8_10,0,AQU_2019-11-07_8,1778,Tide Storm,2019-11-07 15:48:05.000,AQU_2019-11-07_8_1778,0.004834061660003131,69.61048790404509,0.07,1
2143012,AQU,2019-04-19,4,7,288,40.6707785184685,-73.8322700677226,600,D,FT ,48,AOC,70000.0,303,121,Rajiv Maragh,1720,1,AQU_2019-04-19_4_7,1,AQU_2019-04-19_4,42,My Roxy Girl,2019-04-19 15:04:12.000,AQU_2019-04-19_4_42,0.003396157284615927,48.90466489846935,0.97,4
517560,BEL,2019-04-27,7,2,390,40.7129480226828,-73.7214625555062,850,D,FT ,45,CLM,32000.0,445,117,Joey R. Martinez,3275,2,BEL_2019-04-27_7_2,0,BEL_2019-04-27_7,90,Halloween Horror,2019-04-27 16:46:37.500,BEL_2019-04-27_7_90,0.004155595266541005,59.84057183819048,0.95,4
1723616,AQU,2019-12-22,6,2,192,40.6746889563304,-73.827180631244,800,D,FT ,54,AOC,67000.0,223,123,Jorge A. Vargas Jr.,630,1,AQU_2019-12-22_6_2,1,AQU_2019-12-22_6,718,Viradia,2019-12-22 14:23:48.000,AQU_2019-12-22_6_718,0.004983620870356776,71.76414053313756,0.51,3
2237680,AQU,2019-03-16,1,3,176,40.6741345155971,-73.8271207587784,800,D,FT ,54,CLM,28000.0,130,120,Eric Cancel,710,6,AQU_2019-03-16_1_3,0,AQU_2019-03-16_1,851,Can'tweallgetalong,2019-03-16 13:30:44.000,AQU_2019-03-16_1_851,0.004845834577082538,69.78001790998854,0.46,2
862225,AQU,2019-03-30,2,1,182,40.6749584477762,-73.8303091682464,600,D,FT ,45,SST,55000.0,203,124,Luis R. Reyes,900,5,AQU_2019-03-30_2_1,0,AQU_2019-03-30_2,41,Timely Tradition,2019-03-30 14:03:45.500,AQU_2019-03-30_2_41,0.004673052041376837,67.29194939582646,0.62,3
4442270,SAR,2019-09-01,11,1,7,43.068815929113,-73.7719326787688,700,D,FT ,32,STK,350000.0,611,118,Tyler Gaffalione,1230,7,SAR_2019-09-01_11_1,0,SAR_2019-09-01_11,4443,Mundaye Call,2019-09-01 18:11:01.750,SAR_2019-09-01_11_4443,0.0024314850235926983,35.013384339734856,0.02,1
2129067,AQU,2019-03-30,8,5,348,40.6719002984227,-73.8318306810291,800,D,FT ,54,SST,60000.0,521,118,Rajiv Maragh,570,3,AQU_2019-03-30_8_5,0,AQU_2019-03-30_8,362,Felix in Fabula,2019-03-30 17:22:27.000,AQU_2019-03-30_8_362,0.00403882826213266,58.1591269747103,0.83,4
3738549,SAR,2019-08-31,12,9,195,43.0734023589082,-73.7678723872698,600,D,FT ,48,MSW,90000.0,636,119,Manuel Franco,4125,6,SAR_2019-08-31_12_9,0,SAR_2019-08-31_12,73,Jake Rocks,2019-08-31 18:36:48.750,SAR_2019-08-31_12_73,0.004596867467689726,66.19489153473205,0.65,3
3732375,BEL,2019-05-17,8,1,131,40.7174263341852,-73.7253720633898,700,T,GD ,120,AOC,82000.0,512,122,Joe Bravo,460,6,BEL_2019-05-17_8_1,0,BEL_2019-05-17_8,2488,Jerome Avenue,2019-05-17 17:12:32.750,BEL_2019-05-17_8_2488,0.004891736770430484,70.44100949419897,0.38,2
2946430,SAR,2019-07-28,12,2,192,43.072916178074,-73.768521132706,550,T,FM ,54,MCL,48000.0,712,119,Tyler Gaffalione,5225,3,SAR_2019-07-28_12_2,0,SAR_2019-07-28_12,2045,Here Comes Meg,2019-07-28 19:12:48.000,SAR_2019-07-28_12_2045,0.004865461823167953,70.06265025361851,0.63,3
1611761,AQU,2019-11-14,5,6,221,40.6754189232909,-73.8278980916572,800,D,FT ,54,CLM,36000.0,219,122,Joel Rosario,250,1,AQU_2019-11-14_5_6,1,AQU_2019-11-14_5,718,Viradia,2019-11-14 14:19:55.250,AQU_2019-11-14_5_718,0.004716787613174543,67.92174162971342,0.56,3
130131,AQU,2019-03-09,5,1,129,40.6722558848075,-73.8279259988478,800,D,FT ,54,ALW,64000.0,232,116,Reylu Gutierrez,780,5,AQU_2019-03-09_5_1,0,AQU_2019-03-09_5,342,Special Story,2019-03-09 14:32:32.250,AQU_2019-03-09_5_342,0.005145111010215756,74.08959854710689,0.32,2
2994469,SAR,2019-07-14,9,2,185,43.0729965485715,-73.76828858324,550,T,FM ,86,STK,100000.0,552,118,Ricardo Santana Jr.,990,6,SAR_2019-07-14_9_2,0,SAR_2019-07-14_9,4090,Lyrical Lady,2019-07-14 17:52:46.250,SAR_2019-07-14_9_4090,0.004787436484462596,68.93908537626137,0.72,3
5191294,BEL,2019-06-28,6,3,295,40.7171426400111,-73.7263858931613,1000,I,FM ,112,AOC,90000.0,413,124,Joel Rosario,315,1,BEL_2019-06-28_6_3,1,BEL_2019-06-28_6,1159,Crackspeed (ARG),2019-06-28 16:14:13.750,BEL_2019-06-28_6_1159,0.004926549766084368,70.9423166316149,0.64,3
2244219,AQU,2019-02-17,2,4,223,40.6755464111394,-73.8283521611683,800,D,FT ,54,CLM,37000.0,125,120,Dylan Davis,690,6,AQU_2019-02-17_2_4,0,AQU_2019-02-17_2,341,Flatexcel,2019-02-17 13:25:55.750,AQU_2019-02-17_2_341,0.004618118691958515,66.50090916420261,0.59,3
1563615,AQU,2019-11-07,3,4,104,40.670322156156,-73.8316048529543,850,T,FM ,72,CLM,44000.0,118,124,Dylan Davis,780,9,AQU_2019-11-07_3_4,0,AQU_2019-11-07_3,1750,Conforto,2019-11-07 13:18:26.000,AQU_2019-11-07_3_1750,0.004498151113574667,64.7733760354752,0.26,2
2688892,BEL,2019-06-29,5,3,73,40.7160315413079,-73.719988108834,800,T,FM ,76,MCL,41000.0,340,118,Irad Ortiz Jr.,920,8,BEL_2019-06-29_5_3,0,BEL_2019-06-29_5,3510,French Revolution,2019-06-29 15:40:18.250,BEL_2019-06-29_5_3510,0.005098359201138364,73.41637249639244,0.2,1
1248264,SAR,2019-08-25,3,1,160,43.0721653868577,-73.7695890943154,1100,I,FM ,135,AOC,92000.0,206,124,Chris Landeros,200,2,SAR_2019-08-25_3_1,0,SAR_2019-08-25_3,3048,Carom,2019-08-25 14:06:40.000,SAR_2019-08-25_3_3048,0.004693551670422332,67.58714405408158,0.31,2
3792103,SAR,2019-07-18,6,6,401,43.0721208894848,-73.7711213538229,900,D,FT ,78,MSW,90000.0,404,118,Jose L. Ortiz,820,2,SAR_2019-07-18_6_6,0,SAR_2019-07-18_6,4116,Girlfriend Rocket,2019-07-18 16:05:40.250,SAR_2019-07-18_6_4116,0.0040955024581175,58.975235396891996,0.88,4
237226,AQU,2019-03-10,4,1A,11,40.66707393613,-73.8302359560482,800,D,SY ,54,CLM,32000.0,306,119,Reylu Gutierrez,520,9,AQU_2019-03-10_4_1A,0,AQU_2019-03-10_4,1148,Yourcreditisgood,2019-03-10 15:06:02.750,AQU_2019-03-10_4_1148,0.0038663169326009655,55.6749638294539,0.02,1
2183847,AQU,2019-02-07,1,4,221,40.675065256369,-73.8301843554591,700,D,MY ,44,CLM,28000.0,1251,122,Manuel Franco,200,2,AQU_2019-02-07_1_4,0,AQU_2019-02-07_1,851,Can'tweallgetalong,2019-02-07 12:51:55.250,AQU_2019-02-07_1_851,0.004787350117472312,68.93784169160129,0.65,3
4478471,AQU,2019-11-02,6,5,177,40.6709206521199,-73.8293286181559,850,T,GD ,88,MSW,62000.0,243,119,Luis A. Rodriguez Castro,3425,8,AQU_2019-11-02_6_5,0,AQU_2019-11-02_6,1652,Bellarmine Hall,2019-11-02 14:43:44.250,AQU_2019-11-02_6_1652,0.004447530752645387,64.04444283809357,0.41,2
2799593,AQU,2019-03-17,2,2,41,40.6705620058842,-73.8323248501316,900,D,FT ,88,MCL,30000.0,207,118,Manuel Franco,410,1,AQU_2019-03-17_2_2,1,AQU_2019-03-17_2,975,Eddy Dirt,2019-03-17 14:07:10.250,AQU_2019-03-17_2_975,0.004896554692066444,70.5103875657568,0.09,1
2237752,SAR,2019-07-21,10,2,69,43.0701338693518,-73.7685342094652,700,D,FT ,30,AOC,95000.0,543,124,Manuel Franco,450,4,SAR_2019-07-21_10_2,0,SAR_2019-07-21_10,4176,Restoring Hope,2019-07-21 17:43:17.250,SAR_2019-07-21_10_4176,0.005419886696237023,78.04636842581314,0.21,1
1206407,BEL,2019-05-17,6,5,156,40.7159084524703,-73.7274216811938,600,I,GD ,138,AOC,70000.0,409,123,Jose Lezcano,125,2,BEL_2019-05-17_6_5,0,BEL_2019-05-17_6,1421,Fast Getaway,2019-05-17 16:09:39.000,BEL_2019-05-17_6_1421,0.005029588370286544,72.42607253212624,0.54,3
4531701,SAR,2019-09-02,10,5,54,43.0697596475928,-73.7694683529878,700,D,SY ,32,STK,350000.0,540,122,Irad Ortiz Jr.,520,5,SAR_2019-09-02_10_5,0,SAR_2019-09-02_10,4039,By Your Side,2019-09-02 17:40:13.500,SAR_2019-09-02_10_4039,0.005447398655120139,78.44254063372999,0.16,1
1691447,AQU,2019-11-24,7,7,182,40.6740693094131,-73.8270955772982,800,D,SY ,54,AOC,70000.0,319,122,Kendrick Carmouche,730,4,AQU_2019-11-24_7_7,0,AQU_2019-11-24_7,395,Shamrock Kid,2019-11-24 15:19:45.500,AQU_2019-11-24_7_395,0.004959136171215219,71.41156086549915,0.47,2
3378473,BEL,2019-05-16,1,3,27,40.7158983287079,-73.7182186862445,800,D,FT ,52,MSW,62000.0,305,118,Jose Lezcano,395,4,BEL_2019-05-16_1_3,0,BEL_2019-05-16_1,1441,Singular Sensation,2019-05-16 15:05:06.750,BEL_2019-05-16_1_1441,0.004764820102636025,68.61340947795875,0.07,1
4678281,AQU,2019-11-27,7,6,109,40.6741879369429,-73.8273573865068,600,O,YL ,52,AOC,75000.0,317,117,Declan Carroll,6400,8,AQU_2019-11-27_7_6,0,AQU_2019-11-27_7,2281,Mission Wrapitup,2019-11-27 15:17:27.250,AQU_2019-11-27_7_2281,0.00494415373799982,71.19581382719741,0.37,2
3235843,BEL,2019-05-25,9,1,168,40.7166536653092,-73.7274944777873,700,T,FM ,64,STK,100000.0,552,121,Irad Ortiz Jr.,650,3,BEL_2019-05-25_9_1,0,BEL_2019-05-25_9,3143,Strike Silver,2019-05-25 17:52:42.000,BEL_2019-05-25_9_3143,0.004974047004733837,71.62627686816725,0.53,3
62692,SAR,2019-07-19,4,2,77,43.070367823854,-73.7679642897102,700,D,FT ,30,CLM,45000.0,248,122,Dylan Davis,1780,5,SAR_2019-07-19_4_2,0,SAR_2019-07-19_4,92,Indian Guide,2019-07-19 14:48:19.250,SAR_2019-07-19_4_92,0.005371514931387802,77.34981501198435,0.23,1
1612601,AQU,2019-04-19,5,10,308,40.6743930034111,-73.8298673492393,850,T,FM ,88,ALW,66000.0,337,124,Grant Whitacre,1960,9,AQU_2019-04-19_5_10,0,AQU_2019-04-19_5,949,Thread the Needle,2019-04-19 15:38:17.000,AQU_2019-04-19_5_949,0.004678523623413289,67.37074017715136,0.75,3
4038044,BEL,2019-10-16,2,4,69,40.71772199568,-73.7252592366929,600,D,FT ,64,STR,55000.0,147,120,Joel Rosario,330,4,BEL_2019-10-16_2_4,0,BEL_2019-10-16_2,201,Shock Therapy,2019-10-16 13:47:17.250,BEL_2019-10-16_2_201,0.005250271015251875,75.60390261962701,0.24,1
2520342,AQU,2019-12-15,6,5,299,40.6738835870999,-73.8309196627389,800,D,MY ,54,CLM,40000.0,252,121,Eric Cancel,1140,5,AQU_2019-12-15_6_5,0,AQU_2019-12-15_6,84,Stay Smart,2019-12-15 14:53:14.750,AQU_2019-12-15_6_84,0.004407507054521415,63.46810158510837,0.75,3
4651967,AQU,2019-11-16,8,5,229,40.6729776140959,-73.8312809177016,600,D,FT ,38,STK,100000.0,324,120,Junior Alvarado,3825,4,AQU_2019-11-16_8_5,0,AQU_2019-11-16_8,2210,Shadolamo,2019-11-16 15:24:57.250,AQU_2019-11-16_8_2210,0.004349110041932171,62.62718460382327,0.7,3
1560240,AQU,2019-02-21,3,2,293,40.6743264669723,-73.8306461999143,800,D,SY ,54,CLM,36000.0,154,120,Dylan Davis,780,5,AQU_2019-02-21_3_2,0,AQU_2019-02-21_3,209,Third Card Down,2019-02-21 13:55:13.250,AQU_2019-02-21_3_209,0.004157358319490843,59.86595980066814,0.73,3
810354,AQU,2019-03-15,9,11,49,40.6701653449923,-73.8288013378242,700,D,FT ,44,CLM,32000.0,555,122,Manuel Franco,380,11,AQU_2019-03-15_9_11,0,AQU_2019-03-15_9,791,T Loves a Fight,2019-03-15 17:55:12.250,AQU_2019-03-15_9_791,0.005342110546423289,76.92639186849536,0.14,1
2391179,BEL,2019-09-07,9,8,227,40.715757026725,-73.7200998200935,1100,I,GD ,30,STK,750000.0,516,121,Javier Castellano,620,7,BEL_2019-09-07_9_8,0,BEL_2019-09-07_9,3630,Art of Almost,2019-09-07 17:16:56.750,BEL_2019-09-07_9_3630,0.004416649229738446,63.59974890823362,0.44,2
3130010,BEL,2019-05-18,2,8,15,40.7170774371462,-73.7223415599575,600,D,FT ,56,MCL,33000.0,1230,118,Eric Cancel,860,6,BEL_2019-05-18_2_8,0,BEL_2019-05-18_2,2950,Nova Girl,2019-05-18 12:30:03.750,BEL_2019-05-18_2_2950,0.004384722368800867,63.14000211073249,0.05,1
4137424,AQU,2019-11-07,2,7,224,40.6730945588596,-73.8312614239704,600,D,FT ,38,MCL,30000.0,1249,122,Jose L. Ortiz,115,5,AQU_2019-11-07_2_7,0,AQU_2019-11-07_2,1741,Savvy Cairo,2019-11-07 12:49:56.000,AQU_2019-11-07_2_1741,0.004434543642088931,63.857428446080604,0.78,4
1934075,BEL,2019-09-21,11,10,246,40.7151911755752,-73.7274734405899,800,T,FM ,142,ALW,66000.0,625,124,Javier Castellano,230,3,BEL_2019-09-21_11_10,0,BEL_2019-09-21_11,1293,Star of the East,2019-09-21 18:26:01.500,BEL_2019-09-21_11_1293,0.004872053627337887,70.15757223366558,0.65,3
2224544,AQU,2019-11-27,5,3,8,40.6702952500334,-73.8287919107171,600,D,FT ,44,CLM,52000.0,220,124,Dylan Davis,145,3,AQU_2019-11-27_5_3,0,AQU_2019-11-27_5,1246,Miss Jak,2019-11-27 14:20:02.000,AQU_2019-11-27_5_1246,0.0019513426172902096,28.09933368897902,0.02,1
4723296,BEL,2019-10-20,2,4,52,40.7170365316908,-73.7235078730021,600,T,FM ,156,MSW,75000.0,119,119,Jose Lezcano,145,1,BEL_2019-10-20_2_4,1,BEL_2019-10-20_2,1903,Turned Aside,2019-10-20 13:19:13.000,BEL_2019-10-20_2_1903,0.005499663876259922,79.19515981814288,0.17,1
4588071,SAR,2019-07-11,5,4,159,43.0738609500412,-73.7665497019554,550,D,FT ,52,MSW,78000.0,329,119,Javier Castellano,1770,9,SAR_2019-07-11_5_4,0,SAR_2019-07-11_5,4012,Helen by Night,2019-07-11 15:29:39.750,SAR_2019-07-11_5_4012,0.0039749769941019785,57.23966871506849,0.55,3
816417,BEL,2019-09-22,5,6,341,40.7138927243593,-73.7240922522036,850,T,FM ,128,AOC,85000.0,307,124,Manuel Franco,940,6,BEL_2019-09-22_5_6,0,BEL_2019-09-22_5,1990,Arch of Troy,2019-09-22 15:08:25.250,BEL_2019-09-22_5_1990,0.004710644978040061,67.83328768377689,0.87,4
2341256,AQU,2019-04-10,4,7,375,40.671681349134,-73.8311867311134,850,T,FM ,108,CLM,38000.0,304,124,Reylu Gutierrez,1730,6,AQU_2019-04-10_4_7,0,AQU_2019-04-10_4,1366,Rattlesnake Bite,2019-04-10 15:05:33.750,AQU_2019-04-10_4_1366,0.00475071140138286,68.41024417991318,0.92,4
3887514,SAR,2019-07-26,10,6,196,43.073635260895,-73.7649108075183,700,D,MY ,32,MCL,48000.0,625,118,Chris Landeros,960,5,SAR_2019-07-26_10_6,0,SAR_2019-07-26_10,989,Da Berg,2019-07-26 18:25:49.000,SAR_2019-07-26_10_989,0.004642686097389523,66.85467980240912,0.56,3
3232847,BEL,2019-05-12,5,2,226,40.7142912334184,-73.7264090269762,700,D,SY ,36,CLM,60000.0,341,118,Jose L. Ortiz,910,6,BEL_2019-05-12_5_2,0,BEL_2019-05-12_5,647,Dark Money,2019-05-12 15:41:56.500,BEL_2019-05-12_5_647,0.004482808727517528,64.5524456762524,0.64,3
1056652,AQU,2019-02-07,7,1,235,40.6755936753222,-73.8290101848814,800,D,MY ,52,AOC,80000.0,359,122,Manuel Franco,1250,4,AQU_2019-02-07_7_1,0,AQU_2019-02-07_7,21,Holiday Bonus,2019-02-07 15:59:58.750,AQU_2019-02-07_7_21,0.004579995417225034,65.95193400804048,0.61,3
1171502,AQU,2019-12-13,6,10,299,40.6706128083322,-73.8324124035015,600,D,GD ,45,CLM,42000.0,259,122,Reylu Gutierrez,520,1,AQU_2019-12-13_6_10,1,AQU_2019-12-13_6,969,Cadeau de Paix,2019-12-13 15:00:14.750,AQU_2019-12-13_6_969,0.002960087840097502,42.62526489740403,0.98,4
2507932,AQU,2019-04-14,6,5,65,40.6701020526682,-73.8319000988881,850,O,GD ,18,MCL,41000.0,409,118,Hector Rafael Diaz Jr.,570,2,AQU_2019-04-14_6_5,0,AQU_2019-04-14_6,198,Awesome Adversary,2019-04-14 16:09:16.250,AQU_2019-04-14_6_198,0.004707890046848047,67.79361667461188,0.15,1
2685724,BEL,2019-09-15,9,3,186,40.7159176882084,-73.7276798063618,700,T,FM ,117,AOC,70000.0,522,120,Joe Bravo,5375,10,BEL_2019-09-15_9_3,0,BEL_2019-09-15_9,2297,Analyzethisandthat,2019-09-15 17:22:46.500,BEL_2019-09-15_9_2297,0.005056537361089133,72.81413799968352,0.57,3
494722,SAR,2019-08-31,10,3,291,43.0705066827005,-73.7689352570038,1100,I,FM ,162,STK,250000.0,529,118,Manuel Franco,4025,7,SAR_2019-08-31_10_3,0,SAR_2019-08-31_10,1399,Violet Blue,2019-08-31 17:30:12.750,SAR_2019-08-31_10_1399,0.004883370921408874,70.32054126828778,0.57,3
1674006,AQU,2019-04-05,3,5,25,40.6700262252522,-73.828873624425,650,D,FT ,36,CLM,38000.0,230,126,Hector Rafael Diaz Jr.,1330,7,AQU_2019-04-05_3_5,0,AQU_2019-04-05_3,206,Zecha,2019-04-05 14:30:06.250,AQU_2019-04-05_3_206,0.0046297356344265845,66.66819313574281,0.07,1
993129,BEL,2019-06-16,3,3,300,40.7142686613789,-73.7264075738959,850,D,FT ,48,CLM,32000.0,234,124,Joel Rosario,270,2,BEL_2019-06-16_3_3,0,BEL_2019-06-16_3,1033,G Zap,2019-06-16 14:35:15.000,BEL_2019-06-16_3_1033,0.004518893535281175,65.07206690804891,0.74,3
330478,BEL,2019-04-27,10,2,257,40.7132454559946,-73.722436451644,600,D,FT ,54,CLM,28000.0,624,123,Hector Rafael Diaz Jr.,1150,4,BEL_2019-04-27_10_2,0,BEL_2019-04-27_10,1338,Great Going,2019-04-27 18:25:04.250,BEL_2019-04-27_10_1338,0.0045449710148825866,65.44758261430924,0.9,4
2138564,AQU,2019-02-01,3,3,130,40.6753318521994,-73.8278019092017,600,D,FT ,48,MCL,41000.0,154,123,Andre Shivnarine Worrie,1250,6,AQU_2019-02-01_3_3,0,AQU_2019-02-01_3,7,Tenency,2019-02-01 13:54:32.500,AQU_2019-02-01_3_7,0.004817039040048992,69.36536217670549,0.44,2
5102172,BEL,2019-05-19,1,2,14,40.7157867955489,-73.7177652321343,800,D,FT ,52,CLM,32000.0,130,125,Jose Lezcano,20,1,BEL_2019-05-19_1_2,1,BEL_2019-05-19_1,533,Planet Trailblazer (BRZ),2019-05-19 13:30:03.500,BEL_2019-05-19_1_533,0.004158130617513853,59.87708089219948,0.03,1
3273139,AQU,2019-11-03,6,10,264,40.6716382109737,-73.831614766208,600,O,GD ,64,AOC,70000.0,223,122,Jose Lezcano,1050,9,AQU_2019-11-03_6_10,0,AQU_2019-11-03_6,1518,Elektronic,2019-11-03 14:24:06.000,AQU_2019-11-03_6_1518,0.003917635393598504,56.41394966781845,0.91,4
3427362,SAR,2019-08-07,10,2,225,43.0720113636676,-73.7709116061298,550,T,FM ,42,MCL,48000.0,537,119,Jose Lezcano,1510,4,SAR_2019-08-07_10_2,0,SAR_2019-08-07_10,1103,Jasminesque,2019-08-07 17:37:56.250,SAR_2019-08-07_10_1103,0.004812378391533395,69.2982488380809,0.91,4
79763,SAR,2019-08-18,2,4,311,43.0721419075449,-73.7710835927321,700,D,GD ,32,CLM,38000.0,134,124,Michael J. Luzzi,2600,6,SAR_2019-08-18_2_4,0,SAR_2019-08-18_2,4515,Sugar Cube,2019-08-18 13:35:17.750,SAR_2019-08-18_2_4515,0.0038758654527210746,55.81246251918348,0.93,4
1937953,AQU,2019-04-20,1,1,149,40.6755620182312,-73.8291838647773,600,D,SY ,48,WCL,52000.0,130,120,Manuel Franco,165,1,AQU_2019-04-20_1_1,1,AQU_2019-04-20_1,672,I'm an Ocala Dude,2019-04-20 13:30:37.250,AQU_2019-04-20_1_672,0.0048628368667700235,70.02485088148833,0.52,3
2757335,BEL,2019-06-02,5,10,104,40.7173177687388,-73.7267489146181,600,T,FM ,153,CLM,39000.0,344,118,Michael J. Luzzi,4750,7,BEL_2019-06-02_5_10,0,BEL_2019-06-02_5,658,She's a Lumberjane,2019-06-02 15:44:26.000,BEL_2019-06-02_5_658,0.005091952861946368,73.32412121202769,0.37,2
1076853,AQU,2019-01-19,6,5,157,40.6727980972711,-73.8276690005767,800,D,FT ,54,CLM,28000.0,301,122,Carlos J. Hernandez,1560,2,AQU_2019-01-19_6_5,0,AQU_2019-01-19_6,515,Moment of Triumph,2019-01-19 15:01:39.250,AQU_2019-01-19_6_515,0.004559949636686393,65.66327476828405,0.39,2
1539509,AQU,2019-03-02,7,4,211,40.67393513508,-73.8308513689234,600,D,FT ,45,ALW,64000.0,416,123,Rajiv Maragh,310,4,AQU_2019-03-02_7_4,0,AQU_2019-03-02_7,1098,Miss Hot Stones,2019-03-02 16:16:52.750,AQU_2019-03-02_7_1098,0.004763450537033459,68.59368773328181,0.71,3
1199041,SAR,2019-08-10,9,6,137,43.0704118697701,-73.7692036787062,800,I,FM ,36,STK,500000.0,549,116,Ricardo Santana Jr.,500,1,SAR_2019-08-10_9_6,1,SAR_2019-08-10_9,4351,Got Stormy,2019-08-10 17:49:34.250,SAR_2019-08-10_9_4351,0.005122881572646877,73.76949464611504,0.37,2
2783553,BEL,2019-05-17,4,5,310,40.7144065626503,-73.7259748289463,850,T,GD ,92,ALW,66000.0,304,120,Samuel Camacho Jr.,2240,7,BEL_2019-05-17_4_5,0,BEL_2019-05-17_4,564,Bebe Banker,2019-05-17 15:05:17.500,BEL_2019-05-17_4_564,0.004582971848148934,65.99479461334465,0.76,4
3827510,BEL,2019-06-02,7,5,144,40.7163615309401,-73.7221251651631,850,I,FM ,80,MCL,41000.0,445,118,Luis Saez,500,4,BEL_2019-06-02_7_5,0,BEL_2019-06-02_7,3223,Channel Island,2019-06-02 16:45:36.000,BEL_2019-06-02_7_3223,0.005195205806470788,74.81096361317935,0.36,2
1865456,BEL,2019-04-28,4,4,40,40.7134840284841,-73.7213379270484,1000,I,YL ,93,ALW,90000.0,308,126,Jose Lezcano,265,2,BEL_2019-04-28_4_4,0,BEL_2019-04-28_4,2888,Hierarchy,2019-04-28 15:08:10.000,BEL_2019-04-28_4_2888,0.004490408158580995,64.66187748356633,0.08,1
887998,BEL,2019-05-27,10,2,244,40.7146510761156,-73.7271739315413,800,D,FT ,52,STK,200000.0,624,117,Luis Saez,600,4,BEL_2019-05-27_10_2,0,BEL_2019-05-27_10,366,Syndergaard,2019-05-27 18:25:01.000,BEL_2019-05-27_10_366,0.0048998352577009794,70.55762771089411,0.68,3
901895,BEL,2019-10-20,7,8,300,40.7142215417726,-73.7254737431048,800,T,FM ,178,CLM,55000.0,341,124,Joel Rosario,1130,8,BEL_2019-10-20_7_8,0,BEL_2019-10-20_7,2178,Local Hero,2019-10-20 15:42:15.000,BEL_2019-10-20_7_2178,0.004784985639316001,68.90379320615041,0.78,4
4071197,AQU,2019-12-21,7,5,110,40.6749103762645,-73.8273187609594,600,D,FT ,48,ALW,64000.0,327,120,Tzeonn Chang,2310,7,AQU_2019-12-21_7_5,0,AQU_2019-12-21_7,566,Ventus,2019-12-21 15:27:27.500,AQU_2019-12-21_7_566,0.004759102503786866,68.53107605453087,0.39,2
5129138,BEL,2019-06-06,1,2,439,40.7140248642335,-73.724663194011,1100,T,FM ,24,AOC,92000.0,305,126,Joel Rosario,145,1,BEL_2019-06-06_1_2,1,BEL_2019-06-06_1,3227,Pillar Mountain (IRE),2019-06-06 15:06:49.750,BEL_2019-06-06_1_3227,0.004986941251119038,71.81195401611414,0.87,4
2921498,SAR,2019-08-24,7,4,244,43.0732127128298,-73.7683815681166,700,D,FT ,32,STK,500000.0,300,118,Chris Landeros,1270,7,SAR_2019-08-24_7_4,0,SAR_2019-08-24_7,3319,Borracho,2019-08-24 15:01:01.000,SAR_2019-08-24_7_3319,0.005118965399371483,73.71310175094936,0.77,4
2558310,BEL,2019-05-31,4,8,263,40.7131625255582,-73.7222780902267,600,D,FT ,54,CLM,39000.0,308,118,Dylan Davis,330,5,BEL_2019-05-31_4_8,0,BEL_2019-05-31_4,3198,Yes and Yes,2019-05-31 15:09:05.750,BEL_2019-05-31_4_3198,0.004290105184531036,61.77751465724692,0.94,4
646491,BEL,2019-10-14,3,3,341,40.713645876369,-73.7241245447828,850,D,FT ,50,ALW,66000.0,223,117,Benjamin Hernandez,2070,3,BEL_2019-10-14_3_3,0,BEL_2019-10-14_3,1011,Carlisle Belle,2019-10-14 14:24:25.250,BEL_2019-10-14_3_1011,0.00458141677213058,65.97240151868034,0.83,4
3969662,AQU,2019-12-21,5,2,251,40.6719178396541,-73.8317473814222,600,D,FT ,48,ALW,64000.0,234,122,Jose Lezcano,570,2,AQU_2019-12-21_5_2,0,AQU_2019-12-21_5,663,Seven Is Heaven,2019-12-21 14:35:02.750,AQU_2019-12-21_5_663,0.004701896024649627,67.70730275495463,0.88,4
1404032,AQU,2019-03-23,3,8,72,40.6695262091356,-73.8290952443418,800,D,FT ,54,MSW,60000.0,241,119,Joey R. Martinez,10075,6,AQU_2019-03-23_3_8,0,AQU_2019-03-23_3,236,Scrutinize,2019-03-23 14:41:18.000,AQU_2019-03-23_3_236,0.005025918726026619,72.37322965478332,0.18,1
62067,BEL,2019-05-10,3,2,29,40.7166052150308,-73.7208687874321,700,D,FT ,40,CLM,43000.0,235,123,Dylan Davis,600,3,BEL_2019-05-10_3_2,0,BEL_2019-05-10_3,92,Indian Guide,2019-05-10 14:35:07.250,BEL_2019-05-10_3_92,0.0049351522778213145,71.06619280062692,0.09,1
2607132,AQU,2019-11-07,5,10,112,40.6742065264128,-73.8274419516205,600,O,FM ,56,STR,55000.0,220,120,Dylan Davis,2380,7,AQU_2019-11-07_5_10,0,AQU_2019-11-07_5,1761,Trixie's Time,2019-11-07 14:20:28.000,AQU_2019-11-07_5_1761,0.005131040008669053,73.88697612483436,0.39,2
4218224,AQU,2019-04-12,5,1,22,40.669907914866,-73.8290099668492,650,D,FT ,30,MSW,62000.0,336,119,Rajiv Maragh,420,7,AQU_2019-04-12_5_1,0,AQU_2019-04-12_5,1414,My Primo,2019-04-12 15:36:05.500,AQU_2019-04-12_5_1414,0.0043887279109274995,63.19768191735599,0.06,1
5010096,BEL,2019-06-07,7,8,151,40.7144103779995,-73.7267954770751,550,D,FT ,63,STK,150000.0,408,121,Angel Suarez,530,3,BEL_2019-06-07_7_8,0,BEL_2019-06-07_7,3276,Rookie Salsa,2019-06-07 16:08:37.750,BEL_2019-06-07_7_3276,0.004657628788860113,67.06985455958562,0.58,3
833419,BEL,2019-05-26,6,1,167,40.7176625004953,-73.7249592949527,850,D,FT ,46,AOC,70000.0,412,124,Jose L. Ortiz,270,3,BEL_2019-05-26_6_1,0,BEL_2019-05-26_6,296,Three to Thirteen,2019-05-26 16:12:41.750,BEL_2019-05-26_6_296,0.005007082135612722,72.10198275282319,0.42,2
840724,SAR,2019-08-31,10,1,292,43.0705417382549,-73.7688910130683,1100,I,FM ,162,STK,250000.0,529,118,Irad Ortiz Jr.,850,2,SAR_2019-08-31_10_1,0,SAR_2019-08-31_10,1716,Empressof the Nile,2019-08-31 17:30:13.000,SAR_2019-08-31_10_1716,0.004899295398332894,70.54985373599368,0.57,3
1114820,SAR,2019-08-03,10,10,216,43.0720747803504,-73.7651222765594,800,I,FM ,82,STK,100000.0,623,122,Manuel Franco,770,6,SAR_2019-08-03_10_10,0,SAR_2019-08-03_10,1156,Divine Miss Grey,2019-08-03 18:23:54.000,SAR_2019-08-03_10_1156,0.005142335535011005,74.04963170415847,0.59,3
2518738,AQU,2019-03-23,6,3,187,40.6747834741796,-73.8304007080376,550,D,FT ,52,MCL,35000.0,441,121,Carlos J. Hernandez,4975,9,AQU_2019-03-23_6_3,0,AQU_2019-03-23_6,895,Six Brothers,2019-03-23 16:41:46.750,AQU_2019-03-23_6_895,0.0039223525442027805,56.48187663652004,0.61,3
4386272,AQU,2019-11-14,4,8,254,40.6747112733992,-73.8279378143199,850,T,FM ,96,MSW,62000.0,150,119,Michael J. Luzzi,520,3,AQU_2019-11-14_4_8,0,AQU_2019-11-14_4,2063,Justintimeforwine,2019-11-14 13:51:03.500,AQU_2019-11-14_4_2063,0.004479879257258556,64.5102613045232,0.62,3
805,BEL,2019-05-25,10,9,46,40.716483739435,-73.7224775204474,600,I,FM ,90,AOC,85000.0,624,121,Dylan Davis,2525,9,BEL_2019-05-25_10_9,0,BEL_2019-05-25_10,1547,Spring to the Sky,2019-05-25 18:24:11.500,BEL_2019-05-25_10_1547,0.005577063664965355,80.3097167755011,0.17,1
4800438,SAR,2019-08-25,1,7,121,43.0727278323008,-73.7643007532222,600,D,FT ,48,MSW,90000.0,103,119,Eric Cancel,215,4,SAR_2019-08-25_1_7,0,SAR_2019-08-25_1,4569,Stop Shoppin Tammy,2019-08-25 13:03:30.250,SAR_2019-08-25_1_4569,0.0053112695426971905,76.48228141483955,0.42,2
630327,AQU,2019-04-14,7,7,260,40.6752820836043,-73.8299420096553,800,D,FT ,54,CLM,38000.0,442,124,Eric Cancel,840,6,AQU_2019-04-14_7_7,0,AQU_2019-04-14_7,178,Dooley,2019-04-14 16:43:05.000,AQU_2019-04-14_7_178,0.0046188120486596995,66.51089350069967,0.63,3
1810441,AQU,2019-11-11,6,4,242,40.6742576447945,-73.8278101980796,850,T,FM ,88,CLM,38000.0,223,119,Kendrick Carmouche,1180,9,AQU_2019-11-11_6_4,0,AQU_2019-11-11_6,2015,Fairy Link,2019-11-11 14:24:00.500,AQU_2019-11-11_6_2015,0.004990399425811977,71.86175173169248,0.59,3
4641186,BEL,2019-09-28,6,6,71,40.7177490760403,-73.725522299319,600,D,FT ,63,MSW,75000.0,342,119,Joel Rosario,500,8,BEL_2019-09-28_6_6,0,BEL_2019-09-28_6,3830,Ethos,2019-09-28 15:42:17.750,BEL_2019-09-28_6_3830,0.005338500973234102,76.87441401457107,0.24,1
4548800,BEL,2019-10-23,5,9,189,40.7142305741255,-73.726325568115,600,D,GD ,65,MSW,75000.0,332,119,Jose L. Ortiz,1230,4,BEL_2019-10-23_5_9,0,BEL_2019-10-23_5,2651,Moon Over Miami,2019-10-23 15:32:47.250,BEL_2019-10-23_5_2651,0.004712193099307165,67.85558063002317,0.64,3
3510048,AQU,2019-03-10,6,3,100,40.6708854356765,-73.8285699781597,800,D,SY ,54,MSW,68000.0,412,118,Javier Castellano,300,7,AQU_2019-03-10_6_3,0,AQU_2019-03-10_6,1154,Litany,2019-03-10 16:12:25.000,AQU_2019-03-10_6_1154,0.00494709020449467,71.23809894472325,0.26,2
4532868,AQU,2019-11-10,6,5,102,40.6735311382839,-73.8273296798297,650,D,FT ,56,MSW,62000.0,223,119,Irad Ortiz Jr.,720,3,AQU_2019-11-10_6_5,0,AQU_2019-11-10_6,1953,Princess Corey,2019-11-10 14:23:25.500,AQU_2019-11-10_6_1953,0.005182325659710841,74.62548949983612,0.3,2
56589,BEL,2019-06-14,9,3,164,40.7170052348127,-73.7235656137291,850,T,GD ,54,ALW,66000.0,553,117,Joey R. Martinez,8475,6,BEL_2019-06-14_9_3,0,BEL_2019-06-14_9,1090,Puparee,2019-06-14 17:53:41.000,BEL_2019-06-14_9_1090,0.004815890546994494,69.34882387672072,0.41,2
1841017,AQU,2019-12-06,2,11,371,40.6712842578333,-73.8321085625873,800,D,FT ,54,ALW,75000.0,1220,121,Kendrick Carmouche,650,4,AQU_2019-12-06_2_11,0,AQU_2019-12-06_2,1856,Quality Choice,2019-12-06 12:21:32.750,AQU_2019-12-06_2_1856,0.0038927075651030763,56.054988937484296,0.97,4
3460788,AQU,2019-03-08,4,7,193,40.6743641278998,-73.8306187195096,600,D,FT ,45,MCL,46000.0,229,122,Manuel Franco,185,1,AQU_2019-03-08_4_7,1,AQU_2019-03-08_4,1119,Major Flirt,2019-03-08 14:29:48.250,AQU_2019-03-08_4_1119,0.00457688004345383,65.90707262573515,0.63,3
3058426,BEL,2019-06-22,10,10,116,40.7172063525822,-73.726040354133,600,I,GD ,136,MCL,41000.0,624,111,Benjamin Hernandez,6450,10,BEL_2019-06-22_10_10,0,BEL_2019-06-22_10,3026,Ginger and Jingle,2019-06-22 18:24:29.000,BEL_2019-06-22_10_3026,0.005013786443343341,72.19852478414411,0.4,2
4381680,SAR,2019-08-28,7,6,203,43.0725723202838,-73.7694556652961,550,T,FM ,54,MSW,90000.0,403,119,Javier Castellano,490,2,SAR_2019-08-28_7_6,0,SAR_2019-08-28_7,3848,Selflessly,2019-08-28 16:03:50.750,SAR_2019-08-28_7_3848,0.004821659535707612,69.43189731418961,0.8,4
3413878,BEL,2019-06-06,9,5,134,40.7166857293585,-73.7272253196022,600,I,FM ,101,MSW,72000.0,719,118,Luis Saez,2900,3,BEL_2019-06-06_9_5,0,BEL_2019-06-06_9,3256,Rinaldi,2019-06-06 19:19:33.500,BEL_2019-06-06_9_3256,0.004794099581201334,69.0350339692992,0.47,2
2929822,BEL,2019-06-27,2,2,100,40.7170359396587,-73.7238521876258,700,T,FM ,96,CLM,42000.0,336,118,Joel Rosario,1310,7,BEL_2019-06-27_2_2,0,BEL_2019-06-27_2,215,Shak's Hidden Gem,2019-06-27 15:36:25.000,BEL_2019-06-27_2_215,0.005142791335372848,74.05619522936901,0.3,2
1657120,BEL,2019-10-14,9,1,134,40.7158218857124,-73.7279345323934,600,D,FT ,64,CLM,28000.0,541,123,Kendrick Carmouche,225,3,BEL_2019-10-14_9_1,0,BEL_2019-10-14_9,2570,Talent Scout,2019-10-14 17:41:33.500,BEL_2019-10-14_9_2570,0.0049544098754140935,71.34350220596295,0.48,2
1598359,SAR,2019-08-30,8,9,40,43.0716659581638,-73.7710165742295,800,I,FM ,20,ALW,80000.0,446,125,Javier Castellano,280,5,SAR_2019-08-30_8_9,0,SAR_2019-08-30_8,2224,Chiclet's Dream,2019-08-30 16:46:10.000,SAR_2019-08-30_8_2224,0.005128100348985359,73.84464502538917,0.11,1
3548290,SAR,2019-07-31,1,5,77,43.0702693155352,-73.7727160953851,900,D,FT ,76,STR,60000.0,103,120,Irad Ortiz Jr.,355,1,SAR_2019-07-31_1_5,1,SAR_2019-07-31_1,773,Team Win,2019-07-31 13:03:19.250,SAR_2019-07-31_1_773,0.005013059473974191,72.18805642522835,0.17,1
4311267,AQU,2019-12-21,1,3,196,40.675066015667,-73.8302122110414,650,D,FT ,54,MSW,60000.0,1232,114,Leonardo Corujo,1900,4,AQU_2019-12-21_1_3,0,AQU_2019-12-21_1,1957,Bella Invasion,2019-12-21 12:32:49.000,AQU_2019-12-21_1_1957,0.00459702489379975,66.1971584707164,0.61,3
2298811,SAR,2019-08-11,10,3,225,43.0718019657369,-73.7656950312095,850,I,FM ,40,MCL,48000.0,555,124,Rajiv Maragh,3675,3,SAR_2019-08-11_10_3,0,SAR_2019-08-11_10,188,Bold Gem,2019-08-11 17:55:56.250,SAR_2019-08-11_10_188,0.004942292083754206,71.16900600606057,0.53,3
4384745,BEL,2019-09-27,4,2,308,40.7140313049106,-73.7246342206924,800,T,FM ,172,MSW,62000.0,225,119,Javier Castellano,105,2,BEL_2019-09-27_4_2,0,BEL_2019-09-27_4,2581,More Glitter,2019-09-27 14:26:17.000,BEL_2019-09-27_4_2581,0.004897066581854261,70.51775877870136,0.81,4
1440310,SAR,2019-08-07,9,5,318,43.0739110424943,-73.7665064990483,900,D,FT ,78,STK,101200.0,507,118,Javier Castellano,1010,8,SAR_2019-08-07_9_5,0,SAR_2019-08-07_9,4392,Evaluator,2019-08-07 17:08:19.500,SAR_2019-08-07_9_4392,0.004746313376909421,68.34691262749566,0.69,3
4369681,AQU,2019-11-14,4,11,7,40.6740390787411,-73.8298117328203,850,T,FM ,96,MSW,62000.0,150,119,Jose Lezcano,1840,1,AQU_2019-11-14_4_11,1,AQU_2019-11-14_4,2061,Mr. Kringle,2019-11-14 13:50:01.750,AQU_2019-11-14_4_2061,0.0034527891604771883,49.72016391087151,0.01,1
154784,AQU,2019-02-17,2,6,182,40.6743023341117,-73.8271279970813,800,D,FT ,54,CLM,37000.0,125,116,Reylu Gutierrez,1690,2,AQU_2019-02-17_2_6,0,AQU_2019-02-17_2,342,Special Story,2019-02-17 13:25:45.500,AQU_2019-02-17_2_342,0.004786530546104779,68.92603986390883,0.48,2
4757327,AQU,2019-11-22,4,2,75,40.6695810139549,-73.8314490470896,850,O,GD ,45,MSW,70000.0,219,119,Jose L. Ortiz,560,5,AQU_2019-11-22_4_2,0,AQU_2019-11-22_4,2366,Speedy Vanessa,2019-11-22 14:19:18.750,AQU_2019-11-22_4_2366,0.004580420157130574,65.95805026268027,0.18,1
2834344,AQU,2019-11-16,5,2,18,40.6730293243489,-73.8309996795473,900,O,FM ,36,ALW,66000.0,154,118,Joel Rosario,340,2,AQU_2019-11-16_5_2,0,AQU_2019-11-16_5,2188,Southern Brigade,2019-11-16 13:54:04.500,AQU_2019-11-16_5_2188,0.004223584961736257,60.81962344900211,0.04,1
3660146,BEL,2019-05-30,5,4,111,40.7157888933475,-73.7198280546119,850,I,YL ,90,CLM,65000.0,511,118,Javier Castellano,1400,5,BEL_2019-05-30_5_4,0,BEL_2019-05-30_5,1746,Coral Legacy,2019-05-30 17:11:27.750,BEL_2019-05-30_5_1746,0.004777582353384539,68.79718588873736,0.27,2
1956434,SAR,2019-09-02,5,13,114,43.06934525261,-73.7709919295363,900,D,SY ,81,STR,60000.0,240,124,Irad Ortiz Jr.,220,2,SAR_2019-09-02_5_13,0,SAR_2019-09-02_5,2321,Super Silver,2019-09-02 14:40:28.500,SAR_2019-09-02_5_2321,0.004638116711720869,66.78888064878052,0.25,2
1517965,BEL,2019-07-06,8,2,111,40.7177271950949,-73.7253801161424,700,D,FT ,56,STK,300000.0,505,120,Ricardo Santana Jr.,860,7,BEL_2019-07-06_8_2,0,BEL_2019-07-06_8,3578,New York Central,2019-07-06 17:05:27.750,BEL_2019-07-06_8_3578,0.005203979086475842,74.93729884525213,0.34,2
311732,AQU,2019-03-15,8,1A,101,40.6709397994476,-73.8284891482436,800,D,FT ,54,AOC,67000.0,524,123,Kendrick Carmouche,740,7,AQU_2019-03-15_8_1A,0,AQU_2019-03-15_8,223,Playthatfunnymusic,2019-03-15 17:24:25.250,AQU_2019-03-15_8_223,0.0051722221160027376,74.47999847043943,0.26,2
3891003,SAR,2019-07-19,10,3,262,43.0727862144729,-73.7643253114477,900,D,FT ,78,MCL,48000.0,625,118,Jose Lezcano,1180,5,SAR_2019-07-19_10_3,0,SAR_2019-07-19_10,2048,Sneads,2019-07-19 18:26:05.500,SAR_2019-07-19_10_2048,0.00503678865138786,72.52975657998518,0.61,3
4879305,AQU,2019-11-23,2,11,132,40.6749600977647,-73.8276144288019,600,O,GD ,58,MSW,62000.0,1228,119,Joel Rosario,570,5,AQU_2019-11-23_2_11,0,AQU_2019-11-23_2,1600,Dream Chasing,2019-11-23 12:28:33.000,AQU_2019-11-23_2_1600,0.004554078612776052,65.57873202397515,0.44,2
1697087,BEL,2019-09-12,7,2,43,40.7171212373261,-73.7229165289605,650,D,FT ,38,AOC,85000.0,612,121,John R. Velazquez,75,1,BEL_2019-09-12_7_2,1,BEL_2019-09-12_7,163,Pauseforthecause,2019-09-12 18:12:10.750,BEL_2019-09-12_7_163,0.005630651142570356,81.08137645301312,0.14,1
673520,AQU,2019-01-01,9,8,32,40.6710923216179,-73.8283704873516,600,D,GD ,48,CLM,25000.0,420,115,Reylu Gutierrez,850,3,AQU_2019-01-01_9_8,0,AQU_2019-01-01_9,55,Bitumen,2019-01-01 16:20:08.000,AQU_2019-01-01_9_55,0.0049286964249967155,70.9732285199527,0.1,1
4941654,BEL,2019-09-28,9,4,349,40.7137523392879,-73.7236917805044,850,T,FM ,166,STK,200000.0,516,120,Junior Alvarado,2500,7,BEL_2019-09-28_9_4,0,BEL_2019-09-28_9,3837,No Lime,2019-09-28 17:17:27.250,BEL_2019-09-28_9_3837,0.004663182250937687,67.1498244135027,0.88,4
1646637,AQU,2019-01-06,3,6,155,40.675450133763,-73.8279593703094,650,D,MY ,32,MCL,41000.0,155,116,Reylu Gutierrez,275,5,AQU_2019-01-06_3_6,0,AQU_2019-01-06_3,189,Alrahaal,2019-01-06 13:55:38.750,AQU_2019-01-06_3_189,0.004713263644194134,67.87099647639553,0.48,2
4420627,SAR,2019-08-22,5,9,201,43.0739213943905,-73.7658307600282,700,D,FT ,32,MSW,75000.0,305,119,Kendrick Carmouche,125,3,SAR_2019-08-22_5_9,0,SAR_2019-08-22_5,4097,Project Whiskey,2019-08-22 15:05:50.250,SAR_2019-08-22_5_4097,0.004758160491171129,68.51751107286425,0.59,3
3235508,SAR,2019-08-22,10,3,80,43.0700241978452,-73.7725672245966,900,D,FT ,78,MCL,56000.0,540,118,Luis Saez,370,5,SAR_2019-08-22_10_3,0,SAR_2019-08-22_10,2050,Qaabil,2019-08-22 17:40:20.000,SAR_2019-08-22_10_2050,0.004889773408322726,70.41273707984726,0.18,1
3325540,BEL,2019-07-07,5,9,91,40.7163619195182,-73.7208677956333,800,T,FM ,172,MSW,62000.0,241,118,Jose Lezcano,650,4,BEL_2019-07-07_5_9,0,BEL_2019-07-07_5,2306,Two Cent Tootsie,2019-07-07 14:41:22.750,BEL_2019-07-07_5_2306,0.00546167237334054,78.64808217610377,0.24,1
4405692,BEL,2019-10-06,5,8,17,40.716735833656,-73.7211242529921,650,D,FT ,48,MCL,46000.0,305,119,Joel Rosario,1830,1,BEL_2019-10-06_5_8,1,BEL_2019-10-06_5,2213,All Over the Map,2019-10-06 15:05:04.250,BEL_2019-10-06_5_2213,0.004534602943196927,65.29828238203575,0.05,1
854686,BEL,2019-09-07,8,1,444,40.7145574524265,-73.7270228181303,1200,D,FT ,72,STK,300000.0,443,120,John R. Velazquez,395,2,BEL_2019-09-07_8_1,0,BEL_2019-09-07_8,3341,You're to Blame,2019-09-07 16:44:51.000,BEL_2019-09-07_8_3341,0.004786006627912016,68.91849544193303,0.8,4
4823683,SAR,2019-08-11,3,1,84,43.0698190051334,-73.7720627788709,850,T,FM ,22,MSW,90000.0,207,119,Joe Bravo,375,4,SAR_2019-08-11_3_1,0,SAR_2019-08-11_3,4440,Slip Sliding Away,2019-08-11 14:07:21.000,SAR_2019-08-11_3_4440,0.004694759497643458,67.6045367660658,0.22,1
3973896,BEL,2019-04-26,2,4,224,40.7137430122623,-73.7243576319096,600,D,SY ,63,CLM,60000.0,223,122,Junior Alvarado,890,1,BEL_2019-04-26_2_4,1,BEL_2019-04-26_2,827,Saratoga Style,2019-04-26 14:23:56.000,BEL_2019-04-26_2_827,0.004480507303521026,64.51930517070278,0.77,4
229909,SAR,2019-08-08,1,2,4,43.0723920792586,-73.7704539804849,900,D,FT ,77,STR,40000.0,102,126,Tyler Gaffalione,1660,6,SAR_2019-08-08_1_2,0,SAR_2019-08-08_1,229,Madame Barbarian,2019-08-08 13:02:01.000,SAR_2019-08-08_1_229,0.0007160945807627855,10.31176196298411,0.01,1
2575000,SAR,2019-07-18,1,4,28,43.0691493830209,-73.7709779686439,700,D,FT ,30,STR,60000.0,102,120,Joel Rosario,200,4,SAR_2019-07-18_1_4,0,SAR_2019-07-18_1,4109,Golden Tiger,2019-07-18 13:02:07.000,SAR_2019-07-18_1_4109,0.004891970548388221,70.44437589679038,0.08,1
4105929,BEL,2019-07-07,2,2,251,40.7139861112733,-73.7245204570754,700,T,FM ,90,ALW,82000.0,103,118,Luis R. Reyes,4200,6,BEL_2019-07-07_2_2,0,BEL_2019-07-07_2,767,Halstaat,2019-07-07 13:04:02.750,BEL_2019-07-07_2_767,0.004801058247748762,69.13523876758217,0.8,4
1886498,SAR,2019-07-18,7,13,192,43.0730854411242,-73.7686344843465,550,D,FT ,45,MCL,48000.0,439,124,Junior Alvarado,70,2,SAR_2019-07-18_7_13,0,SAR_2019-07-18_7,745,Deputy Flag,2019-07-18 16:39:48.000,SAR_2019-07-18_7_745,0.004651623641685246,66.98338044026755,0.73,3
3988699,AQU,2019-11-21,4,5,46,40.6712316841385,-73.8287311216384,600,O,GD ,48,MSW,70000.0,223,119,Jose Lezcano,660,6,AQU_2019-11-21_4_5,0,AQU_2019-11-21_4,1385,Bye Bye Nicky,2019-11-21 14:23:11.500,AQU_2019-11-21_4_1385,0.005369071184230733,77.31462505292255,0.16,1
424965,BEL,2019-05-30,6,2,268,40.7131968505748,-73.722268524626,600,D,GD ,48,CLM,55000.0,542,123,Luis Saez,500,6,BEL_2019-05-30_6_2,0,BEL_2019-05-30_6,1149,Wildcat Belle,2019-05-30 17:43:07.000,BEL_2019-05-30_6_1149,0.003980586853265407,57.320450687021854,0.94,4
2557639,BEL,2019-10-18,1,5,261,40.7140230109458,-73.7247889070002,700,T,GD ,90,MCL,52000.0,116,114,Joey R. Martinez,1220,7,BEL_2019-10-18_1_5,0,BEL_2019-10-18_1,2237,Knockout Punch,2019-10-18 13:17:05.250,BEL_2019-10-18_1_2237,0.004815338764754511,69.34087821246496,0.78,4
2183666,BEL,2019-04-28,1,1,57,40.7163119840101,-73.7198832746632,800,D,FT ,50,MCL,33000.0,130,126,Edward Escobar,4625,5,BEL_2019-04-28_1_1,0,BEL_2019-04-28_1,456,Freudian Analyst,2019-04-28 13:30:14.250,BEL_2019-04-28_1_456,0.005077424174608265,73.11490811435901,0.15,1
2349801,BEL,2019-04-26,7,2,127,40.7171187695572,-73.7274029800498,650,D,SY ,48,ALW,82000.0,509,125,Samuel Camacho Jr.,590,5,BEL_2019-04-26_7_2,0,BEL_2019-04-26_7,591,Aunt Babe,2019-04-26 17:09:31.750,BEL_2019-04-26_7_591,0.0050695614306927725,73.00168460197592,0.38,2
1793633,SAR,2019-08-30,2,3,156,43.0700300488243,-73.7687838136724,900,D,FT ,78,CLM,34000.0,134,125,Dylan Davis,800,6,SAR_2019-08-30_2_3,0,SAR_2019-08-30_2,499,Call Me,2019-08-30 13:34:39.000,SAR_2019-08-30_2_499,0.005104122588941007,73.4993652807505,0.35,2
1269864,BEL,2019-06-14,1,3,180,40.7177381693009,-73.7253966433342,850,D,FT ,44,MCL,41000.0,130,125,Rajiv Maragh,480,3,BEL_2019-06-14_1_3,0,BEL_2019-06-14_1,134,Joule,2019-06-14 13:30:45.000,BEL_2019-06-14_1_134,0.004708851541660793,67.80746219991542,0.4,2
2363299,BEL,2019-10-18,1,9,260,40.7140501741795,-73.7248588771905,700,T,GD ,90,MCL,52000.0,116,120,Eric Cancel,550,8,BEL_2019-10-18_1_9,0,BEL_2019-10-18_1,3668,Bebeau,2019-10-18 13:17:05.000,BEL_2019-10-18_1_3668,0.004783959378805427,68.88901505479815,0.77,4
3718976,BEL,2019-10-12,2,5,38,40.7135852103129,-73.7181251081258,850,I,FM ,54,CLM,60000.0,118,121,Joe Bravo,160,2,BEL_2019-10-12_2_5,0,BEL_2019-10-12_2,3913,Decorated Ace,2019-10-12 13:18:09.500,BEL_2019-10-12_2_3913,0.005047832416861625,72.6887868028074,0.1,1
4729893,SAR,2019-08-30,7,2,111,43.0730771480834,-73.7643854174025,550,D,FT ,52,MSW,90000.0,415,119,Dylan Davis,3350,3,SAR_2019-08-30_7_2,0,SAR_2019-08-30_7,2059,Kansas Kis,2019-08-30 16:15:27.750,SAR_2019-08-30_7_2059,0.004974828803994529,71.63753477752121,0.42,2
286342,AQU,2019-04-06,4,5,239,40.6743065564002,-73.8306723305355,700,D,FT ,44,CLM,28000.0,234,120,Dylan Davis,1130,3,AQU_2019-04-06_4_5,0,AQU_2019-04-06_4,534,Kenyan,2019-04-06 14:34:59.750,AQU_2019-04-06_4_534,0.004463957669433117,64.28099043983688,0.71,3
4812080,SAR,2019-08-29,7,4,5,43.0696200378391,-73.7697958282972,600,D,FT ,48,MSW,78000.0,414,119,John R. Velazquez,305,2,SAR_2019-08-29_7_4,0,SAR_2019-08-29_7,1951,Myawaya,2019-08-29 16:14:01.250,SAR_2019-08-29_7_1951,0.0022056853446125084,31.76186896242012,0.01,1
831486,BEL,2019-09-12,7,4,207,40.7141754475423,-73.7259380537918,650,D,FT ,38,AOC,85000.0,612,121,Dylan Davis,1240,3,BEL_2019-09-12_7_4,0,BEL_2019-09-12_7,3663,Squan's Kingdom,2019-09-12 18:12:51.750,BEL_2019-09-12_7_3663,0.004685156267104683,67.46625024630744,0.68,3
3755926,AQU,2019-02-21,7,4,142,40.6743898056911,-73.8270787100547,700,D,SY ,45,SOC,60000.0,408,120,Manuel Franco,140,1,AQU_2019-02-21_7_4,1,AQU_2019-02-21_7,80,Regal Retort,2019-02-21 16:08:35.500,AQU_2019-02-21_7_80,0.004907540153014004,70.66857820340167,0.41,2
149245,AQU,2019-11-23,5,5,67,40.6723433841669,-73.8282124764541,600,O,GD ,58,CLM,48000.0,152,122,Jose L. Ortiz,245,5,AQU_2019-11-23_5_5,0,AQU_2019-11-23_5,2393,Banana Thief,2019-11-23 13:52:16.750,AQU_2019-11-23_5_2393,0.005414049169099924,77.9623080350389,0.23,1
3970143,SAR,2019-08-15,9,6,337,43.072116854997,-73.7698286251663,800,I,FM ,83,MSW,78000.0,519,118,John R. Velazquez,2300,3,SAR_2019-08-15_9_6,0,SAR_2019-08-15_9,2730,Petalite,2019-08-15 17:20:24.250,SAR_2019-08-15_9_2730,0.004834787435228759,69.62093906729413,0.89,4
3500858,BEL,2019-09-25,2,6,137,40.7172544522975,-73.7232860638227,850,D,FT ,54,CLM,28000.0,133,120,Kendrick Carmouche,790,6,BEL_2019-09-25_2_6,0,BEL_2019-09-25_2,1863,Lucky Bet,2019-09-25 13:33:34.250,BEL_2019-09-25_2_1863,0.004879032973134348,70.2580748131346,0.34,2
2102732,BEL,2019-05-27,11,11,103,40.7172191754846,-73.725506340468,600,I,FM ,90,MCL,41000.0,657,124,Tzeonn Chang,9800,12,BEL_2019-05-27_11_11,0,BEL_2019-05-27_11,902,Blessed Honour,2019-05-27 18:57:25.750,BEL_2019-05-27_11_902,0.005184515874246165,74.65702858914477,0.36,2
3683561,BEL,2019-10-12,4,3,273,40.7131966502225,-73.721287768369,600,T,FM ,103,ALW,77000.0,224,118,Joel Rosario,275,1,BEL_2019-10-12_4_3,1,BEL_2019-10-12_4,2411,Honey I'm Good,2019-10-12 14:25:08.250,BEL_2019-10-12_4_2411,0.004236185182184154,61.00106662345182,0.99,4
261059,AQU,2019-11-02,5,5,7,40.6704121172737,-73.828721959243,600,D,FT ,40,CLM,28000.0,207,122,Jorge A. Vargas Jr.,4450,9,AQU_2019-11-02_5_5,0,AQU_2019-11-02_5,1644,Lord Simba,2019-11-02 14:07:01.750,AQU_2019-11-02_5_1644,0.0032215560072274257,46.39040650407493,0.02,1
4002782,AQU,2019-11-01,3,2,270,40.6720695898135,-73.831700731675,650,D,GD ,36,CLM,38000.0,100,120,Samuel Camacho Jr.,2425,4,AQU_2019-11-01_3_2,0,AQU_2019-11-01_3,83,Whyisshesoolucky,2019-11-01 13:01:07.500,AQU_2019-11-01_3_83,0.00434036770253742,62.501294916538846,0.89,4
3998825,BEL,2019-07-04,8,1,68,40.7159766419229,-73.7194813774369,800,T,FM ,182,STK,100000.0,520,116,Manuel Franco,950,6,BEL_2019-07-04_8_1,0,BEL_2019-07-04_8,69,Pulsate,2019-07-04 17:20:17.000,BEL_2019-07-04_8_69,0.0053070013730125674,76.42081977138098,0.18,1
4587764,BEL,2019-09-27,4,7,89,40.7163998421771,-73.7209184157863,800,T,FM ,172,MSW,62000.0,225,119,Manuel Franco,1010,6,BEL_2019-09-27_4_7,0,BEL_2019-09-27_4,2805,Courageous Girl,2019-09-27 14:25:22.250,BEL_2019-09-27_4_2805,0.00509267386315348,73.33450362941011,0.23,1
5071314,AQU,2019-11-23,6,12,362,40.6727301432722,-73.8307354185769,850,T,GD ,162,MSW,70000.0,223,119,Junior Alvarado,2400,8,AQU_2019-11-23_6_12,0,AQU_2019-11-23_6,2402,Queens Empire (IRE),2019-11-23 14:24:30.500,AQU_2019-11-23_6_2402,0.00513237066308811,73.90613754846879,0.84,4
2343097,AQU,2019-02-09,4,7,92,40.6730267909229,-73.8275410010907,650,D,FT ,45,MCL,33000.0,228,123,Samuel Camacho Jr.,650,3,AQU_2019-02-09_4_7,0,AQU_2019-02-09_4,455,Noble Behavior,2019-02-09 14:28:23.000,AQU_2019-02-09_4_455,0.00509442846630743,73.359769914827,0.28,2
2369829,AQU,2019-04-13,2,1,122,40.6718072651732,-73.8281150956531,800,D,SY ,54,CLM,57000.0,200,122,Kendrick Carmouche,770,2,AQU_2019-04-13_2_1,0,AQU_2019-04-13_2,128,Bee'snbee's,2019-04-13 14:00:30.500,AQU_2019-04-13_2_128,0.004917771898671724,70.81591534087283,0.3,2
501189,BEL,2019-06-30,7,1,66,40.716190511908,-73.7193921593958,850,D,FT ,45,STK,100000.0,445,124,Junior Alvarado,95,1,BEL_2019-06-30_7_1,1,BEL_2019-06-30_7,681,Mr. Buff,2019-06-30 16:45:16.500,BEL_2019-06-30_7_681,0.004944764734313392,71.20461217411285,0.17,1
4226997,SAR,2019-07-27,6,4,195,43.0735243708102,-73.7675362763102,600,D,FT ,45,ALW,80000.0,358,120,Junior Alvarado,4600,12,SAR_2019-07-27_6_4,0,SAR_2019-07-27_6,1285,Shesasuperfreak,2019-07-27 15:58:48.750,SAR_2019-07-27_6_1285,0.003849123367108028,55.4273764863556,0.58,3
4368737,AQU,2019-11-10,9,9,3,40.6696105748886,-73.8295354234048,600,O,FM ,58,STK,100000.0,351,120,Jose L. Ortiz,2875,6,AQU_2019-11-10_9_9,0,AQU_2019-11-10_9,1973,A Freud of Mama,2019-11-10 15:51:00.750,AQU_2019-11-10_9_1973,0.0027536550148392295,39.6526322136849,0.01,1
1696702,AQU,2019-02-07,1,3,60,40.6706160809712,-73.8286859000776,700,D,MY ,44,CLM,28000.0,1251,122,Dylan Davis,400,3,AQU_2019-02-07_1_3,0,AQU_2019-02-07_1,500,Sandy Lane,2019-02-07 12:51:15.000,AQU_2019-02-07_1_500,0.005216230090160462,75.11371329831066,0.17,1
500158,AQU,2019-12-28,4,5,341,40.6742853971322,-73.8306422615579,900,D,FT ,82,STK,100000.0,157,126,Junior Alvarado,55,1,AQU_2019-12-28_4_5,1,AQU_2019-12-28_4,681,Mr. Buff,2019-12-28 13:58:25.250,AQU_2019-12-28_4_681,0.004834810098194234,69.62126541399697,0.77,4
5034361,AQU,2019-02-07,8,7,225,40.6755827922156,-73.8284959663509,800,D,MY ,52,CLM,16000.0,433,119,Dalton Brown,6925,3,AQU_2019-02-07_8_7,0,AQU_2019-02-07_8,870,Orpheus (ARG),2019-02-07 16:33:56.250,AQU_2019-02-07_8_870,0.004663771291625989,67.15830659941423,0.58,3
3480575,AQU,2019-02-03,6,6,144,40.675271589683,-73.8276797055126,650,D,FT ,36,MSW,60000.0,326,120,Eric Cancel,6075,7,AQU_2019-02-03_6_6,0,AQU_2019-02-03_6,834,Dancing Slippers,2019-02-03 15:26:36.000,AQU_2019-02-03_6_834,0.004626935070698774,66.62786501806234,0.43,2
4772755,SAR,2019-08-10,7,9,255,43.0723783321264,-73.770515366158,600,D,FT ,55,MSW,90000.0,443,119,Jose Lezcano,3650,7,SAR_2019-08-10_7_9,0,SAR_2019-08-10_7,1788,Hostile Witness,2019-08-10 16:44:03.750,SAR_2019-08-10_7_1788,0.0039568068431654994,56.97801854158319,0.89,4
804808,BEL,2019-07-03,8,4,212,40.7138162218276,-73.7247448524295,600,D,FT ,54,CLM,28000.0,518,123,Eric Cancel,410,1,BEL_2019-07-03_8_4,1,BEL_2019-07-03_8,3066,Remstin,2019-07-03 17:18:53.000,BEL_2019-07-03_8_3066,0.004794407412103143,69.03946673428526,0.75,3
1138085,SAR,2019-08-29,2,7,200,43.070732092156,-73.7683937119291,900,I,FM ,24,AOC,83000.0,135,122,Chris Landeros,1390,7,SAR_2019-08-29_2_7,0,SAR_2019-08-29_2,1498,We Should Talk,2019-08-29 13:35:50.000,SAR_2019-08-29_2_1498,0.004671588596336938,67.27087578725191,0.48,2
287035,BEL,2019-05-19,1,3,334,40.713464642291,-73.7232813306017,800,D,FT ,52,CLM,32000.0,130,123,Dylan Davis,3725,5,BEL_2019-05-19_1_3,0,BEL_2019-05-19_1,534,Kenyan,2019-05-19 13:31:23.500,BEL_2019-05-19_1_534,0.004050870665871532,58.33253758855006,0.88,4
413858,AQU,2019-03-30,3,2,58,40.6706775985977,-73.8286217506123,700,D,FT ,44,SST,45000.0,240,118,Joey R. Martinez,730,4,AQU_2019-03-30_3_2,0,AQU_2019-03-30_3,57,Samadi Sky,2019-03-30 14:40:14.500,AQU_2019-03-30_3_57,0.005212136399224831,75.05476414883756,0.16,1
2335347,AQU,2019-01-12,5,3,242,40.6725603471143,-73.8314664573693,600,D,FT ,45,CLM,28000.0,231,118,Reylu Gutierrez,2050,6,AQU_2019-01-12_5_3,0,AQU_2019-01-12_5,345,Espresso Caliente,2019-01-12 14:32:00.500,AQU_2019-01-12_5_345,0.004939804155692038,71.13317984196534,0.83,4
1829273,AQU,2019-04-11,9,11,160,40.6752155255865,-73.8295704602243,600,O,FM ,47,MCL,41000.0,549,125,Oscar Gomez,10025,11,AQU_2019-04-11_9_11,0,AQU_2019-04-11_9,310,Princess Alana,2019-04-11 17:49:40.000,AQU_2019-04-11_9_310,0.004615142111636494,66.45804640756552,0.57,3
3213070,BEL,2019-09-18,3,6,92,40.7166230104736,-73.7208052391705,850,D,FT ,46,ALW,77000.0,405,120,Irad Ortiz Jr.,680,3,BEL_2019-09-18_3_6,0,BEL_2019-09-18_3,2481,Foolish Living,2019-09-18 16:05:23.000,BEL_2019-09-18_3_2481,0.00546567208295426,78.70567799454135,0.22,1
182404,BEL,2019-06-07,4,1,104,40.717615332092,-73.7263924783383,650,D,FT ,52,AOC,80000.0,233,123,Jose Lezcano,175,1,BEL_2019-06-07_4_1,1,BEL_2019-06-07_4,288,H Man,2019-06-07 14:33:26.000,BEL_2019-06-07_4_288,0.005224668252574047,75.23522283706627,0.34,2
292682,SAR,2019-07-28,6,5,165,43.0701652579948,-73.7684266789047,900,D,FT ,78,CLM,65000.0,346,125,Emisael Jaramillo,670,3,SAR_2019-07-28_6_5,0,SAR_2019-07-28_6,3162,Zulu,2019-07-28 15:46:41.250,SAR_2019-07-28_6_3162,0.0049611347922807044,71.44034100884214,0.39,2
2655277,BEL,2019-07-05,4,7,213,40.714355841198,-73.7246661485377,600,I,FM ,130,CLM,39000.0,310,111,Benjamin Hernandez,2700,5,BEL_2019-07-05_4_7,0,BEL_2019-07-05_4,982,Mend Up,2019-07-05 15:10:53.250,BEL_2019-07-05_4_982,0.004920831494011884,70.85997351377112,0.76,4
3819114,BEL,2019-06-12,1,4,253,40.715581827046,-73.7279188893094,850,D,FT ,44,MCL,46000.0,131,118,Joel Rosario,450,1,BEL_2019-06-12_1_4,1,BEL_2019-06-12_1,2076,Soul Fight,2019-06-12 13:32:03.250,BEL_2019-06-12_1_2076,0.004625663512026952,66.60955457318812,0.6,3
1545320,BEL,2019-10-20,10,12,175,40.7163873465495,-73.7276739024569,700,T,GD ,90,WMC,41000.0,512,124,Keivan Serrano,5500,5,BEL_2019-10-20_10_12,0,BEL_2019-10-20_10,304,Highleelikelee,2019-10-20 17:12:43.750,BEL_2019-10-20_10_304,0.004653637192664203,67.01237557436451,0.49,2
4666993,BEL,2019-10-25,1,3,232,40.7165536808373,-73.7278093062912,850,D,FT ,50,MSW,75000.0,115,119,Manuel Franco,1050,1,BEL_2019-10-25_1_3,1,BEL_2019-10-25_1,2579,I Dare U,2019-10-25 13:15:58.000,BEL_2019-10-25_1_2579,0.004833428734538784,69.60137377735849,0.56,3
2763235,AQU,2019-03-15,6,4,109,40.6711842053843,-73.8284250819403,800,D,FT ,54,MCL,35000.0,422,120,Dylan Davis,380,2,AQU_2019-03-15_6_4,0,AQU_2019-03-15_6,974,Inclunation,2019-03-15 16:22:27.250,AQU_2019-03-15_6_974,0.005056958788404493,72.8202065530247,0.28,2
1590476,BEL,2019-06-02,9,1,172,40.7152117858801,-73.7277100000397,650,D,FT ,50,AOC,85000.0,548,123,Joel Rosario,1210,5,BEL_2019-06-02_9_1,0,BEL_2019-06-02_9,889,Mo Flash,2019-06-02 17:48:43.000,BEL_2019-06-02_9_889,0.004953326013130752,71.32789458908283,0.57,3
6605,AQU,2019-12-13,2,6,174,40.673585173716,-73.8273179985867,800,D,GD ,54,CLM,22000.0,1259,125,Silvestre Gonzalez,1090,7,AQU_2019-12-13_2_6,0,AQU_2019-12-13_2,2177,Mobridge,2019-12-13 12:59:43.500,AQU_2019-12-13_2_2177,0.004580515551433496,65.95942394064235,0.44,2
1775416,BEL,2019-05-30,3,4,45,40.715919438121,-73.7181654847157,850,D,GD ,44,ALW,82000.0,407,126,Jose Lezcano,800,2,BEL_2019-05-30_3_4,0,BEL_2019-05-30_3,1236,South of the Shore,2019-05-30 16:07:11.250,BEL_2019-05-30_3_1236,0.005193316762994556,74.78376138712161,0.11,1
4295546,BEL,2019-10-27,1,10,55,40.7160117720657,-73.7186508929439,850,D,SY ,48,MSW,75000.0,1221,119,Jose L. Ortiz,550,3,BEL_2019-10-27_1_10,0,BEL_2019-10-27_1,2266,Breithorn,2019-10-27 12:21:13.750,BEL_2019-10-27_1_2266,0.005278160306934229,76.0055084198529,0.13,1
198511,AQU,2019-11-16,3,4,235,40.6737229465803,-73.827974409749,850,T,FM ,138,CLM,48000.0,1256,121,Eric Cancel,1380,6,AQU_2019-11-16_3_4,0,AQU_2019-11-16_3,524,Daddy D T,2019-11-16 12:56:58.750,AQU_2019-11-16_3_524,0.004670904656758989,67.26102705732944,0.58,3
5184166,AQU,2019-11-30,9,3,255,40.6698336102597,-73.830209413058,1100,T,GD ,62,STK,400000.0,346,122,Hector Rafael Diaz Jr.,7800,11,AQU_2019-11-30_9_3,0,AQU_2019-11-30_9,2568,Entropia (ARG),2019-11-30 15:47:03.750,AQU_2019-11-30_9_2568,0.00437913237129215,63.05950614660696,0.49,2
477567,BEL,2019-10-19,7,1,139,40.7164421796429,-73.7278791796338,650,D,FT ,56,STK,150000.0,342,124,Jose Lezcano,430,3,BEL_2019-10-19_7_1,0,BEL_2019-10-19_7,959,Holiday Disguise,2019-10-19 15:42:34.750,BEL_2019-10-19_7_959,0.004945310966318569,71.21247791498739,0.46,2
1856085,BEL,2019-10-04,1,4,26,40.7168153702068,-73.7215583926525,650,D,MY ,48,MCL,30000.0,115,124,Dylan Davis,385,4,BEL_2019-10-04_1_4,0,BEL_2019-10-04_1,1735,Cavaradossi,2019-10-04 13:15:06.500,BEL_2019-10-04_1_1735,0.004732918893625876,68.15403206821262,0.08,1
2263378,AQU,2019-03-08,2,1,116,40.6716055259711,-73.8282265265511,800,D,FT ,54,AOC,75000.0,125,123,Manuel Franco,315,4,AQU_2019-03-08_2_1,0,AQU_2019-03-08_2,227,New Year's Wish,2019-03-08 13:25:29.000,AQU_2019-03-08_2_227,0.005096039190014325,73.38296433620627,0.3,2
4178263,BEL,2019-09-25,6,2,109,40.7166907996168,-73.7221799996407,800,T,FM ,168,CLM,55000.0,339,120,Eric Cancel,610,4,BEL_2019-09-25_6_2,0,BEL_2019-09-25_6,1485,Honorable Hero,2019-09-25 15:39:27.250,BEL_2019-09-25_6_1485,0.005151561266704314,74.18248224054211,0.28,2
1052428,AQU,2019-11-08,7,9,96,40.6707002080437,-73.8285609168679,800,D,FT ,54,AOC,70000.0,317,121,Junior Alvarado,1020,7,AQU_2019-11-08_7_9,0,AQU_2019-11-08_7,986,Twisted Tom,2019-11-08 15:17:24.000,AQU_2019-11-08_7_986,0.005076381104959162,73.09988791141193,0.25,2
1013558,SAR,2019-07-26,4,2,97,43.0695319767058,-73.7718898369052,900,D,MY ,77,AOC,95000.0,249,122,Ricardo Santana Jr.,1110,5,SAR_2019-07-26_4_2,0,SAR_2019-07-26_4,4218,Viva Forever,2019-07-26 14:49:24.250,SAR_2019-07-26_4_4218,0.004654204385030191,67.02054314443475,0.22,1
2115502,BEL,2019-05-04,10,8,352,40.7145554753055,-73.7256741739827,900,I,SF ,175,STK,150000.0,456,121,Eric Cancel,1430,7,BEL_2019-05-04_10_8,0,BEL_2019-05-04_10,1341,Maraud,2019-05-04 16:57:28.000,BEL_2019-05-04_10_1341,0.0046557773597750065,67.0431939807601,0.79,4
3200353,AQU,2019-03-09,1,4,213,40.6734478401294,-73.8310555506828,600,D,FT ,45,MSW,60000.0,1221,120,Junior Alvarado,220,1,AQU_2019-03-09_1_4,1,AQU_2019-03-09_1,1124,Oh My Papa,2019-03-09 12:21:53.250,AQU_2019-03-09_1_1124,0.004718658174843841,67.94867771775131,0.73,3
245706,AQU,2019-12-07,3,3,361,40.670735308644,-73.8323878877596,700,D,FT ,48,CLM,40000.0,1230,119,Dylan Davis,1500,6,AQU_2019-12-07_3_3,0,AQU_2019-12-07_3,1819,Lucky Ramsey,2019-12-07 12:31:30.250,AQU_2019-12-07_3_1819,0.00232377588067595,33.462372681733676,0.99,4
4749776,SAR,2019-08-16,1,9,402,43.0715409909223,-73.7713706503492,850,I,FM ,20,MSW,78000.0,100,119,Luis Saez,3950,10,SAR_2019-08-16_1_9,0,SAR_2019-08-16_1,1669,Victory Built,2019-08-16 13:01:40.500,SAR_2019-08-16_1_1669,0.0033635213506142433,48.4347074488451,1.0,4
3527387,BEL,2019-06-13,2,10,393,40.7130276144565,-73.7217343263363,800,D,SY ,48,MSW,62000.0,337,118,Kendrick Carmouche,1680,6,BEL_2019-06-13_2_10,0,BEL_2019-06-13_2,3372,Tax Me Naught,2019-06-13 15:38:38.250,BEL_2019-06-13_2_3372,0.0034616628387316994,49.847944877736474,0.94,4
5026338,SAR,2019-07-21,11,1,65,43.0711002773516,-73.7667170639322,550,T,FM ,88,STK,200000.0,616,118,Junior Alvarado,4600,6,SAR_2019-07-21_11_1,0,SAR_2019-07-21_11,4178,Miss Gossip (IRE),2019-07-21 18:16:16.250,SAR_2019-07-21_11_4178,0.005409511297352462,77.89696268187545,0.25,2
3429170,BEL,2019-05-19,5,5,227,40.7162310760977,-73.7276436221254,800,T,FM ,108,MSW,62000.0,348,118,John R. Velazquez,4150,7,BEL_2019-05-19_5_5,0,BEL_2019-05-19_5,3088,Barton Hall,2019-05-19 15:48:56.750,BEL_2019-05-19_5_3088,0.004960583196835284,71.43239803442809,0.6,3
2122935,BEL,2019-05-19,4,4,65,40.7131775224783,-73.7201078607215,1000,I,FM ,92,AOC,90000.0,309,122,Javier Castellano,180,4,BEL_2019-05-19_4_4,0,BEL_2019-05-19_4,3083,Osare,2019-05-19 15:09:16.250,BEL_2019-05-19_4_3083,0.004837333353809618,69.6576002948585,0.14,1
2921527,SAR,2019-08-24,7,4,213,43.073866753852,-73.7666815503376,700,D,FT ,32,STK,500000.0,300,118,Chris Landeros,1270,7,SAR_2019-08-24_7_4,0,SAR_2019-08-24_7,3319,Borracho,2019-08-24 15:00:53.250,SAR_2019-08-24_7_3319,0.005058661316277302,72.84472295439315,0.67,3
3600585,AQU,2019-11-07,7,7,62,40.6725681402873,-73.8277154734003,600,D,FT ,38,AOC,70000.0,319,117,Benjamin Hernandez,1070,5,AQU_2019-11-07_7_7,0,AQU_2019-11-07_7,279,Wadadli Princess,2019-11-07 15:19:15.500,AQU_2019-11-07_7_279,0.005870674592982328,84.53771413894553,0.21,1
848426,AQU,2019-01-06,8,6,17,40.6690436837737,-73.8293113526336,700,D,MY ,45,AOC,67000.0,428,119,Luis R. Reyes,820,5,AQU_2019-01-06_8_6,0,AQU_2019-01-06_8,222,Horoscope,2019-01-06 16:28:04.250,AQU_2019-01-06_8_222,0.004524668984410174,65.1552333755065,0.05,1
1646946,BEL,2019-04-27,5,3,124,40.716412864853,-73.7278757503479,600,D,FT ,54,CLM,42000.0,340,123,Joel Rosario,1200,4,BEL_2019-04-27_5_3,0,BEL_2019-04-27_5,189,Alrahaal,2019-04-27 15:40:31.000,BEL_2019-04-27_5_189,0.005069647268981104,73.00292067332789,0.44,2
2845004,AQU,2019-02-07,5,1,321,40.67313195128,-73.8312240686633,800,D,MY ,52,AOC,64000.0,258,120,Eric Cancel,145,4,AQU_2019-02-07_5_1,0,AQU_2019-02-07_5,864,Southern King,2019-02-07 14:59:20.250,AQU_2019-02-07_5_864,0.003928431940931818,56.56941994941818,0.82,4
1673619,AQU,2019-03-15,5,5,74,40.6730052102822,-73.8275424607291,600,D,FT ,45,CLM,36000.0,349,122,Hector Rafael Diaz Jr.,280,1,AQU_2019-03-15_5_5,1,AQU_2019-03-15_5,206,Zecha,2019-03-15 15:49:18.500,AQU_2019-03-15_5_206,0.005312449013686161,76.49926579708072,0.24,1
4530648,BEL,2019-09-07,5,7,194,40.7144326676244,-73.726853934714,650,D,FT ,54,MSW,75000.0,309,119,John R. Velazquez,105,1,BEL_2019-09-07_5_7,1,BEL_2019-09-07_5,2678,Alpha Sixty Six,2019-09-07 15:09:48.500,BEL_2019-09-07_5_2678,0.0049049699465190475,70.63156722987428,0.63,3
3854910,BEL,2019-06-13,6,7,37,40.715747203166,-73.717555582462,850,D,SY ,44,MCL,41000.0,542,118,Javier Castellano,590,4,BEL_2019-06-13_6_7,0,BEL_2019-06-13_6,2014,Solar,2019-06-13 17:42:09.250,BEL_2019-06-13_6_2014,0.004942044943556666,71.165447187216,0.09,1
3681635,AQU,2019-02-16,9,8,395,40.6710852894073,-73.8321495828995,800,D,FT ,54,MCL,35000.0,512,120,Jose Lezcano,345,9,AQU_2019-02-16_9_8,0,AQU_2019-02-16_9,668,Chuckles,2019-02-16 17:13:38.750,AQU_2019-02-16_9_668,0.002381481149740288,34.29332855626014,0.99,4
3565972,BEL,2019-05-09,9,6,302,40.7133612111296,-73.7209803087442,600,I,GD ,172,ALW,66000.0,719,113,Benjamin Hernandez,2220,9,BEL_2019-05-09_9_6,0,BEL_2019-05-09_9,278,Countable,2019-05-09 19:20:15.500,BEL_2019-05-09_9_278,0.0036549129549049895,52.63074655063185,0.93,4
3851340,BEL,2019-09-26,4,6,28,40.7171807281064,-73.7229007535026,600,D,FT ,48,MCL,33000.0,236,121,Jose Lezcano,125,2,BEL_2019-09-26_4_6,0,BEL_2019-09-26_4,990,Freudian Sip,2019-09-26 14:36:07.000,BEL_2019-09-26_4_990,0.005255313291739968,75.67651140105555,0.09,1
1182076,BEL,2019-10-06,1,2,116,40.7157669455556,-73.7202562252229,850,I,FM ,38,MSW,62000.0,1248,124,Irad Ortiz Jr.,1690,6,BEL_2019-10-06_1_2,0,BEL_2019-10-06_1,2241,Go Zappem,2019-10-06 12:48:29.000,BEL_2019-10-06_1_2241,0.004862820469526283,70.02461476117847,0.29,2
1905882,AQU,2019-01-27,5,4,127,40.6753354056029,-73.8277905097883,600,D,FT ,45,AOC,67000.0,232,123,Eric Cancel,1240,5,AQU_2019-01-27_5_4,0,AQU_2019-01-27_5,713,Five Star Bunt,2019-01-27 14:32:31.750,AQU_2019-01-27_5_713,0.004962777292931255,71.46399301821006,0.44,2
2582263,BEL,2019-05-17,2,6,109,40.7175698420229,-73.7265790382355,650,D,FT ,60,CLM,50000.0,201,118,Jose Lezcano,70,3,BEL_2019-05-17_2_6,0,BEL_2019-05-17_2,811,Running Violence,2019-05-17 14:01:27.250,BEL_2019-05-17_2_811,0.005165029386089026,74.37642315968198,0.35,2
3104849,BEL,2019-05-30,7,3,172,40.7177521340255,-73.7254081452001,850,D,SY ,44,MSW,80000.0,612,118,John R. Velazquez,760,4,BEL_2019-05-30_7_3,0,BEL_2019-05-30_7,3191,Cairo Cutie,2019-05-30 18:12:43.000,BEL_2019-05-30_7_3191,0.004806441450371082,69.21275688534358,0.39,2
1289969,AQU,2019-01-04,3,3,217,40.6735892261547,-73.8309851496562,600,D,FT ,48,CLM,28000.0,157,123,Harry Hernandez,385,1,AQU_2019-01-04_3_3,1,AQU_2019-01-04_3,74,Speed Khaleesi,2019-01-04 13:57:54.250,AQU_2019-01-04_3_74,0.004388309636358327,63.19165876355991,0.73,3
2271524,AQU,2019-11-27,2,1,103,40.67081695826,-73.8285968303775,800,D,FT ,54,CLM,28000.0,1250,121,Dylan Davis,335,5,AQU_2019-11-27_2_1,0,AQU_2019-11-27_2,2464,Theodosia,2019-11-27 12:50:25.750,AQU_2019-11-27_2_2464,0.004777541041443248,68.79659099678277,0.26,2
3841132,AQU,2019-12-21,6,7,179,40.6754480668494,-73.8296649379227,650,D,FT ,54,CLM,28000.0,303,122,Benjamin Hernandez,470,5,AQU_2019-12-21_6_7,0,AQU_2019-12-21_6,1224,Bassman Dave,2019-12-21 15:03:44.750,AQU_2019-12-21_6_1224,0.004749652016670863,68.39498904006042,0.56,3
2750786,SAR,2019-07-14,8,1A,360,43.071968876455,-73.7703098444749,850,I,FM ,28,AOC,92000.0,516,122,Rajiv Maragh,6200,5,SAR_2019-07-14_8_1A,0,SAR_2019-07-14_8,64,Fancy That,2019-07-14 17:17:30.000,SAR_2019-07-14_8_64,0.005007206256437056,72.10377009269361,0.92,4
3861744,BEL,2019-06-19,4,4,17,40.715801912409,-73.7177353788361,800,D,GD ,52,MCL,33000.0,308,118,Dylan Davis,315,2,BEL_2019-06-19_4_4,0,BEL_2019-06-19_4,2885,Bad Sueno,2019-06-19 15:08:04.250,BEL_2019-06-19_4_2885,0.004122298555728181,59.36109920248581,0.04,1
1685395,AQU,2019-02-09,2,3,308,40.6721668156921,-73.8316389461153,700,D,FT ,44,CLM,20000.0,124,118,Joey R. Martinez,335,4,AQU_2019-02-09_2_3,0,AQU_2019-02-09_2,610,Elizabeth Nicole,2019-02-09 13:25:17.000,AQU_2019-02-09_2_610,0.004031893206947822,58.059262180048634,0.86,4
2243321,BEL,2019-10-16,2,1,80,40.7176972052761,-73.7260721186221,600,D,FT ,64,STR,55000.0,147,121,Manuel Franco,420,2,BEL_2019-10-16_2_1,0,BEL_2019-10-16_2,559,Crea's Bklyn Law,2019-10-16 13:47:20.000,BEL_2019-10-16_2_559,0.005178474060456807,74.57002647057801,0.27,2
65421,AQU,2019-02-16,5,6,285,40.6709156564743,-73.832287742675,600,D,FT ,48,CLM,16000.0,300,119,Andre Shivnarine Worrie,1890,5,AQU_2019-02-16_5_6,0,AQU_2019-02-16_5,795,Readyheartandsoul,2019-02-16 15:01:11.250,AQU_2019-02-16_5_795,0.003592330467584948,51.72955873322325,1.0,4
4840212,BEL,2019-09-20,3,4,209,40.7147273300191,-73.7272958974613,700,D,FT ,66,STK,150000.0,407,122,Joel Rosario,110,3,BEL_2019-09-20_3_4,0,BEL_2019-09-20_3,2630,City Man,2019-09-20 16:07:52.250,BEL_2019-09-20_3_2630,0.004962270588742974,71.45669647789883,0.64,3
3912621,BEL,2019-09-29,4,1,181,40.7158569574182,-73.7277284781092,700,T,FM ,90,MCL,41000.0,237,121,Manuel Franco,210,4,BEL_2019-09-29_4_1,0,BEL_2019-09-29_4,1379,Red Mule,2019-09-29 14:37:45.250,BEL_2019-09-29_4_1379,0.004878985681153937,70.25739380861668,0.55,3
2417548,BEL,2019-05-19,9,8,204,40.717439770883,-73.7260917691888,850,T,FM ,88,MCL,41000.0,556,118,Manuel Franco,710,1,BEL_2019-05-19_9_8,1,BEL_2019-05-19_9,1424,Middle Out,2019-05-19 17:56:51.000,BEL_2019-05-19_9_1424,0.005049618389034829,72.71450480210154,0.49,2
5222127,SAR,2019-08-31,1,1,314,43.0730815072836,-73.7674022814811,850,I,FM ,20,MSW,90000.0,1232,119,Javier Castellano,960,6,SAR_2019-08-31_1_1,0,SAR_2019-08-31_1,1780,King's Honor (IRE),2019-08-31 12:33:18.500,SAR_2019-08-31_1_1780,0.004809561808331109,69.25769003996797,0.79,4
4934705,BEL,2019-10-03,1,2,145,40.7161524078669,-73.727924014673,650,D,SY ,48,MCL,52000.0,115,120,Johan Rosado,1080,6,BEL_2019-10-03_1_2,0,BEL_2019-10-03_1,3861,Runaway Star,2019-10-03 13:15:36.250,BEL_2019-10-03_1_3861,0.004723918781736682,68.02443045700822,0.45,2
108793,AQU,2019-01-11,7,8,92,40.6721128359536,-73.8279542522051,700,D,FT ,44,ALW,64000.0,359,125,Harry Hernandez,6000,7,AQU_2019-01-11_7_8,0,AQU_2019-01-11_7,298,Swivel,2019-01-11 15:59:23.000,AQU_2019-01-11_7_298,0.005132271844378891,73.90471455905603,0.26,2
267602,AQU,2019-11-15,9,7,218,40.6743311272012,-73.8277714461092,800,T,FM ,72,CLM,57000.0,354,123,Joel Rosario,520,2,AQU_2019-11-15_9_7,0,AQU_2019-11-15_9,2146,Siding Spring,2019-11-15 15:54:54.500,AQU_2019-11-15_9_2146,0.0049828255616851305,71.75268808826588,0.58,3
4462759,AQU,2019-12-29,9,9,22,40.6674105017117,-73.8300052952522,800,D,FT ,54,MCL,35000.0,419,119,Daisuke Fukumoto,4975,8,AQU_2019-12-29_9_9,0,AQU_2019-12-29_9,2378,John Want Revenge,2019-12-29 16:19:05.500,AQU_2019-12-29_9_2378,0.004174931849253234,60.119018629246575,0.05,1
711334,AQU,2019-02-17,4,3,293,40.6755231383223,-73.8293933716385,900,D,FT ,96,AOC,67000.0,230,123,Eric Cancel,380,3,AQU_2019-02-17_4_3,0,AQU_2019-02-17_4,641,Carthon,2019-02-17 14:31:13.250,AQU_2019-02-17_4_641,0.004619356718229035,66.5187367424981,0.67,3
1903463,AQU,2019-03-01,4,4,295,40.674437515048,-73.8305670783106,800,D,FT ,54,MSW,60000.0,230,126,Carlos J. Hernandez,3600,5,AQU_2019-03-01_4_4,0,AQU_2019-03-01_4,375,Martini Lane,2019-03-01 14:31:13.750,AQU_2019-03-01_4_375,0.003719330998007678,53.55836637131056,0.71,3
3944603,BEL,2019-07-03,3,4,122,40.714300582369,-73.7178627844797,1000,I,FM ,130,MSW,90000.0,235,116,Jose L. Ortiz,540,1,BEL_2019-07-03_3_4,1,BEL_2019-07-03_3,3223,Channel Island,2019-07-03 14:35:30.500,BEL_2019-07-03_3_3223,0.004760977252537083,68.55807243653399,0.26,2
1105947,AQU,2019-03-01,2,5,101,40.6706194926083,-73.8286216052895,800,D,FT ,54,STR,48000.0,126,123,Dylan Davis,170,3,AQU_2019-03-01_2_5,0,AQU_2019-03-01_2,762,Mia Bella Rossa,2019-03-01 13:26:25.250,AQU_2019-03-01_2_762,0.005061560450508652,72.88647048732459,0.25,2
2287180,BEL,2019-05-25,10,5,249,40.7137095545579,-73.7222258005013,600,I,FM ,90,AOC,85000.0,624,121,John R. Velazquez,530,5,BEL_2019-05-25_10_5,0,BEL_2019-05-25_10,3150,Battle Station,2019-05-25 18:25:02.250,BEL_2019-05-25_10_3150,0.004327322757276389,62.31344770478,0.91,4
649884,AQU,2019-01-26,7,13,234,40.6756593823894,-73.8289194540824,800,D,FT ,54,CLM,28000.0,323,117,Reylu Gutierrez,370,10,AQU_2019-01-26_7_13,0,AQU_2019-01-26_7,475,D'ambrosio,2019-01-26 15:23:58.500,AQU_2019-01-26_7_475,0.004318308883983971,62.18364792936918,0.62,3
4309857,BEL,2019-05-09,4,6,28,40.7150874977333,-73.7176717910916,800,T,GD ,162,CLM,60000.0,440,118,Jose Lezcano,960,3,BEL_2019-05-09_4_6,0,BEL_2019-05-09_4,1487,False Info,2019-05-09 16:40:07.000,BEL_2019-05-09_4_1487,0.005042421436015461,72.61086867862264,0.07,1
3035003,AQU,2019-01-05,6,1,189,40.6738667951987,-73.8308616180619,550,D,SY ,52,MSW,60000.0,258,115,Reylu Gutierrez,2875,5,AQU_2019-01-05_6_1,0,AQU_2019-01-05_6,149,Jack Bo,2019-01-05 14:58:47.250,AQU_2019-01-05_6_149,0.004546783260491864,65.47367895108283,0.68,3
161802,BEL,2019-05-17,4,6,283,40.7149840324654,-73.7272091107828,850,T,GD ,92,ALW,66000.0,304,116,Benjamin Hernandez,5050,5,BEL_2019-05-17_4_6,0,BEL_2019-05-17_4,1688,Risky Sour,2019-05-17 15:05:10.750,BEL_2019-05-17_4_1688,0.00467055597306811,67.25600601218079,0.69,3
580397,AQU,2019-02-15,2,2,171,40.6736980784142,-73.8272396031051,800,D,FT ,54,MCL,33000.0,122,121,Samuel Jimenez,4725,2,AQU_2019-02-15_2_2,0,AQU_2019-02-15_2,934,Clonedsimmard,2019-02-15 13:22:42.750,AQU_2019-02-15_2_934,0.004912102716898528,70.73427912333881,0.44,2
2890215,SAR,2019-08-16,10,12,194,43.0716236897385,-73.7660362805072,800,I,FM ,68,MCL,48000.0,550,111,Benjamin Hernandez,2500,4,SAR_2019-08-16_10_12,0,SAR_2019-08-16_10,3352,Will's Bay,2019-08-16 17:50:48.500,SAR_2019-08-16_10_3352,0.005085974139284901,73.23802760570258,0.49,2
4250311,BEL,2019-06-06,6,6,207,40.7141189888121,-73.7258104939454,650,D,FT ,44,ALW,92000.0,542,120,Javier Castellano,1080,5,BEL_2019-06-06_6_6,0,BEL_2019-06-06_6,3245,Topper T,2019-06-06 17:42:51.750,BEL_2019-06-06_6_3245,0.004842843820123635,69.73695100978034,0.69,3
4090782,AQU,2019-02-03,8,5,234,40.6741406960932,-73.8271277149402,900,D,FT ,98,STK,100000.0,429,120,Jorge A. Vargas Jr.,4725,5,AQU_2019-02-03_8_5,0,AQU_2019-02-03_8,844,Discreet Sister,2019-02-03 16:29:58.500,AQU_2019-02-03_8_844,0.004780284976346578,68.83610365939073,0.52,3
581792,BEL,2019-05-19,7,7,21,40.7131005451112,-73.7186791303945,850,I,FM ,70,CLM,60000.0,451,126,Joel Rosario,340,4,BEL_2019-05-19_7_7,0,BEL_2019-05-19_7,2621,Harv Won't Tap,2019-05-19 16:51:05.250,BEL_2019-05-19_7_2621,0.004290442683130141,61.782374637074035,0.05,1
3209799,AQU,2019-11-10,5,12,204,40.6733321621391,-73.8307468620145,600,O,FM ,58,ALW,66000.0,156,114,Joey R. Martinez,3200,4,AQU_2019-11-10_5_12,0,AQU_2019-11-10_5,1071,Coolboy,2019-11-10 13:56:51.000,AQU_2019-11-10_5_1071,0.004672496793614633,67.28395382805071,0.72,3
3495912,BEL,2019-04-27,5,13,98,40.7172845894394,-73.7271814013206,600,D,FT ,54,CLM,42000.0,340,120,Kendrick Carmouche,115,1,BEL_2019-04-27_5_13,1,BEL_2019-04-27_5,385,Loverboy Lou,2019-04-27 15:40:24.500,BEL_2019-04-27_5_385,0.00517189997527648,74.4753596439813,0.35,2
3859987,BEL,2019-10-04,7,2,203,40.7168993340586,-73.7275794221283,800,D,MY ,72,MSW,75000.0,441,120,Junior Alvarado,395,4,BEL_2019-10-04_7_2,0,BEL_2019-10-04_7,1852,Navasha,2019-10-04 16:41:50.750,BEL_2019-10-04_7_1852,0.004438738807706901,63.91783883097937,0.51,3
5226600,BEL,2019-09-06,7,9,232,40.7141888832429,-73.7239399173414,600,I,YL ,126,STK,100000.0,612,120,Manuel Franco,990,3,BEL_2019-09-06_7_9,0,BEL_2019-09-06_7,2646,Rose Flower (GER),2019-09-06 18:12:58.000,BEL_2019-09-06_7_2646,0.004641039948232485,66.83097525454778,0.77,4
4662417,SAR,2019-07-11,8,7,177,43.0738662787593,-73.766560563193,600,D,MY ,45,STK,150000.0,515,118,Joel Rosario,1320,4,SAR_2019-07-11_8_7,0,SAR_2019-07-11_8,4015,Buxom Beast,2019-07-11 17:15:44.250,SAR_2019-07-11_8_4015,0.004742872977535484,68.29737087651098,0.6,3
2357333,AQU,2019-12-20,7,7,276,40.6712618047869,-73.832101416619,600,D,FT ,58,ALW,82000.0,328,119,Julio Correa,2700,4,AQU_2019-12-20_7_7,0,AQU_2019-12-20_7,591,Aunt Babe,2019-12-20 15:29:09.000,AQU_2019-12-20_7_591,0.004042078715795782,58.205933507459264,0.96,4
1674982,BEL,2019-07-07,4,6,261,40.7131565569788,-73.722410168373,600,D,FT ,60,CLM,28000.0,208,118,Joey R. Martinez,720,3,BEL_2019-07-07_4_6,0,BEL_2019-07-07_4,206,Zecha,2019-07-07 14:09:05.250,BEL_2019-07-07_4_206,0.004126263499589074,59.41819439408266,0.92,4
2589134,BEL,2019-10-26,6,6,19,40.7132859656954,-73.7206953407592,900,I,GD ,189,MSW,75000.0,337,121,Jose L. Ortiz,140,6,BEL_2019-10-26_6_6,0,BEL_2019-10-26_6,2370,Malthael,2019-10-26 15:37:04.750,BEL_2019-10-26_6_2370,0.004335914097296273,62.43716300106633,0.04,1
2828544,BEL,2019-10-14,7,4,38,40.7158292121705,-73.7178733487246,850,D,FT ,50,ALW,77000.0,440,118,Joe Bravo,230,4,BEL_2019-10-14_7_4,0,BEL_2019-10-14_7,1965,Dark Storm,2019-10-14 16:40:09.500,BEL_2019-10-14_7_1965,0.00511304884947419,73.62790343242834,0.09,1
3111289,SAR,2019-07-19,10,7,62,43.0709224391596,-73.7727772096072,900,D,FT ,78,MCL,48000.0,625,118,Julien R. Leparoux,1230,1,SAR_2019-07-19_10_7,1,SAR_2019-07-19_10,4139,Claytnthelionheart,2019-07-19 18:25:15.500,SAR_2019-07-19_10_4139,0.004867428391607162,70.09096883914313,0.14,1
2191631,AQU,2019-11-17,3,7,311,40.6736001707349,-73.8310886078868,800,D,FT ,54,CLM,36000.0,102,124,Reylu Gutierrez,2825,8,AQU_2019-11-17_3_7,0,AQU_2019-11-17_3,2249,Neighborhood Bully,2019-11-17 13:03:17.750,AQU_2019-11-17_3_2249,0.004363181759934099,62.829817343051026,0.78,4
4077221,SAR,2019-09-01,4,8,124,43.0733491239238,-73.7650298067054,550,T,FM ,24,ALW,92000.0,211,120,Manuel Franco,315,1,SAR_2019-09-01_4_8,1,SAR_2019-09-01_4,2412,I'llhandalthecash,2019-09-01 14:11:31.000,SAR_2019-09-01_4_2412,0.005337666231810945,76.86239373807761,0.5,2
1916430,AQU,2019-02-01,2,4,62,40.6707910989403,-73.8285578906765,700,D,FT ,45,MSW,68000.0,123,123,Michael J. Luzzi,620,3,AQU_2019-02-01_2_4,0,AQU_2019-02-01_2,247,Into a Hot Spot,2019-02-01 13:23:15.500,AQU_2019-02-01_2_247,0.005395099240071677,77.68942905703216,0.18,1
2445412,SAR,2019-08-11,10,2,55,43.0717687931561,-73.770579034416,850,I,FM ,40,MCL,48000.0,555,118,Jose L. Ortiz,460,6,SAR_2019-08-11_10_2,0,SAR_2019-08-11_10,4003,Hurricane Jake,2019-08-11 17:55:13.750,SAR_2019-08-11_10_4003,0.0053748512888835516,77.39785855992314,0.13,1
863453,BEL,2019-10-05,1,1,134,40.7156766229395,-73.7279213138497,600,D,FT ,66,STR,50000.0,1220,123,Ricardo Santana Jr.,145,4,BEL_2019-10-05_1_1,0,BEL_2019-10-05_1,41,Timely Tradition,2019-10-05 12:20:33.500,BEL_2019-10-05_1_41,0.005031128780214869,72.44825443509411,0.49,2
2841405,BEL,2019-10-18,5,2,93,40.7154945609067,-73.7189577339286,850,I,GD ,76,CLM,39000.0,334,120,Luis Saez,690,2,BEL_2019-10-18_5_2,0,BEL_2019-10-18_5,1294,Recess,2019-10-18 15:34:23.250,BEL_2019-10-18_5_1294,0.004658820346442239,67.08701298876824,0.23,1
753360,AQU,2019-02-23,9,10,2,40.6702326549759,-73.8286978250188,600,D,FT ,45,CLM,25000.0,457,119,Junior Alvarado,370,4,AQU_2019-02-23_9_10,0,AQU_2019-02-23_9,55,Bitumen,2019-02-23 16:57:00.500,AQU_2019-02-23_9_55,0.0003160561049070028,4.55120791066084,0.0,1
4871690,SAR,2019-08-28,9,8,364,43.0719208904744,-73.770262671172,850,I,FM ,20,STK,150000.0,506,122,Luis Saez,410,2,SAR_2019-08-28_9_8,0,SAR_2019-08-28_9,4052,Field Pass,2019-08-28 17:07:31.000,SAR_2019-08-28_9_4052,0.005016828500801269,72.24233041153826,0.93,4
1425114,SAR,2019-08-23,5,7,126,43.0697231449694,-73.7711259541072,850,I,GD ,90,STK,150000.0,310,118,Eric Cancel,1940,6,SAR_2019-08-23_5_7,0,SAR_2019-08-23_5,3949,Held Accountable,2019-08-23 15:10:31.500,SAR_2019-08-23_5_3949,0.0045479693128902526,65.49075810561963,0.31,2
433115,SAR,2019-08-08,1,4,48,43.0715839474448,-73.7722757523021,900,D,FT ,77,STR,40000.0,102,126,Joel Rosario,490,2,SAR_2019-08-08_1_4,0,SAR_2019-08-08_1,1663,Zena Rules,2019-08-08 13:02:12.000,SAR_2019-08-08_1_1663,0.004946960767918427,71.23623505802534,0.11,1
3560688,AQU,2019-01-26,4,7,119,40.6751283645266,-73.827511563297,600,D,FT ,48,SOC,60000.0,156,124,Junior Alvarado,175,3,AQU_2019-01-26_4_7,0,AQU_2019-01-26_4,655,Malibu Mischief,2019-01-26 13:56:29.750,AQU_2019-01-26_4_655,0.004950589542102044,71.28848940626943,0.38,2
1350686,AQU,2019-02-02,8,10,368,40.6714448721775,-73.8320747267164,800,D,FT ,54,AOC,64000.0,400,125,Rajiv Maragh,1000,9,AQU_2019-02-02_8_10,0,AQU_2019-02-02_8,799,New York Hero,2019-02-02 16:01:32.000,AQU_2019-02-02_8_799,0.0028803833894557066,41.477520808162176,0.97,4
4985385,AQU,2019-11-11,8,7,154,40.670851005745,-73.8285726458654,900,D,FT ,74,MSW,70000.0,322,119,Irad Ortiz Jr.,950,1,AQU_2019-11-11_8_7,1,AQU_2019-11-11_8,2026,Country Grammer,2019-11-11 15:22:38.500,AQU_2019-11-11_8_2026,0.004404201501423375,63.4205016204966,0.31,2
2472930,BEL,2019-09-18,5,7,265,40.7147956965766,-73.7270048966437,800,T,FM ,140,MSW,62000.0,507,120,Jose Lezcano,1900,7,BEL_2019-09-18_5_7,0,BEL_2019-09-18_5,3462,Risp,2019-09-18 17:08:06.250,BEL_2019-09-18_5_3462,0.004880154704764621,70.27422774861054,0.7,3
2034087,AQU,2019-01-27,2,1,110,40.6714661382785,-73.8282906466665,800,D,FT ,54,CLM,43000.0,1259,117,Reylu Gutierrez,225,1,AQU_2019-01-27_2_1,1,AQU_2019-01-27_2,701,California Night,2019-01-27 12:59:27.500,AQU_2019-01-27_2_701,0.005165177332359707,74.37855358597979,0.29,2
1908992,BEL,2019-10-03,7,7,384,40.7130946062123,-73.7220059403143,850,D,SY ,52,AOC,85000.0,440,122,Joel Rosario,310,4,BEL_2019-10-03_7_7,0,BEL_2019-10-03_7,3865,High North,2019-10-03 16:41:36.000,BEL_2019-10-03_7_3865,0.003989534544684288,57.44929744345375,0.96,4
5130699,AQU,2019-11-03,7,8,112,40.6712680033322,-73.8282904253207,800,D,FT ,54,AOC,80000.0,253,120,Kendrick Carmouche,1230,6,AQU_2019-11-03_7_8,0,AQU_2019-11-03_7,1714,Westerland (GB),2019-11-03 14:53:28.000,AQU_2019-11-03_7_1714,0.005071128104607497,73.02424470634796,0.28,2
2660097,AQU,2019-02-28,8,2,150,40.6725016349144,-73.8277992191089,800,D,FT ,54,MCL,35000.0,441,123,Hector Rafael Diaz Jr.,6525,8,AQU_2019-02-28_8_2,0,AQU_2019-02-28_8,1074,Plum Bay,2019-02-28 16:41:37.500,AQU_2019-02-28_8_1074,0.004167541467436472,60.012597131085194,0.35,2
292004,AQU,2019-04-06,7,5,82,40.6691543044137,-73.8310697936696,900,D,FT ,84,STK,150000.0,411,118,Kendrick Carmouche,1430,3,AQU_2019-04-06_7_5,0,AQU_2019-04-06_7,789,Tour de Force,2019-04-06 16:11:20.500,AQU_2019-04-06_7_789,0.004973793689354938,71.62262912671112,0.17,1
879983,AQU,2019-02-02,6,4,92,40.6703787173906,-73.828728703404,800,D,FT ,54,AOC,75000.0,300,121,Dylan Davis,1820,2,AQU_2019-02-02_6_4,0,AQU_2019-02-02_6,786,Hammerin Aamer,2019-02-02 15:00:23.000,AQU_2019-02-02_6_786,0.0050759611178972696,73.09384009772069,0.24,1
2734398,AQU,2019-04-20,6,3,397,40.6709107111077,-73.8318148888105,850,O,YL ,22,STK,100000.0,410,122,Manuel Franco,115,2,AQU_2019-04-20_6_3,0,AQU_2019-04-20_6,1565,Forty Under,2019-04-20 16:11:39.250,AQU_2019-04-20_6_1565,0.003995835165359411,57.540026381175515,0.98,4
2987251,AQU,2019-01-18,5,6,145,40.6725604798326,-73.8277475751545,800,D,FT ,54,MCL,35000.0,257,122,Rajiv Maragh,1840,5,AQU_2019-01-18_5_6,0,AQU_2019-01-18_5,469,Charming Cara,2019-01-18 14:57:36.250,AQU_2019-01-18_5_469,0.004712648128525423,67.86213305076609,0.35,2
1379908,BEL,2019-09-13,5,2,4,40.7142862453611,-73.7169845335224,800,T,FM ,110,ALW,77000.0,508,124,Javier Castellano,295,1,BEL_2019-09-13_5_2,1,BEL_2019-09-13_5,1455,Coffee Crush,2019-09-13 17:08:01.000,BEL_2019-09-13_5_1455,0.0013925107950296279,20.052155448426642,0.01,1
228212,BEL,2019-05-17,3,9,93,40.71699864712,-73.7247160183822,600,I,GD ,138,CLM,55000.0,231,125,Ruben Silvera,3700,7,BEL_2019-05-17_3_9,0,BEL_2019-05-17_3,229,Madame Barbarian,2019-05-17 14:31:23.250,BEL_2019-05-17_3_229,0.005112407954915467,73.61867455078273,0.32,2
1906212,SAR,2019-08-24,12,4,161,43.0734982418303,-73.7668789754952,550,T,FM ,79,AOC,83000.0,623,122,Jose L. Ortiz,1370,6,SAR_2019-08-24_12_4,0,SAR_2019-08-24_12,713,Five Star Bunt,2019-08-24 18:23:40.250,SAR_2019-08-24_12_713,0.005124234778061027,73.78898080407879,0.62,3
4708253,SAR,2019-08-28,6,8,221,43.0730254679341,-73.7688372324272,600,D,FT ,50,MSW,78000.0,332,119,Julien R. Leparoux,195,4,SAR_2019-08-28_6_8,0,SAR_2019-08-28_6,4082,Blame the Cake,2019-08-28 15:32:55.250,SAR_2019-08-28_6_4082,0.00434911345169179,62.62723370436177,0.75,3
1000906,AQU,2019-12-08,8,3,111,40.6692209093758,-73.8299333855947,900,D,FT ,72,AOC,70000.0,318,120,Reylu Gutierrez,1420,1,AQU_2019-12-08_8_3,1,AQU_2019-12-08_8,986,Twisted Tom,2019-12-08 15:18:27.750,AQU_2019-12-08_8_986,0.004640826830265629,66.82790635582505,0.25,2
2707325,AQU,2019-11-09,2,1,146,40.6711597905869,-73.829298518926,800,T,FM ,20,MSW,70000.0,1229,121,Junior Alvarado,355,2,AQU_2019-11-09_2_1,0,AQU_2019-11-09_2,1846,Ocean Fire,2019-11-09 12:29:36.500,AQU_2019-11-09_2_1846,0.004710320798919874,67.8286195044462,0.39,2
4471017,SAR,2019-08-22,6,6,75,43.0705591338134,-73.7728078957797,900,D,FT ,77,MSW,90000.0,337,119,John R. Velazquez,400,4,SAR_2019-08-22_6_6,0,SAR_2019-08-22_6,2027,Portos,2019-08-22 15:37:18.750,SAR_2019-08-22_6_2027,0.00487902035817023,70.25789315765131,0.17,1
3324270,AQU,2019-11-16,6,11,219,40.6742918217765,-73.8277994533444,800,T,FM ,65,MSW,70000.0,223,121,Manuel Franco,345,1,AQU_2019-11-16_6_11,1,AQU_2019-11-16_6,2196,Tiberius Mercurius,2019-11-16 14:23:54.750,AQU_2019-11-16_6_2196,0.004822903622403241,69.44981216260666,0.56,3
4823060,AQU,2019-11-20,6,9,49,40.6720327824915,-73.8279316584296,600,D,FT ,38,MCL,41000.0,250,119,Michael J. Luzzi,2825,7,AQU_2019-11-20_6_9,0,AQU_2019-11-20_6,2316,Elite Mission,2019-11-20 14:50:12.250,AQU_2019-11-20_6_2316,0.005238196326667989,75.43002710401905,0.16,1
2768829,BEL,2019-06-27,9,3,68,40.7167522739973,-73.7236231122152,600,I,FM ,108,MSW,80000.0,718,118,Luis Saez,340,5,BEL_2019-06-27_9_3,0,BEL_2019-06-27_9,3062,Global Exchange,2019-06-27 19:18:17.000,BEL_2019-06-27_9_3062,0.0051732197325968475,74.4943641493946,0.24,1
4681532,AQU,2019-12-07,7,1,92,40.6737179091693,-73.8272455934759,600,D,FT ,40,MSW,70000.0,246,119,Junior Alvarado,580,5,AQU_2019-12-07_7_1,0,AQU_2019-12-07_7,2661,King Khozan,2019-12-07 14:46:23.000,AQU_2019-12-07_7_2661,0.0051317482652858066,73.89717502011561,0.3,2
230327,SAR,2019-08-22,8,5,378,43.0727298131787,-73.7696141232663,900,D,FT ,80,AOC,83000.0,437,122,Ricardo Santana Jr.,295,4,SAR_2019-08-22_8_5,0,SAR_2019-08-22_8,102,Storm Prophet,2019-08-22 16:38:34.500,SAR_2019-08-22_8_102,0.004471249399144792,64.385991347685,0.85,4
5094756,BEL,2019-06-16,5,2,28,40.7143946786422,-73.7246547923577,1100,I,FM ,96,AOC,90000.0,342,124,John R. Velazquez,860,5,BEL_2019-06-16_5_2,0,BEL_2019-06-16_5,1017,Royal Albert Hall (GB),2019-06-16 15:42:07.000,BEL_2019-06-16_5_1017,0.004427641846845418,63.75804259457402,0.05,1
2806923,AQU,2019-01-27,9,1,208,40.6750892950554,-73.8274822543849,800,D,FT ,54,MSW,60000.0,436,122,Luis R. Reyes,4175,5,AQU_2019-01-27_9_1,0,AQU_2019-01-27_9,734,Sweet Blindness,2019-01-27 16:36:52.000,AQU_2019-01-27_9_734,0.004339527779392727,62.489200023255265,0.47,2
4889554,AQU,2019-11-01,9,6,298,40.6736693879673,-73.8309631274405,800,D,FT ,54,STK,150000.0,425,118,Declan Carroll,2080,6,AQU_2019-11-01_9_6,0,AQU_2019-11-01_9,1615,Cee's Overture,2019-11-01 16:26:14.500,AQU_2019-11-01_9_1615,0.0044271925632275305,63.75157291047644,0.79,4
3012609,BEL,2019-09-12,6,4,194,40.7168785779322,-73.7243004579073,850,I,FM ,63,CLM,70000.0,541,118,Jose Lezcano,2700,7,BEL_2019-09-12_6_4,0,BEL_2019-09-12_6,1474,Impazible Odds,2019-09-12 17:41:48.500,BEL_2019-09-12_6_1474,0.004945106829749447,71.20953834839204,0.5,2
1708202,BEL,2019-09-21,3,1,168,40.7177058706872,-73.7251534563146,850,D,FT ,45,ALW,77000.0,204,124,Kendrick Carmouche,470,2,BEL_2019-09-21_3_1,0,BEL_2019-09-21_3,100,Gio d'Oro,2019-09-21 14:04:42.000,BEL_2019-09-21_3_100,0.005113079213156725,73.62834066945685,0.42,2
3365496,SAR,2019-07-13,7,8,249,43.0723657683136,-73.7704967712572,600,D,FT ,48,ALW,80000.0,437,120,Junior Alvarado,220,3,SAR_2019-07-13_7_8,0,SAR_2019-07-13_7,1264,Red Zinger,2019-07-13 16:38:02.250,SAR_2019-07-13_7_1264,0.004275908428323144,61.57308136785327,0.88,4
4487288,SAR,2019-09-01,11,6,15,43.0688914646927,-73.7715642796574,700,D,FT ,32,STK,350000.0,611,120,Jose L. Ortiz,660,6,SAR_2019-09-01_11_6,0,SAR_2019-09-01_11,4278,Risky Mischief,2019-09-01 18:11:03.750,SAR_2019-09-01_11_4278,0.003900812618516368,56.1717017066357,0.04,1
5141996,AQU,2019-01-20,7,3,189,40.6723094324369,-73.8278994750801,900,D,SY ,101,STK,100000.0,339,119,Manuel Franco,720,6,AQU_2019-01-20_7_3,0,AQU_2019-01-20_7,579,Sexy Reasons (ARG),2019-01-20 15:39:47.250,AQU_2019-01-20_7_579,0.005391625360095283,77.63940518537208,0.37,2
5113024,SAR,2019-07-13,9,1,397,43.0718257489713,-73.7705247554292,900,I,GD ,86,STK,500000.0,547,116,Manuel Franco,3875,6,SAR_2019-07-13_9_1,0,SAR_2019-07-13_9,1456,Thais (FR),2019-07-13 17:48:39.250,SAR_2019-07-13_9_1456,0.003762093213993355,54.17414228150431,0.95,4
5132694,BEL,2019-06-27,6,7,272,40.7168920762849,-73.7269546448984,900,I,FM ,234,AOC,82000.0,542,118,Javier Castellano,410,3,BEL_2019-06-27_6_7,0,BEL_2019-06-27_6,3204,Repatriated Gem (GB),2019-06-27 17:43:08.000,BEL_2019-06-27_6_3204,0.005158419009166538,74.28123373199816,0.64,3
2567679,AQU,2019-01-18,2,7,191,40.6743495040052,-73.8306527107935,600,D,FT ,48,SOC,60000.0,123,122,Junior Alvarado,400,4,AQU_2019-01-18_2_7,0,AQU_2019-01-18_2,449,Americano,2019-01-18 13:23:47.750,AQU_2019-01-18_2_449,0.004839910992257047,69.69471828850148,0.66,3
2314855,BEL,2019-07-07,7,4,317,40.7131863578715,-73.7214214797157,700,T,FM ,90,AOC,70000.0,347,121,Joel Rosario,680,2,BEL_2019-07-07_7_4,0,BEL_2019-07-07_7,1635,Ghost Giant,2019-07-07 15:48:19.250,BEL_2019-07-07_7_1635,0.00429397464258789,61.833234853265616,0.98,4
192145,BEL,2019-05-27,5,4,290,40.7143163054374,-73.725675946845,800,T,GD ,142,STK,125000.0,340,116,Manuel Franco,2875,10,BEL_2019-05-27_5_4,0,BEL_2019-05-27_5,0,Jc's Shooting Star,2019-05-27 15:41:12.500,BEL_2019-05-27_5_0,0.004881657447613731,70.29586724563772,0.78,4
4912687,SAR,2019-08-25,7,4,140,43.0736206870122,-73.765731940291,550,T,FM ,56,MCL,60000.0,415,119,Luis Saez,1220,6,SAR_2019-08-25_7_4,0,SAR_2019-08-25_7,4126,Larry's Baby,2019-08-25 16:15:35.000,SAR_2019-08-25_7_4126,0.004979626911404987,71.70662752423182,0.53,3
32857,AQU,2019-03-22,3,2,163,40.6732987800327,-73.8273819996352,800,D,SY ,54,CLM,46000.0,240,123,Ruben Silvera,1300,2,AQU_2019-03-22_3_2,0,AQU_2019-03-22_3,463,Poshsky,2019-03-22 14:40:40.750,AQU_2019-03-22_3_463,0.004778823360831256,68.81505639597009,0.41,2
1478281,AQU,2019-03-15,1,3,152,40.6725905150006,-73.8277754050111,800,D,FT ,54,MCL,33000.0,130,114,Benjamin Hernandez,235,2,AQU_2019-03-15_1_3,0,AQU_2019-03-15_1,691,Causin' Trouble,2019-03-15 13:30:38.000,AQU_2019-03-15_1_691,0.004797917733387817,69.09001536078456,0.38,2
3175403,BEL,2019-10-26,6,7,330,40.7148243274153,-73.7263158852458,900,I,GD ,189,MSW,75000.0,337,121,Manuel Franco,360,3,BEL_2019-10-26_6_7,0,BEL_2019-10-26_6,2196,Tiberius Mercurius,2019-10-26 15:38:22.500,BEL_2019-10-26_6_2196,0.005013816613039996,72.19895922777594,0.75,3
4747748,AQU,2019-11-16,8,7,99,40.6744523966511,-73.8270976520464,600,D,FT ,38,STK,100000.0,324,120,Jose Lezcano,940,1,AQU_2019-11-16_8_7,1,AQU_2019-11-16_8,2207,Big Q,2019-11-16 15:24:24.750,AQU_2019-11-16_8_2207,0.005078072069494816,73.12423780072534,0.3,2
322766,SAR,2019-08-02,8,2,194,43.070948305489,-73.7664349932736,900,D,FT ,74,STK,100000.0,515,122,Joel Rosario,100,1,SAR_2019-08-02_8_2,1,SAR_2019-08-02_8,4322,Tom's d'Etat,2019-08-02 17:15:48.500,SAR_2019-08-02_8_4322,0.0049272149751140035,70.95189564164166,0.45,2
1184268,BEL,2019-05-19,4,1,22,40.7137787902654,-73.7224255067595,1000,I,FM ,92,AOC,90000.0,309,122,Irad Ortiz Jr.,220,1,BEL_2019-05-19_4_1,1,BEL_2019-05-19_4,3081,Scottish Jig,2019-05-19 15:09:05.500,BEL_2019-05-19_4_3081,0.004304863037773146,61.9900277439333,0.05,1
2600662,BEL,2019-10-14,6,6,90,40.7168985046835,-73.7232384220742,700,T,FM ,126,MSW,75000.0,405,121,Junior Alvarado,315,1,BEL_2019-10-14_6_6,1,BEL_2019-10-14_6,2220,Kelleycanrun,2019-10-14 16:05:22.500,BEL_2019-10-14_6_2220,0.005053484157741699,72.77017187148046,0.28,2
4036566,AQU,2019-11-16,5,8,266,40.6750680244656,-73.8278446437226,900,O,FM ,36,ALW,66000.0,154,113,Heman K. Harkie,6250,8,AQU_2019-11-16_5_8,0,AQU_2019-11-16_5,2194,Knight Frost,2019-11-16 13:55:06.500,AQU_2019-11-16_5_2194,0.004489153511018598,64.64381055866781,0.62,3
1377503,BEL,2019-05-03,2,2,93,40.7163611072109,-73.7210923319772,800,T,GD ,112,CLM,39000.0,204,124,Luis R. Reyes,550,7,BEL_2019-05-03_2_2,0,BEL_2019-05-03_2,252,Forever Daisy,2019-05-03 14:04:23.250,BEL_2019-05-03_2_252,0.005006635227312033,72.09554727329326,0.22,1
1542351,SAR,2019-08-01,4,10,327,43.0726593014627,-73.7685244512158,850,I,FM ,38,MCL,48000.0,248,124,Luis R. Reyes,2600,3,SAR_2019-08-01_4_10,0,SAR_2019-08-01_4,109,Frosty Linz,2019-08-01 14:49:21.750,SAR_2019-08-01_4_109,0.004688891145368087,67.52003249330045,0.83,4
1159228,AQU,2019-12-20,1,3,359,40.6728962122725,-73.8312932884776,800,D,FT ,54,MCL,33000.0,1231,126,Samuel Jimenez,5725,6,AQU_2019-12-20_1_3,0,AQU_2019-12-20_1,2780,Nellie's Cat,2019-12-20 12:32:29.750,AQU_2019-12-20_1_2780,0.003709559991021375,53.4176638707078,0.85,4
2764233,SAR,2019-08-01,6,5,74,43.0707581734126,-73.7727934442873,900,D,FT ,78,CLM,35000.0,407,120,Junior Alvarado,1180,8,SAR_2019-08-01_6_5,0,SAR_2019-08-01_6,974,Inclunation,2019-08-01 16:07:18.500,SAR_2019-08-01_6_974,0.0042722287036822985,61.5200933330251,0.45,2
2549188,AQU,2019-03-09,10,2,82,40.6701309427275,-73.8288450092617,800,D,FT ,54,STK,300000.0,511,123,Jose Lezcano,2040,7,AQU_2019-03-09_10_2,0,AQU_2019-03-09_10,1141,Knicks Go,2019-03-09 17:11:20.500,AQU_2019-03-09_10_1141,0.005525387771912894,79.56558391554567,0.2,1
1964972,BEL,2019-09-18,3,2,169,40.717694010534,-73.7251468157794,850,D,FT ,46,ALW,77000.0,405,124,Jose L. Ortiz,410,5,BEL_2019-09-18_3_2,0,BEL_2019-09-18_3,2814,Take Charge Aubrey,2019-09-18 16:05:42.250,BEL_2019-09-18_3_2814,0.004884388875062007,70.33519980089291,0.41,2
1092886,BEL,2019-06-26,7,1,113,40.7170482907919,-73.7270329140508,600,T,FM ,72,ALW,66000.0,454,116,Benjamin Hernandez,1140,6,BEL_2019-06-26_7_1,0,BEL_2019-06-26_7,637,Catania Rose,2019-06-26 16:54:28.250,BEL_2019-06-26_7_637,0.0051774709642495986,74.55558188519421,0.41,2
2186564,BEL,2019-09-20,5,2,227,40.715981869004,-73.7277195193789,800,T,FM ,142,AOC,80000.0,507,124,Luis Saez,205,2,BEL_2019-09-20_5_2,0,BEL_2019-09-20_5,1155,Dream Friend,2019-09-20 17:07:56.750,BEL_2019-09-20_5_1155,0.005119115158793338,73.71525828662408,0.61,3
4499558,BEL,2019-09-27,5,2,71,40.7167576000846,-73.7236624825904,600,I,FM ,98,MSW,75000.0,312,119,Dylan Davis,2180,7,BEL_2019-09-27_5_2,0,BEL_2019-09-27_5,1917,Verify,2019-09-27 15:12:17.750,BEL_2019-09-27_5_1917,0.005179317157496475,74.58216706794924,0.25,2
3833543,BEL,2019-05-11,5,10,119,40.7163996191451,-73.7210827317125,850,T,FM ,175,MCL,41000.0,341,118,Eric Cancel,450,1,BEL_2019-05-11_5_10,1,BEL_2019-05-11_5,2727,Crypto Gold,2019-05-11 15:41:29.750,BEL_2019-05-11_5_2727,0.004813039075503878,69.30776268725585,0.27,2
674264,AQU,2019-11-22,5,4,20,40.6672496938725,-73.8301745010364,800,D,GD ,54,CLM,57000.0,248,116,Declan Carroll,1210,6,AQU_2019-11-22_5_4,0,AQU_2019-11-22_5,55,Bitumen,2019-11-22 14:48:05.000,AQU_2019-11-22_5_55,0.004164476746014542,59.9684651426094,0.05,1
854121,BEL,2019-07-03,1,3,150,40.7162330725546,-73.727932641856,650,D,FT ,48,CLM,28000.0,130,123,Manuel Franco,670,4,BEL_2019-07-03_1_3,0,BEL_2019-07-03_1,551,Mazmania,2019-07-03 13:30:37.500,BEL_2019-07-03_1_551,0.004978929867330752,71.69659008956283,0.49,2
3453485,BEL,2019-10-05,3,6,148,40.716345591732,-73.7223714043283,850,I,GD ,30,ALW,77000.0,126,118,Jose Lezcano,580,7,BEL_2019-10-05_3_6,0,BEL_2019-10-05_3,3879,All Quality,2019-10-05 13:26:37.000,BEL_2019-10-05_3_3879,0.004756007745401928,68.48651153378776,0.38,2
1790771,AQU,2019-11-27,9,9,241,40.6724504748649,-73.8315136228031,600,D,FT ,44,MCL,41000.0,418,124,Hector Rafael Diaz Jr.,1180,2,AQU_2019-11-27_9_9,0,AQU_2019-11-27_9,2483,Ink Splotz,2019-11-27 16:19:00.250,AQU_2019-11-27_9_2483,0.004038103399302819,58.14868894996059,0.79,4
4603934,AQU,2019-12-21,9,8,203,40.6739753926807,-73.830842346053,600,D,FT ,48,MCL,41000.0,421,121,Julio Correa,820,2,AQU_2019-12-21_9_8,0,AQU_2019-12-21_9,1580,Big Red Girl,2019-12-21 16:21:50.750,AQU_2019-12-21_9_1580,0.004673359086678454,67.29637084816973,0.69,3
1200656,BEL,2019-07-05,6,5,110,40.7138431472075,-73.7180675667842,1000,I,FM ,38,MSW,90000.0,412,124,John R. Velazquez,305,3,BEL_2019-07-05_6_5,0,BEL_2019-07-05_6,1768,Monhegan,2019-07-05 16:12:27.500,BEL_2019-07-05_6_1768,0.0044364626596921555,63.88506229956704,0.24,1
101127,AQU,2019-11-21,6,1,62,40.6701283720679,-73.8319567677363,850,O,GD ,41,CLM,46000.0,319,124,Jose Lezcano,265,1,AQU_2019-11-21_6_1,1,AQU_2019-11-21_6,1310,Wicked Freud,2019-11-21 15:19:15.500,AQU_2019-11-21_6_1310,0.004529260330850702,65.22134876425011,0.15,1
725654,BEL,2019-09-21,1,3,188,40.7144380438933,-73.7268101456186,650,D,FT ,48,CLM,43000.0,100,123,Kendrick Carmouche,830,1,BEL_2019-09-21_1_3,1,BEL_2019-09-21_1,738,Aristocratic,2019-09-21 13:00:47.000,BEL_2019-09-21_1_738,0.004880985603634842,70.28619269234173,0.64,3
5026280,SAR,2019-07-21,11,1,115,43.0727198603092,-73.7646131214629,550,T,FM ,88,STK,200000.0,616,118,Junior Alvarado,4600,6,SAR_2019-07-21_11_1,0,SAR_2019-07-21_11,4178,Miss Gossip (IRE),2019-07-21 18:16:28.750,SAR_2019-07-21_11_4178,0.004927190290613001,70.95154018482722,0.45,2
90432,AQU,2019-02-23,7,5,84,40.671819685253,-73.8280950014882,700,D,FT ,44,AOC,75000.0,357,119,Jose Lezcano,120,3,AQU_2019-02-23_7_5,0,AQU_2019-02-23_7,787,J S Bach,2019-02-23 15:57:21.000,AQU_2019-02-23_7_787,0.005209113414949618,75.0112331752745,0.26,2
154566,AQU,2019-01-12,5,1,32,40.6711415326492,-73.8284437340395,600,D,FT ,45,CLM,28000.0,231,123,Dylan Davis,930,3,AQU_2019-01-12_5_1,0,AQU_2019-01-12_5,342,Special Story,2019-01-12 14:31:08.000,AQU_2019-01-12_5_342,0.005072737504380351,73.04742006307706,0.11,1
501366,SAR,2019-08-07,9,2,352,43.073103062701,-73.7686559743776,900,D,FT ,78,STK,101200.0,507,124,Junior Alvarado,60,1,SAR_2019-08-07_9_2,1,SAR_2019-08-07_9,681,Mr. Buff,2019-08-07 17:08:28.000,SAR_2019-08-07_9_681,0.0043720658612475555,62.9577484019648,0.77,4
4271728,SAR,2019-08-16,1,5,21,43.0723751531266,-73.7692298630355,850,I,FM ,20,MSW,78000.0,100,119,Dylan Davis,730,3,SAR_2019-08-16_1_5,0,SAR_2019-08-16_1,1625,Turbo Drive,2019-08-16 13:00:05.250,SAR_2019-08-16_1_1625,0.005136170759813131,73.96085894130908,0.05,1
2874479,AQU,2019-11-20,7,3,273,40.674689960962,-73.8304741637235,800,D,FT ,54,STR,55000.0,318,121,Manuel Franco,145,5,AQU_2019-11-20_7_3,0,AQU_2019-11-20_7,2322,Other Things Equal,2019-11-20 15:19:08.250,AQU_2019-11-20_7_2322,0.004474262260066511,64.42937654495776,0.71,3
3088011,AQU,2019-11-10,2,5,266,40.6748915354447,-73.8281835653172,850,T,FM ,88,CLM,38000.0,1228,120,Junior Alvarado,1140,1,AQU_2019-11-10_2_5,1,AQU_2019-11-10_2,1929,Pecatonica,2019-11-10 12:29:06.500,AQU_2019-11-10_2_1929,0.004567984834137755,65.77898161158367,0.66,3
3129820,BEL,2019-05-18,2,8,209,40.7138491448802,-73.7249577131031,600,D,FT ,56,MCL,33000.0,1230,118,Eric Cancel,860,6,BEL_2019-05-18_2_8,0,BEL_2019-05-18_2,2950,Nova Girl,2019-05-18 12:30:52.250,BEL_2019-05-18_2_2950,0.004472202934341019,64.39972225451068,0.74,3
2379285,SAR,2019-08-10,6,6,90,43.0718188339283,-73.7649125607304,550,T,FM ,48,ALW,92000.0,401,120,Ricardo Santana Jr.,3275,8,SAR_2019-08-10_6_6,0,SAR_2019-08-10_6,492,Gracetown,2019-08-10 16:01:22.500,SAR_2019-08-10_6_492,0.005420266465244464,78.05183709952027,0.36,2
222746,AQU,2019-03-01,2,3,130,40.6719362433784,-73.8280508125171,800,D,FT ,54,STR,48000.0,126,118,Luis R. Reyes,2160,4,AQU_2019-03-01_2_3,0,AQU_2019-03-01_2,505,Cotton Candy Cutie,2019-03-01 13:26:32.500,AQU_2019-03-01_2_505,0.004891770482113113,70.44149494242882,0.33,2
4077755,BEL,2019-06-12,6,5,251,40.7142242155422,-73.7251604111558,700,T,FM ,126,MCL,41000.0,412,118,Eric Cancel,790,6,BEL_2019-06-12_6_5,0,BEL_2019-06-12_6,1305,Pretty Spectacular,2019-06-12 16:13:02.750,BEL_2019-06-12_6_1305,0.00446810270857528,64.34067900348403,0.75,3
2800701,BEL,2019-06-27,1,4,399,40.7129310783147,-73.7215162293869,850,D,FT ,44,CLM,28000.0,305,120,Irad Ortiz Jr.,245,2,BEL_2019-06-27_1_4,0,BEL_2019-06-27_1,975,Eddy Dirt,2019-06-27 15:06:39.750,BEL_2019-06-27_1_975,0.0036553708685704016,52.63734050741378,1.0,4
1465862,BEL,2019-07-07,2,1A,100,40.7171998126188,-73.7241569653788,700,T,FM ,90,ALW,82000.0,103,125,Irad Ortiz Jr.,165,2,BEL_2019-07-07_2_1A,0,BEL_2019-07-07_2,473,Much Trouble,2019-07-07 13:03:25.000,BEL_2019-07-07_2_473,0.005398849802761935,77.74343715977186,0.32,2
852213,BEL,2019-09-18,4,5,111,40.7172007755116,-73.7260874860346,600,I,FM ,135,CLM,44000.0,435,123,Joe Bravo,1930,7,BEL_2019-09-18_4_5,0,BEL_2019-09-18_4,1163,Amanda Lane,2019-09-18 16:35:27.750,BEL_2019-09-18_4_1163,0.005203606909792733,74.93193950101535,0.39,2
1093790,AQU,2019-03-09,2,1,238,40.6756026719458,-73.8289353248612,800,D,FT ,52,CLM,36000.0,1252,117,Reylu Gutierrez,540,6,AQU_2019-03-09_2_1,0,AQU_2019-03-09_2,1128,Spring Emperor,2019-03-09 12:52:59.500,AQU_2019-03-09_2_1128,0.004297563022332835,61.88490752159283,0.62,3
2299998,AQU,2019-04-05,9,9,235,40.6745357933116,-73.8278932236784,800,T,FM ,63,MSW,62000.0,549,126,Kendrick Carmouche,780,1,AQU_2019-04-05_9_9,1,AQU_2019-04-05_9,132,Anne's Song,2019-04-05 17:49:58.750,AQU_2019-04-05_9_132,0.004505703598569144,64.88213181939567,0.61,3
3436113,AQU,2019-02-15,6,6,207,40.6737495368605,-73.830934523588,600,D,FT ,45,MCL,46000.0,334,119,Luis R. Reyes,1680,3,AQU_2019-02-15_6_6,0,AQU_2019-02-15_6,402,Wisecrack,2019-02-15 15:34:51.750,AQU_2019-02-15_6_402,0.004561903582085627,65.69141158203303,0.71,3
3864733,BEL,2019-05-25,7,4,195,40.7153151364649,-73.7275137203806,700,T,FM ,64,MSW,62000.0,447,118,Kendrick Carmouche,960,10,BEL_2019-05-25_7_4,0,BEL_2019-05-25_7,2873,Riot,2019-05-25 16:47:48.750,BEL_2019-05-25_7_2873,0.004613928906387983,66.44057625198695,0.58,3
105484,AQU,2019-02-01,1,4,83,40.6735113302644,-73.8273182707565,600,D,FT ,48,CLM,57000.0,1250,124,Rafael Manuel Hernandez,165,2,AQU_2019-02-01_1_4,0,AQU_2019-02-01_1,737,Deep Sea,2019-02-01 12:50:20.750,AQU_2019-02-01_1_737,0.005418616696984,78.02808043656961,0.28,2
2842497,AQU,2019-11-11,7,3,231,40.6725324870396,-73.8310864744971,600,O,FM ,56,STR,55000.0,253,122,Irad Ortiz Jr.,970,4,AQU_2019-11-11_7_3,0,AQU_2019-11-11_7,2019,Standup,2019-11-11 14:53:57.750,AQU_2019-11-11_7_2019,0.005038976959771845,72.56126822071457,0.82,4
4950524,SAR,2019-07-25,2,7,148,43.0739094144473,-73.7661635884015,550,D,FT ,45,MCL,52000.0,119,114,Heman K. Harkie,3375,6,SAR_2019-07-25_2_7,0,SAR_2019-07-25_2,2531,Wicked Amber,2019-07-25 13:19:37.000,SAR_2019-07-25_2_2531,0.004732783111413148,68.15207680434933,0.56,3
4610785,AQU,2019-11-08,3,2,226,40.6740888493524,-73.8307380531672,650,D,FT ,44,MCL,35000.0,117,119,Joel Rosario,620,6,AQU_2019-11-08_3_2,0,AQU_2019-11-08_3,1803,Mayas Miracle,2019-11-08 13:17:56.500,AQU_2019-11-08_3_1803,0.003992754378670395,57.495663052853686,0.67,3
2343384,BEL,2019-07-05,4,5,220,40.7142983790567,-73.7241965027808,600,I,FM ,130,CLM,39000.0,310,116,Joey R. Martinez,1070,4,BEL_2019-07-05_4_5,0,BEL_2019-07-05_4,184,I Love Jaxson,2019-07-05 15:10:55.000,BEL_2019-07-05_4_184,0.004664832208613322,67.17358380403184,0.78,4
4204495,AQU,2019-01-13,7,5,130,40.6749040718741,-73.8272871298047,650,D,FT ,45,STK,100000.0,400,120,Ruben Silvera,4450,4,AQU_2019-01-13_7_5,0,AQU_2019-01-13_7,427,Show Prince,2019-01-13 16:00:32.500,AQU_2019-01-13_7_427,0.005024471094572662,72.35238376184634,0.39,2
455310,BEL,2019-05-09,1,8,178,40.7174938908885,-73.7253888219915,800,T,GD ,162,AOC,85000.0,305,124,Jose L. Ortiz,290,2,BEL_2019-05-09_1_8,0,BEL_2019-05-09_1,2960,Miss Munnings,2019-05-09 15:05:44.500,BEL_2019-05-09_1_2960,0.0048831634114264565,70.31755312454098,0.47,2
3464390,BEL,2019-05-18,9,7,131,40.7160107796565,-73.7209423828173,850,I,GD ,72,MCL,41000.0,418,118,Joe Bravo,480,4,BEL_2019-05-18_9_7,0,BEL_2019-05-18_9,1520,Moo Lah,2019-05-18 16:18:32.750,BEL_2019-05-18_9_1520,0.00456157051991556,65.68661548678406,0.3,2
3389550,BEL,2019-05-11,4,4,222,40.7172979979473,-73.7271213666475,900,D,FT ,20,STK,300000.0,308,120,Joel Rosario,1400,2,BEL_2019-05-11_4_4,0,BEL_2019-05-11_4,802,Sir Winston,2019-05-11 15:08:55.500,BEL_2019-05-11_4_802,0.004831851982470837,69.57866854758005,0.55,3
3004794,BEL,2019-09-21,7,6,380,40.7135211878664,-73.721560034692,850,I,FM ,78,MSW,75000.0,410,120,Javier Castellano,115,2,BEL_2019-09-21_7_6,0,BEL_2019-09-21_7,1845,Balon Rose,2019-09-21 16:11:35.000,BEL_2019-09-21_7_1845,0.00439081340215994,63.22771299110314,0.97,4
4113297,AQU,2019-03-23,4,6,81,40.6742203294403,-73.8270856552328,550,D,FT ,52,MCL,35000.0,320,121,Kirk Johnson,5000,4,AQU_2019-03-23_4_6,0,AQU_2019-03-23_4,1207,Big Wonder,2019-03-23 15:20:20.250,AQU_2019-03-23_4_1207,0.005171155432423603,74.46463822689988,0.27,2
1881471,AQU,2019-11-01,1,4,42,40.6708523698427,-73.8285359266075,650,D,MY ,36,CLM,28000.0,1200,120,Jorge A. Vargas Jr.,1080,2,AQU_2019-11-01_1_4,0,AQU_2019-11-01_1,1572,Eight Oaks,2019-11-01 12:00:10.500,AQU_2019-11-01_1_1572,0.005053478273257916,72.770087134914,0.13,1
1308952,AQU,2019-01-25,1,4,36,40.671317026486,-73.8283109597875,600,D,MY ,45,MCL,41000.0,1225,123,Rajiv Maragh,210,3,AQU_2019-01-25_1_4,0,AQU_2019-01-25_1,187,Racing Raven,2019-01-25 12:25:09.000,AQU_2019-01-25_1_187,0.00516624161452584,74.3938792491721,0.12,1
3531659,BEL,2019-06-16,2,7,183,40.7148286630214,-73.7263426057511,600,I,FM ,178,MCL,41000.0,202,118,Jose L. Ortiz,690,5,BEL_2019-06-16_2_7,0,BEL_2019-06-16_2,3402,Sheikha Mo,2019-06-16 14:02:45.750,BEL_2019-06-16_2_3402,0.004844586988689565,69.76205263712973,0.64,3
4647198,BEL,2019-10-11,1,6,194,40.7143787754914,-73.7258030960822,600,T,GD ,101,MCL,41000.0,115,119,Dylan Davis,540,3,BEL_2019-10-11_1_6,0,BEL_2019-10-11_1,1784,Happy Danza,2019-10-11 13:15:48.500,BEL_2019-10-11_1_1784,0.004765461461914013,68.62264505156178,0.65,3
2024492,BEL,2019-04-27,8,2,423,40.7134067489901,-73.7211435804868,850,I,YL ,56,MSW,80000.0,518,125,Manuel Franco,760,4,BEL_2019-04-27_8_2,0,BEL_2019-04-27_8,1153,Hizaam,2019-04-27 17:19:45.750,BEL_2019-04-27_8_1153,0.003433538432004064,49.44295342085852,1.0,4
4873935,BEL,2019-09-11,1,5,88,40.7168214542599,-73.7217230409758,800,D,FT ,78,MSW,75000.0,303,119,John R. Velazquez,1320,3,BEL_2019-09-11_1_5,0,BEL_2019-09-11_1,3650,Starting Over,2019-09-11 15:03:22.000,BEL_2019-09-11_1_3650,0.005073756500791582,73.06209361139878,0.23,1
3945580,SAR,2019-07-18,7,7,138,43.0738641245457,-73.7656045686467,550,D,FT ,45,MCL,48000.0,439,119,Manuel Franco,1290,4,SAR_2019-07-18_7_7,0,SAR_2019-07-18_7,1656,Sobersick N Sorry,2019-07-18 16:39:34.500,SAR_2019-07-18_7_1656,0.004892325337070227,70.44948485381127,0.52,3
4658378,BEL,2019-10-05,7,8,387,40.7126672351364,-73.7203688808598,800,D,FT ,72,MSW,75000.0,342,119,Jose Lezcano,420,1,BEL_2019-10-05_7_8,1,BEL_2019-10-05_7,3884,Sonneman,2019-10-05 15:43:36.750,BEL_2019-10-05_7_3884,0.003675283761738385,52.92408616903275,0.95,4
791361,AQU,2019-02-07,4,8,261,40.6718099053842,-73.8318560067961,600,D,MY ,45,CLM,28000.0,226,120,Carlos J. Hernandez,420,3,AQU_2019-02-07_4_8,0,AQU_2019-02-07_4,489,Wilburnmoney,2019-02-07 14:27:05.250,AQU_2019-02-07_4_489,0.0039618099461114,57.05006322400416,0.91,4
1916664,AQU,2019-02-21,5,2,155,40.6754986410309,-73.8281365589223,650,D,SY ,38,MCL,41000.0,301,121,Michael J. Luzzi,175,5,AQU_2019-02-21_5_2,0,AQU_2019-02-21_5,247,Into a Hot Spot,2019-02-21 15:01:38.750,AQU_2019-02-21_5_247,0.004554421066222322,65.58366335360144,0.48,2
3098164,BEL,2019-09-08,1,5,250,40.7136585161027,-73.7229640011049,600,T,FM ,72,MSW,62000.0,103,121,Luis R. Reyes,1740,7,BEL_2019-09-08_1_5,0,BEL_2019-09-08_1,1523,Hudson Overpass,2019-09-08 13:04:02.500,BEL_2019-09-08_1_1523,0.004148154379934241,59.73342307105307,0.88,4
4524976,SAR,2019-07-28,1,4,120,43.0725406800677,-73.7643235709065,600,D,FT ,47,MSW,78000.0,104,119,Jorge A. Vargas Jr.,275,1,SAR_2019-07-28_1_4,1,SAR_2019-07-28_1,2679,Cleon Jones,2019-07-28 13:04:30.000,SAR_2019-07-28_1_2679,0.0051776744592135614,74.55851221267528,0.4,2
4793930,BEL,2019-10-20,8,3,249,40.7137295292715,-73.7244370406068,650,D,FT ,45,MSW,75000.0,413,119,John R. Velazquez,720,5,BEL_2019-10-20_8_3,0,BEL_2019-10-20_8,1872,Fashion Rules,2019-10-20 16:14:02.250,BEL_2019-10-20_8_1872,0.004872789441867372,70.16816796289017,0.81,4
4151781,BEL,2019-05-11,11,12,7,40.7164657816405,-73.7208007984291,600,T,FM ,164,MSW,62000.0,657,118,Junior Alvarado,5250,9,BEL_2019-05-11_11_12,0,BEL_2019-05-11_11,1270,Mounted Cop,2019-05-11 18:57:01.750,BEL_2019-05-11_11_1270,0.002572812765886798,37.04850382876989,0.02,1
2044123,BEL,2019-06-02,7,1,206,40.717235050109,-73.7255590147327,850,I,FM ,80,MCL,41000.0,445,125,Jose Lezcano,310,2,BEL_2019-06-02_7_1,0,BEL_2019-06-02_7,1337,Rhode Island,2019-06-02 16:45:51.500,BEL_2019-06-02_7_1337,0.004955187107467206,71.35469434752777,0.52,3
3019769,BEL,2019-10-11,2,2,32,40.7168698964913,-73.7219779162033,650,D,FT ,48,MCL,35000.0,149,121,Rajiv Maragh,1440,5,BEL_2019-10-11_2_2,0,BEL_2019-10-11_2,2784,Scoregirlscore,2019-10-11 13:49:08.000,BEL_2019-10-11_2_2784,0.004856296734274112,69.93067297354722,0.1,1
632234,AQU,2019-12-30,4,7,325,40.6728610702903,-73.8313740552034,800,D,SY ,54,CLM,22000.0,200,124,Manuel Franco,70,1,AQU_2019-12-30_4_7,1,AQU_2019-12-30_4,274,Stay Fond,2019-12-30 14:01:21.250,AQU_2019-12-30_4_274,0.004243017302327705,61.099449153518954,0.8,4
2105358,BEL,2019-05-31,1,1A,264,40.7130641254796,-73.7219365416407,600,D,FT ,54,CLM,38000.0,130,125,Luis R. Reyes,200,6,BEL_2019-05-31_1_1A,0,BEL_2019-05-31_1,208,Tayler's the Boss,2019-05-31 13:31:06.000,BEL_2019-05-31_1_208,0.004362770781323849,62.82389925106342,0.96,4
173279,BEL,2019-10-25,7,1,247,40.7156959947624,-73.7279019411186,850,D,FT ,50,CLM,65000.0,441,115,Joey R. Martinez,2310,3,BEL_2019-10-25_7_1,0,BEL_2019-10-25_7,3857,Frammento,2019-10-25 16:42:01.750,BEL_2019-10-25_7_3857,0.004750984382152526,68.41417510299638,0.59,3
4076777,SAR,2019-08-28,4,5,231,43.0729355397316,-73.7691116355429,600,D,FT ,50,MSW,90000.0,236,119,Ricardo Santana Jr.,1700,8,SAR_2019-08-28_4_5,0,SAR_2019-08-28_4,1385,Bye Bye Nicky,2019-08-28 14:36:57.750,SAR_2019-08-28_4_1385,0.003580628987329918,51.56105741755082,0.76,4
3751446,AQU,2019-11-03,10,4,74,40.6726374592776,-73.8280478584121,600,O,GD ,64,MCL,41000.0,421,122,Pablo Fragoso,5700,7,AQU_2019-11-03_10_4,0,AQU_2019-11-03_10,1059,Camouflaged Kisser,2019-11-03 16:21:18.500,AQU_2019-11-03_10_1059,0.005183271356180413,74.63910752899795,0.25,2
5080129,SAR,2019-08-31,1,6,104,43.0702725090091,-73.7720742133982,850,I,FM ,20,MSW,90000.0,1232,119,Junior Alvarado,220,2,SAR_2019-08-31_1_6,0,SAR_2019-08-31_1,3893,Sul Moon,2019-08-31 12:32:26.000,SAR_2019-08-31_1_3893,0.004498179224918664,64.77378083882877,0.26,2
1359332,AQU,2019-11-30,2,4,127,40.6751340536607,-73.8275288364154,600,D,FT ,45,CLM,52000.0,1226,120,Keivan Serrano,1270,5,AQU_2019-11-30_2_4,0,AQU_2019-11-30_2,1063,Swiping Dan,2019-11-30 12:26:31.750,AQU_2019-11-30_2_1063,0.004860939683805053,69.99753144679276,0.44,2
4164398,AQU,2019-03-29,6,5,203,40.6733095847214,-73.8311442986284,550,D,FT ,48,MCL,33000.0,422,120,Kirk Johnson,1770,6,AQU_2019-03-29_6_5,0,AQU_2019-03-29_6,1207,Big Wonder,2019-03-29 16:22:50.750,AQU_2019-03-29_6_1207,0.004182984292781853,60.234973816058684,0.74,3
1135761,BEL,2019-09-08,2,6,29,40.7159960774794,-73.7184352732081,800,D,FT ,78,CLM,28000.0,133,124,Eric Cancel,2370,3,BEL_2019-09-08_2_6,0,BEL_2019-09-08_2,998,First Dawn,2019-09-08 13:33:07.250,BEL_2019-09-08_2_998,0.005467919884985359,78.73804634378918,0.07,1
1033584,BEL,2019-10-05,9,5,100,40.7131602806689,-73.72108989053,1200,T,FM ,36,STK,500000.0,450,126,Junior Alvarado,400,1,BEL_2019-10-05_9_5,1,BEL_2019-10-05_9,3016,Arklow,2019-10-05 16:50:25.000,BEL_2019-10-05_9_3016,0.004662193247424063,67.13558276290651,0.18,1
101180,AQU,2019-11-21,6,1,7,40.6722117829203,-73.8313712433905,850,O,GD ,41,CLM,46000.0,319,124,Jose Lezcano,265,1,AQU_2019-11-21_6_1,1,AQU_2019-11-21_6,1310,Wicked Freud,2019-11-21 15:19:01.750,AQU_2019-11-21_6_1310,0.0018958156220874932,27.2997449580599,0.01,1
2629783,AQU,2019-03-03,1,1,27,40.6710904829434,-73.8284743924115,600,D,FT ,48,MSW,68000.0,1250,120,Dylan Davis,90,2,AQU_2019-03-03_1_1,0,AQU_2019-03-03_1,1102,Sanaable,2019-03-03 12:50:06.750,AQU_2019-03-03_1_1102,0.005188683498395573,74.71704237689626,0.09,1
4689677,BEL,2019-09-13,6,7,163,40.7148088420519,-73.7274147635691,600,D,FT ,63,MCL,46000.0,544,119,Manuel Franco,450,3,BEL_2019-09-13_6_7,0,BEL_2019-09-13_6,1754,Diannesimpazible,2019-09-13 17:44:40.750,BEL_2019-09-13_6_1754,0.004932111121085933,71.02240014363744,0.56,3
2073312,BEL,2019-05-17,3,6,113,40.7171879463365,-73.7259698052391,600,I,GD ,138,CLM,55000.0,231,125,Junior Alvarado,950,8,BEL_2019-05-17_3_6,0,BEL_2019-05-17_3,486,Courageous Queen,2019-05-17 14:31:28.250,BEL_2019-05-17_3_486,0.0047111631746420786,67.84074971484593,0.39,2
3492483,AQU,2019-03-03,4,4,192,40.6753079467948,-73.8299138934034,650,D,FT ,36,MCL,46000.0,229,121,Eric Cancel,320,2,AQU_2019-03-03_4_4,0,AQU_2019-03-03_4,1106,Disciplanarian,2019-03-03 14:29:48.000,AQU_2019-03-03_4_1106,0.004550778604567409,65.53121190577069,0.57,3
2221106,AQU,2019-02-24,3,6,94,40.6741903338861,-73.8270771807252,600,D,SY ,50,CLM,36000.0,155,122,Carlos J. Hernandez,225,2,AQU_2019-02-24_3_6,0,AQU_2019-02-24_3,837,Curlin Creek,2019-02-24 13:55:23.500,AQU_2019-02-24_3_837,0.005248377706269749,75.57663897028438,0.32,2
2874158,BEL,2019-06-16,6,8,152,40.7168559966245,-73.7230324238542,850,T,FM ,102,MCL,41000.0,413,118,Manuel Franco,840,7,BEL_2019-06-16_6_8,0,BEL_2019-06-16_6,1169,Weekend Madness,2019-06-16 16:13:38.000,BEL_2019-06-16_6_1169,0.004708190261952533,67.79793977211646,0.39,2
1757708,AQU,2019-03-03,8,3,282,40.6726931828013,-73.8314341935658,700,D,FT ,45,ALW,70000.0,428,120,Anthony Salgado,1280,3,AQU_2019-03-03_8_3,0,AQU_2019-03-03_8,809,Norma's Charm,2019-03-03 16:29:10.500,AQU_2019-03-03_8_809,0.004228034135372321,60.88369154936143,0.82,4
3023694,BEL,2019-05-05,4,7,260,40.7146988402346,-73.727310880032,800,D,SY ,54,MSW,62000.0,311,118,Jose Lezcano,1540,3,BEL_2019-05-05_4_7,0,BEL_2019-05-05_4,822,Two Graces,2019-05-05 15:12:05.000,BEL_2019-05-05_4_822,0.0046661556229602415,67.19264097062748,0.58,3
735564,SAR,2019-08-04,6,5,133,43.0731349011686,-73.7644173978955,600,D,FT ,48,CLM,52000.0,406,124,Ricardo Santana Jr.,1520,8,SAR_2019-08-04_6_5,0,SAR_2019-08-04_6,347,Manifest Destiny,2019-08-04 16:06:33.250,SAR_2019-08-04_6_347,0.004874249646365283,70.18919490766008,0.47,2
3053272,BEL,2019-05-25,7,8,64,40.7165591039059,-73.7218212807545,700,T,FM ,64,MSW,62000.0,447,118,Dylan Davis,3200,5,BEL_2019-05-25_7_8,0,BEL_2019-05-25_7,2226,Cape Cod Diva,2019-05-25 16:47:16.000,BEL_2019-05-25_7_2226,0.0052591399410296825,75.73161515082742,0.19,1
5118263,BEL,2019-10-16,3,3,282,40.7148901100174,-73.7265777315549,850,I,FM ,76,MCL,41000.0,220,124,Pablo Fragoso,2925,7,BEL_2019-10-16_3_3,0,BEL_2019-10-16_3,2296,Azzedine (FR),2019-10-16 14:21:10.500,BEL_2019-10-16_3_2296,0.004480991680843905,64.52628020415223,0.71,3
4795673,SAR,2019-08-15,4,1,239,43.07188451972,-73.771106105875,550,T,FM ,90,MSW,90000.0,240,119,Jose Lezcano,1160,3,SAR_2019-08-15_4_1,0,SAR_2019-08-15_4,3996,Buy Land and See,2019-08-15 14:40:59.750,SAR_2019-08-15_4_3996,0.004783929784243243,68.8885888931027,0.92,4
3826119,SAR,2019-07-26,9,1,222,43.0712549091725,-73.7656996211417,900,D,MY ,77,STK,100000.0,551,120,John R. Velazquez,340,5,SAR_2019-07-26_9_1,0,SAR_2019-07-26_9,2997,Intrepid Heart,2019-07-26 17:51:55.500,SAR_2019-07-26_9_2997,0.004846475586037322,69.78924843893743,0.48,2
1279677,AQU,2019-02-02,8,11,291,40.6738899004934,-73.8309119518188,800,D,FT ,54,AOC,64000.0,400,123,Hector Rafael Diaz Jr.,3300,7,AQU_2019-02-02_8_11,0,AQU_2019-02-02_8,798,Phone Funky Munky,2019-02-02 16:01:12.750,AQU_2019-02-02_8_798,0.004377075996608526,63.029894351162774,0.77,4
4430263,BEL,2019-10-27,1,9,359,40.7136308708682,-73.7240788744871,850,D,SY ,48,MSW,75000.0,1221,119,John R. Velazquez,140,8,BEL_2019-10-27_1_9,0,BEL_2019-10-27_1,2396,Eagerly,2019-10-27 12:22:29.750,BEL_2019-10-27_1_2396,0.0038373307182213404,55.2575623423873,0.86,4
1331322,SAR,2019-07-18,9,3,316,43.073754922962,-73.7670079317992,900,D,FT ,78,AOC,95000.0,551,122,Javier Castellano,510,4,SAR_2019-07-18_9_3,0,SAR_2019-07-18_9,1712,Proven Reserves,2019-07-18 17:52:19.000,SAR_2019-07-18_9_1712,0.004391717337163821,63.24072965515902,0.75,3
3522897,SAR,2019-09-02,1,7,261,43.0726275161468,-73.764298328031,900,D,SY ,81,MSW,90000.0,1232,120,Chris Landeros,2370,6,SAR_2019-09-02_1_7,0,SAR_2019-09-02_1,3388,Noble Spirit,2019-09-02 12:33:05.250,SAR_2019-09-02_1_3388,0.004661667738813848,67.12801543891942,0.58,3
4504552,BEL,2019-10-16,5,6,195,40.7173841567846,-73.7265229936431,800,T,FM ,175,MSW,62000.0,326,119,Manuel Franco,85,3,BEL_2019-10-16_5_6,0,BEL_2019-10-16_5,2066,Danzing Dunhill,2019-10-16 15:26:48.750,BEL_2019-10-16_5_2066,0.004786115235202634,68.92005938691793,0.5,2
2113771,BEL,2019-04-28,1,2,206,40.7166673161635,-73.7277383414008,800,D,FT ,50,MCL,33000.0,130,126,Eric Cancel,1060,2,BEL_2019-04-28_1_2,0,BEL_2019-04-28_1,459,Ridolfo,2019-04-28 13:30:51.500,BEL_2019-04-28_1_459,0.004658767660182183,67.08625430662343,0.53,3
477495,AQU,2019-02-02,7,10,235,40.6725664529367,-73.8315257965379,600,D,FT ,42,CLM,20000.0,330,121,Carlos J. Hernandez,10750,6,AQU_2019-02-02_7_10,0,AQU_2019-02-02_7,796,Peculiar Sensation,2019-02-02 15:30:58.750,AQU_2019-02-02_7_796,0.004296175102741853,61.86492147948269,0.82,4
3331345,BEL,2019-05-18,11,6,94,40.7169602560789,-73.7233672716938,700,T,GD ,122,STK,100000.0,529,121,Manuel Franco,670,6,BEL_2019-05-18_11_6,0,BEL_2019-05-18_11,1468,Eyeinthesky,2019-05-18 17:29:23.500,BEL_2019-05-18_11_1468,0.00514627307996512,74.10633235149773,0.28,2
1836235,AQU,2019-03-08,3,6,103,40.6725319808868,-73.827769160256,700,D,FT ,44,MCL,46000.0,200,127,Kendrick Carmouche,100,3,AQU_2019-03-08_3_6,0,AQU_2019-03-08_3,186,Shanghai Check,2019-03-08 14:00:25.750,AQU_2019-03-08_3_186,0.005098985069661672,73.42538500312807,0.3,2
4303858,SAR,2019-08-29,1,5,153,43.0738110270212,-73.7654074186866,600,D,FT ,48,MSW,78000.0,102,119,Irad Ortiz Jr.,440,1,SAR_2019-08-29_1_5,1,SAR_2019-08-29_1,3731,Irish Danzing,2019-08-29 13:02:38.250,SAR_2019-08-29_1_3731,0.004764308919456571,68.60604844017462,0.52,3
3874893,AQU,2019-03-22,2,2,179,40.6738953605937,-73.8271389799453,800,D,SY ,54,MCL,46000.0,205,121,Reylu Gutierrez,610,5,AQU_2019-03-22_2_2,0,AQU_2019-03-22_2,1192,Mount Olympus,2019-03-22 14:05:44.750,AQU_2019-03-22_2_1192,0.004383526991780609,63.12278868164076,0.45,2
802500,AQU,2019-02-16,5,5,7,40.6703265882775,-73.8287172894232,600,D,FT ,48,CLM,16000.0,300,119,Rajiv Maragh,760,4,AQU_2019-02-16_5_5,0,AQU_2019-02-16_5,56,The Great Samurai,2019-02-16 15:00:01.750,AQU_2019-02-16_5_56,0.0026241844646218916,37.78825629055524,0.02,1
834667,BEL,2019-06-16,9,7,20,40.7167466200857,-73.7211173681344,650,D,FT ,56,MCL,33000.0,556,124,Samuel Jimenez,6725,9,BEL_2019-06-16_9_7,0,BEL_2019-06-16_9,3420,Ed's Pet,2019-06-16 17:56:05.000,BEL_2019-06-16_9_3420,0.00381113441552473,54.88033558355611,0.05,1
2643564,AQU,2019-11-10,2,10,321,40.6737446762754,-73.8301730588756,850,T,FM ,88,CLM,38000.0,1228,119,Kendrick Carmouche,4250,11,AQU_2019-11-10_2_10,0,AQU_2019-11-10_2,1935,Positive Skew,2019-11-10 12:29:20.250,AQU_2019-11-10_2_1935,0.004629909291388814,66.67069379599891,0.79,4
2274371,BEL,2019-10-26,7,3,113,40.7163615568398,-73.7210419020956,850,T,GD ,135,ALW,77000.0,414,125,Michael J. Luzzi,10100,10,BEL_2019-10-26_7_3,0,BEL_2019-10-26_7,3552,Cottonwood Falls,2019-10-26 16:14:28.250,BEL_2019-10-26_7_3552,0.004753384511036043,68.44873695891901,0.28,2
3114168,BEL,2019-09-13,8,7,165,40.7173521579382,-73.7250311942028,800,T,FM ,110,CLM,48000.0,644,120,Joel Rosario,400,8,BEL_2019-09-13_8_7,0,BEL_2019-09-13_8,2234,Scoreswhenhewants,2019-09-13 18:44:41.250,BEL_2019-09-13_8_2234,0.003865056312968389,55.6568109067448,0.44,2
3695822,BEL,2019-09-21,7,3,178,40.7167698080049,-73.7238591912462,850,I,FM ,78,MSW,75000.0,410,120,Rajiv Maragh,3825,5,BEL_2019-09-21_7_3,0,BEL_2019-09-21_7,3038,Estill,2019-09-21 16:10:44.500,BEL_2019-09-21_7_3038,0.004821879539517673,69.43506536905448,0.45,2
2783916,BEL,2019-09-27,6,2,340,40.7135947980636,-73.7237918262681,850,D,FT ,48,ALW,66000.0,342,120,Luis Saez,1930,2,BEL_2019-09-27_6_2,0,BEL_2019-09-27_6,564,Bebe Banker,2019-09-27 15:43:25.000,BEL_2019-09-27_6_564,0.0044590065865237945,64.20969484594264,0.85,4
2308957,AQU,2019-02-07,1,6,111,40.6728487365258,-73.827602519141,700,D,MY ,44,CLM,28000.0,1251,115,Reylu Gutierrez,1070,5,AQU_2019-02-07_1_6,0,AQU_2019-02-07_1,345,Espresso Caliente,2019-02-07 12:51:27.750,AQU_2019-02-07_1_345,0.005137126398054023,73.97462013197793,0.32,2
1407759,AQU,2019-01-25,7,2,172,40.6737997953755,-73.8272215989887,800,D,GD ,52,AOC,67000.0,328,123,Eric Cancel,260,2,AQU_2019-01-25_7_2,0,AQU_2019-01-25_7,621,Out of Orbit,2019-01-25 15:28:43.000,AQU_2019-01-25_7_621,0.004816916466988494,69.36359712463431,0.43,2
4167563,AQU,2019-11-14,1,6,232,40.6755545663071,-73.8284214565528,800,D,FT ,54,MCL,33000.0,1221,115,Joey R. Martinez,680,1,AQU_2019-11-14_1_6,1,AQU_2019-11-14_1,2047,Yankee Division,2019-11-14 12:21:58.000,AQU_2019-11-14_1_2047,0.004453743329222591,64.13390394080531,0.56,3
4090121,BEL,2019-06-06,2,4,200,40.7166531702226,-73.7277674327218,800,D,FT ,52,ALW,74000.0,336,120,Joel Rosario,235,2,BEL_2019-06-06_2_4,0,BEL_2019-06-06_2,1822,Doups Point,2019-06-06 15:36:50.000,BEL_2019-06-06_2_1822,0.004954017894389353,71.33785767920669,0.51,3
746449,BEL,2019-09-11,6,3,386,40.7130714082736,-73.7220261868356,850,D,FT ,44,AOC,70000.0,540,124,John R. Velazquez,2020,4,BEL_2019-09-11_6_3,0,BEL_2019-09-11_6,549,Beyond Discreet,2019-09-11 17:41:36.500,BEL_2019-09-11_6_549,0.0036787433232112208,52.97390385424158,0.92,4
2072081,BEL,2019-05-25,3,4,213,40.7139106977396,-73.7250494361852,600,D,FT ,58,MCL,33000.0,235,115,Heman K. Harkie,2850,4,BEL_2019-05-25_3_4,0,BEL_2019-05-25_3,377,Blue Skies Forever,2019-05-25 14:35:53.250,BEL_2019-05-25_3_377,0.004568401662538529,65.78498394055482,0.72,3
4942452,SAR,2019-07-26,2,5,271,43.072952220971,-73.7690140026041,700,D,MY ,32,MSW,78000.0,137,119,Junior Alvarado,910,1,SAR_2019-07-26_2_5,1,SAR_2019-07-26_2,3837,No Lime,2019-07-26 13:38:07.750,SAR_2019-07-26_2_3837,0.004468969010116041,64.353153745671,0.79,4
3623148,BEL,2019-10-03,5,5,315,40.7129489110134,-73.7214440409842,650,D,SY ,48,MCL,33000.0,335,121,Jose Lezcano,225,5,BEL_2019-10-03_5_5,0,BEL_2019-10-03_5,1108,Lookbothways,2019-10-03 15:36:18.750,BEL_2019-10-03_5_1108,0.0030014206979366116,43.220458050287206,0.99,4
1225048,AQU,2019-03-31,7,4,114,40.6745631073911,-73.8271504223873,600,D,GD ,45,STR,55000.0,501,122,Manuel Franco,440,5,AQU_2019-03-31_7_4,0,AQU_2019-03-31_7,114,Promise Me Roses,2019-03-31 17:01:28.500,AQU_2019-03-31_7_114,0.004955357099655691,71.35714223504195,0.38,2
1344645,AQU,2019-03-23,9,6,241,40.6731267029969,-73.8312503324238,600,D,FT ,45,MCL,33000.0,615,121,Kirk Johnson,11625,10,AQU_2019-03-23_9_6,0,AQU_2019-03-23_9,759,Ferncourt,2019-03-23 18:16:00.250,AQU_2019-03-23_9_759,0.004448345892394561,64.05618085048168,0.79,4
5199021,BEL,2019-10-12,9,4,334,40.7146790061084,-73.7256945118238,900,I,FM ,128,STK,200000.0,514,118,Junior Alvarado,510,2,BEL_2019-10-12_9_4,0,BEL_2019-10-12_9,1531,Feel Glorious (GB),2019-10-12 17:15:23.500,BEL_2019-10-12_9_1531,0.0053099610595763545,76.46343925789951,0.8,4
2355065,SAR,2019-09-02,5,1,163,43.0701469894669,-73.7684681072449,900,D,SY ,81,STR,60000.0,240,124,Tyler Gaffalione,510,3,SAR_2019-09-02_5_1,0,SAR_2019-09-02_5,4405,Snap Hook,2019-09-02 14:40:40.750,SAR_2019-09-02_5_4405,0.00470721483099573,67.7838935663385,0.36,2
326587,AQU,2019-03-23,7,4,271,40.6715742503254,-73.8319322478644,600,D,FT ,45,CLM,37000.0,515,115,Benjamin Hernandez,670,5,AQU_2019-03-23_7_4,0,AQU_2019-03-23_7,1060,Tale of Mist,2019-03-23 17:16:07.750,AQU_2019-03-23_7_1060,0.004069121579696323,58.59535074762705,0.93,4
1382797,AQU,2019-04-06,9,4,115,40.6731389706961,-73.8274622907489,700,D,FT ,40,STK,400000.0,522,116,Jose L. Ortiz,630,7,AQU_2019-04-06_9_4,0,AQU_2019-04-06_9,1323,Identity Politics,2019-04-06 17:22:28.750,AQU_2019-04-06_9_1323,0.00498707278854814,71.81384815509323,0.35,2
1214613,AQU,2019-02-18,9,6,319,40.6715095475868,-73.8319541326727,650,D,FT ,45,CLM,36000.0,503,120,Edward Escobar,9475,7,AQU_2019-02-18_9_6,0,AQU_2019-02-18_9,719,Tiffany's Vision,2019-02-18 17:04:19.750,AQU_2019-02-18_9_719,0.0033379227151721794,48.066087098479386,0.95,4
2130241,AQU,2019-12-06,2,5,310,40.6732953351192,-73.8311514516769,800,D,FT ,54,ALW,75000.0,1220,121,Javier Castellano,130,1,AQU_2019-12-06_2_5,1,AQU_2019-12-06_2,362,Felix in Fabula,2019-12-06 12:21:17.500,AQU_2019-12-06_2_362,0.004404458042751572,63.42419581562264,0.81,4
4226325,BEL,2019-10-13,6,4,155,40.714911335841,-73.7274970206695,600,D,FT ,58,CLM,42000.0,405,118,Luis R. Reyes,1220,5,BEL_2019-10-13_6_4,0,BEL_2019-10-13_6,1285,Shesasuperfreak,2019-10-13 16:05:38.750,BEL_2019-10-13_6_1285,0.004822732812162499,69.44735249514,0.53,3
4637157,AQU,2019-11-11,2,6,230,40.6730907362051,-73.8312846420067,600,D,FT ,38,MCL,52000.0,1228,119,John R. Velazquez,115,4,AQU_2019-11-11_2_6,0,AQU_2019-11-11_2,1994,Money Never Sleeps,2019-11-11 12:28:57.500,AQU_2019-11-11_2_1994,0.0046165432192232176,66.47822235681433,0.77,4
1951210,SAR,2019-08-29,8,1,47,43.070485037645,-73.7676844151757,600,D,FT ,48,SOC,70000.0,446,121,Ricardo Santana Jr.,590,4,SAR_2019-08-29_8_1,0,SAR_2019-08-29_8,4063,Ruler of the Nile,2019-08-29 16:46:11.750,SAR_2019-08-29_8_4063,0.005391471740565928,77.63719306414937,0.16,1
5102763,BEL,2019-10-14,8,2,115,40.7154441644029,-73.7188105837878,900,I,FM ,138,STK,200000.0,511,122,Edgar S. Prado,590,5,BEL_2019-10-14_8_2,0,BEL_2019-10-14_8,2427,Glorious Empire (IRE),2019-10-14 17:11:28.750,BEL_2019-10-14_8_2427,0.005091410206986514,73.3163069806058,0.28,2
1378555,AQU,2019-01-25,1,8,45,40.6717082018719,-73.8280925797368,600,D,MY ,45,MCL,41000.0,1225,118,Reylu Gutierrez,275,4,AQU_2019-01-25_1_8,0,AQU_2019-01-25_1,587,Hot Sriracha,2019-01-25 12:25:11.250,AQU_2019-01-25_1_587,0.005184449035854536,74.65606611630533,0.15,1
367151,SAR,2019-07-13,11,2,73,43.0708453307626,-73.7721937576958,800,I,GD ,81,CLM,52000.0,656,125,Manuel Franco,480,7,SAR_2019-07-13_11_2,0,SAR_2019-07-13_11,95,Shalako,2019-07-13 18:56:18.250,SAR_2019-07-13_11_95,0.005117930794026706,73.69820343398457,0.19,1
3343816,AQU,2019-12-13,7,4,275,40.6719464787068,-73.831806388113,650,D,GD ,52,AOC,67000.0,329,122,Reylu Gutierrez,1940,4,AQU_2019-12-13_7_4,0,AQU_2019-12-13_7,2736,Hot Diggitty,2019-12-13 15:30:08.750,AQU_2019-12-13_7_2736,0.004222392326840742,60.80244950650669,0.89,4
162288,BEL,2019-06-02,8,1,224,40.7172821198542,-73.7267450530929,850,T,FM ,170,CLM,39000.0,519,117,Benjamin Hernandez,2050,3,BEL_2019-06-02_8_1,0,BEL_2019-06-02_8,1688,Risky Sour,2019-06-02 17:19:56.000,BEL_2019-06-02_8_1688,0.0047034065824062485,67.72905478664998,0.55,3
3541058,AQU,2019-11-22,1,9,80,40.6726875575711,-73.8280174272176,600,O,GD ,58,MCL,41000.0,1250,122,Keivan Serrano,3750,6,AQU_2019-11-22_1_9,0,AQU_2019-11-22_1,2358,Happyandiknowit,2019-11-22 12:50:20.000,AQU_2019-11-22_1_2358,0.005301420245845114,76.34045154016964,0.27,2
3184864,AQU,2019-12-13,5,4,193,40.6756082873444,-73.8289249133617,700,D,GD ,48,MCL,33000.0,231,122,Keivan Serrano,420,1,AQU_2019-12-13_5_4,1,AQU_2019-12-13_5,1028,Barbara P,2019-12-13 14:31:48.250,AQU_2019-12-13_5_1028,0.004622769662052613,66.56788313355763,0.54,3
1428824,BEL,2019-10-02,8,8,304,40.713377114448,-73.7222531952557,700,T,FM ,72,STR,55000.0,512,123,Jose Lezcano,200,9,BEL_2019-10-02_8_8,0,BEL_2019-10-02_8,1360,Keota,2019-10-02 17:13:16.000,BEL_2019-10-02_8_1360,0.0038870992378884413,55.97422902559356,0.94,4
1447727,AQU,2019-02-16,6,6,347,40.6721077644786,-73.8317146468501,800,D,FT ,54,CLM,28000.0,334,113,Benjamin Hernandez,1700,3,AQU_2019-02-16_6_6,0,AQU_2019-02-16_6,438,Bigsouljoel,2019-02-16 15:35:26.750,AQU_2019-02-16_6_438,0.004686503936069691,67.48565667940355,0.88,4
1299803,SAR,2019-07-13,11,3,206,43.0716930508439,-73.7659056415911,800,I,GD ,81,CLM,52000.0,656,125,Tyler Gaffalione,2020,8,SAR_2019-07-13_11_3,0,SAR_2019-07-13_11,4070,Themanbehindtheman,2019-07-13 18:56:51.500,SAR_2019-07-13_11_4070,0.004962143999667865,71.45487359521725,0.54,3
1407231,SAR,2019-08-15,6,6,305,43.0735002896034,-73.7660561300644,900,I,FM ,117,CLM,48000.0,342,123,Javier Castellano,410,1,SAR_2019-08-15_6_6,1,SAR_2019-08-15_6,4484,Mo Zone,2019-08-15 15:43:16.250,SAR_2019-08-15_6_4484,0.004664384523337809,67.16713713606444,0.73,3
3137205,AQU,2019-11-09,2,7,215,40.6739110113207,-73.8279319860319,800,T,FM ,20,MSW,70000.0,1229,121,Javier Castellano,120,1,AQU_2019-11-09_2_7,1,AQU_2019-11-09_2,1845,Balon Rose,2019-11-09 12:29:53.750,AQU_2019-11-09_2_1845,0.004789118233813872,68.96330256691977,0.57,3
3982018,AQU,2019-11-02,1,6,227,40.6727258580003,-73.8313845605981,600,D,FT ,40,CLM,48000.0,1200,117,Benjamin Hernandez,2575,4,AQU_2019-11-02_1_6,0,AQU_2019-11-02_1,1623,Cover Photo,2019-11-02 12:00:56.750,AQU_2019-11-02_1_1623,0.0047085509229163,67.80313328999472,0.79,4
2878390,SAR,2019-08-07,4,3,340,43.0718656237919,-73.7704123435321,800,I,FM ,30,CLM,70000.0,226,120,Dylan Davis,1840,6,SAR_2019-08-07_4_3,0,SAR_2019-08-07_4,829,Tappanzee,2019-08-07 14:27:25.000,SAR_2019-08-07_4_829,0.004450124061798856,64.08178648990352,0.93,4
2830884,SAR,2019-08-23,2,4,17,43.0723691159822,-73.7693751029557,850,I,GD ,90,MSW,78000.0,135,118,Luis Saez,290,2,SAR_2019-08-23_2_4,0,SAR_2019-08-23_2,2572,Waynes Footsteps,2019-08-23 13:35:04.250,SAR_2019-08-23_2_2572,0.004789077691621748,68.96271875935317,0.04,1
312945,BEL,2019-06-20,1,4,213,40.7161913611204,-73.7279129960558,800,D,MY ,52,CLM,50000.0,305,125,Irad Ortiz Jr.,310,2,BEL_2019-06-20_1_4,0,BEL_2019-06-20_1,223,Playthatfunnymusic,2019-06-20 15:05:53.250,BEL_2019-06-20_1_223,0.0048226312249547544,69.44588963934847,0.56,3
4812600,BEL,2019-10-12,8,5,175,40.7160078416365,-73.7279447074574,700,D,FT ,54,MSW,75000.0,442,119,Eric Cancel,490,2,BEL_2019-10-12_8_5,0,BEL_2019-10-12_8,3650,Starting Over,2019-10-12 16:42:43.750,BEL_2019-10-12_8_3650,0.004963112662047696,71.46882233348681,0.53,3
1512245,BEL,2019-05-25,2,1,28,40.7168638601571,-73.7219366123909,650,D,FT ,56,CLM,38000.0,202,123,Jose L. Ortiz,420,2,BEL_2019-05-25_2_1,0,BEL_2019-05-25_2,3131,Giant Boo Boo,2019-05-25 14:02:07.000,BEL_2019-05-25_2_3131,0.005391185866860377,77.63307648278942,0.09,1
3316359,AQU,2019-04-17,9,7,255,40.6717379276768,-73.8314643071243,600,O,GD ,60,MCL,41000.0,548,118,Dylan Davis,550,3,AQU_2019-04-17_9_7,0,AQU_2019-04-17_9,1504,Taniell's Candy,2019-04-17 17:49:03.750,AQU_2019-04-17_9_1504,0.004472191618157371,64.39955930146614,0.89,4
838660,BEL,2019-10-03,7,5,289,40.7143144494211,-73.7265965936559,850,D,SY ,52,AOC,85000.0,440,124,Dylan Davis,1050,6,BEL_2019-10-03_7_5,0,BEL_2019-10-03_7,20,Small Bear,2019-10-03 16:41:12.250,BEL_2019-10-03_7_20,0.004409070648826713,63.49061734310467,0.72,3
635869,AQU,2019-03-03,3,5,206,40.6736223994757,-73.8309858017021,600,D,FT ,48,CLM,48000.0,156,115,Reylu Gutierrez,300,1,AQU_2019-03-03_3_5,1,AQU_2019-03-03_3,738,Aristocratic,2019-03-03 13:56:51.500,AQU_2019-03-03_3_738,0.004531290885638964,65.25058875320109,0.7,3
785336,BEL,2019-06-12,8,11,166,40.7164925783495,-73.7275412981266,700,T,FM ,126,AOC,70000.0,518,121,Luis Saez,255,6,BEL_2019-06-12_8_11,0,BEL_2019-06-12_8,2072,High Jingo,2019-06-12 17:18:41.500,BEL_2019-06-12_8_2072,0.005064389177039239,72.92720414936504,0.52,3
2676046,SAR,2019-08-29,6,5,223,43.0721645309834,-73.7702809190787,550,T,FM ,52,MSW,78000.0,343,119,Rajiv Maragh,2500,7,SAR_2019-08-29_6_5,0,SAR_2019-08-29_6,2327,Kitty Therapy,2019-08-29 15:43:55.750,SAR_2019-08-29_6_2327,0.004450945675346278,64.0936177249864,0.88,4
104712,BEL,2019-10-19,9,2,362,40.7138381824169,-73.7227621379564,850,I,FM ,76,STK,200000.0,448,121,Dylan Davis,4550,6,BEL_2019-10-19_9_2,0,BEL_2019-10-19_9,2893,Broken Border,2019-10-19 16:49:30.500,BEL_2019-10-19_9_2893,0.004453409004672655,64.12908966728622,0.92,4
873074,BEL,2019-05-26,5,5,317,40.7141899321123,-73.725188962034,850,T,FM ,130,CLM,44000.0,341,124,Jose L. Ortiz,420,6,BEL_2019-05-26_5_5,0,BEL_2019-05-26_5,3157,Ladrona,2019-05-26 15:42:19.250,BEL_2019-05-26_5_3157,0.004849136674736701,69.8275681162085,0.81,4
1444418,SAR,2019-07-13,2,2,211,43.0726847613294,-73.7690883894579,550,T,GD ,85,MCL,48000.0,137,124,Luis Saez,490,10,SAR_2019-07-13_2_2,0,SAR_2019-07-13_2,1368,Prisoner's Dilemma,2019-07-13 13:37:52.750,SAR_2019-07-13_2_1368,0.004168808257760414,60.03083891174996,0.78,4
1755557,AQU,2019-04-05,5,5,22,40.669925356291,-73.8289157607849,650,D,FT ,36,ALW,66000.0,338,117,Benjamin Hernandez,590,5,AQU_2019-04-05_5_5,0,AQU_2019-04-05_5,892,Orchid Party,2019-04-05 15:38:05.500,AQU_2019-04-05_5_892,0.004427326317990002,63.753498979056026,0.07,1
4596960,AQU,2019-12-06,9,10,353,40.6727688429864,-73.8307214222603,850,T,YL ,96,STK,100000.0,346,118,Jose Lezcano,250,1,AQU_2019-12-06_9_10,1,AQU_2019-12-06_9,2628,Pixelate,2019-12-06 15:47:28.250,AQU_2019-12-06_9_2628,0.00500193879787939,72.02791868946322,0.85,4
2961568,BEL,2019-05-05,4,12,121,40.7173705488009,-73.7237756760024,800,D,SY ,54,MSW,62000.0,311,118,Luis Saez,400,7,BEL_2019-05-05_4_12,0,BEL_2019-05-05_4,1294,Recess,2019-05-05 15:11:30.250,BEL_2019-05-05_4_1294,0.004997668144706439,71.96642128377272,0.27,2
3755124,AQU,2019-01-04,4,1,287,40.6724479577102,-73.8315070366802,700,D,FT ,45,MCL,46000.0,227,120,Manuel Franco,180,1,AQU_2019-01-04_4_1,1,AQU_2019-01-04_4,80,Regal Retort,2019-01-04 14:28:11.750,AQU_2019-01-04_4_80,0.004354120997390457,62.699342362422584,0.77,4
167326,AQU,2019-01-01,7,7,310,40.6713319073317,-73.8320741778441,650,D,GD ,36,AOC,67000.0,323,119,Dylan Davis,1990,6,AQU_2019-01-01_7_7,0,AQU_2019-01-01_7,45,Moondance Joy,2019-01-01 15:24:17.500,AQU_2019-01-01_7_45,0.0032120703654635956,46.25381326267578,0.95,4
3178333,SAR,2019-07-18,8,1A,124,43.0695661027406,-73.7708546609756,850,T,GD ,126,AOC,92000.0,515,118,Ricardo Santana Jr.,710,7,SAR_2019-07-18_8_1A,0,SAR_2019-07-18_8,3215,Magnificent McCool,2019-07-18 17:15:31.000,SAR_2019-07-18_8_3215,0.00473312473676277,68.15699620938389,0.3,2
3250432,SAR,2019-08-10,11,2,173,43.0733280278665,-73.7676900044082,550,T,FM ,48,MCL,48000.0,659,119,Jose Lezcano,480,3,SAR_2019-08-10_11_2,0,SAR_2019-08-10_11,3257,Blue Parrot,2019-08-10 18:59:43.250,SAR_2019-08-10_11_3257,0.005467857410471189,78.73714671078511,0.67,3
1535570,BEL,2019-10-04,6,4,111,40.7165231149479,-73.7218547109574,800,T,GD ,76,AOC,70000.0,405,122,Kendrick Carmouche,4100,7,BEL_2019-10-04_6_4,0,BEL_2019-10-04_6,2052,Purely Lucky,2019-10-04 16:05:27.750,BEL_2019-10-04_6_2052,0.004848894393292914,69.82407926341796,0.3,2
2485523,BEL,2019-09-07,4,7,381,40.7134675461279,-73.7223145908169,850,T,GD ,56,MCL,41000.0,237,120,Junior Alvarado,410,7,BEL_2019-09-07_4_7,0,BEL_2019-09-07_4,3490,On a Spree,2019-09-07 14:38:35.250,BEL_2019-09-07_4_3490,0.0036832038256582487,53.03813508947878,0.9,4
2369678,AQU,2019-01-18,5,7,75,40.6695751255651,-73.8290794167946,800,D,FT ,54,MCL,35000.0,257,122,Rafael Manuel Hernandez,240,1,AQU_2019-01-18_5_7,1,AQU_2019-01-18_5,128,Bee'snbee's,2019-01-18 14:57:18.750,AQU_2019-01-18_5_128,0.004952141856795527,71.3108427378556,0.18,1
3887866,BEL,2019-06-21,9,3,96,40.71660047023,-73.727770953275,550,D,SY ,74,MCL,30000.0,551,118,Dylan Davis,235,4,BEL_2019-06-21_9_3,0,BEL_2019-06-21_9,3449,Odie,2019-06-21 17:51:24.000,BEL_2019-06-21_9_3449,0.005186316651143639,74.6829597764684,0.36,2
915453,BEL,2019-05-09,6,7,242,40.7134758892025,-73.7234795345378,600,D,FT ,60,CLM,32000.0,545,123,Pablo Fragoso,5850,6,BEL_2019-05-09_6_7,0,BEL_2019-05-09_6,2968,Treatherlikestar,2019-05-09 17:46:00.500,BEL_2019-05-09_6_2968,0.004206365907865009,60.57166907325613,0.81,4
4762427,BEL,2019-10-05,10,3,51,40.7162582170584,-73.7196046853653,800,D,FT ,72,STK,500000.0,522,122,Junior Alvarado,125,2,BEL_2019-10-05_10_3,0,BEL_2019-10-05_10,3542,Green Light Go,2019-10-05 17:22:12.750,BEL_2019-10-05_10_3542,0.005130295612719651,73.87625682316298,0.13,1
4129093,AQU,2019-11-17,2,3,8,40.672511609434,-73.8312659570765,850,O,FM ,75,MCL,41000.0,1229,116,Declan Carroll,1600,7,AQU_2019-11-17_2_3,0,AQU_2019-11-17_2,2244,Alreadycelebrating,2019-11-17 12:29:02.000,AQU_2019-11-17_2_2244,0.0024008648095174803,34.57245325705172,0.02,1
4480273,BEL,2019-09-28,9,5,328,40.7140195650044,-73.7246771656424,850,T,FM ,166,STK,200000.0,516,120,Dylan Davis,1420,6,BEL_2019-09-28_9_5,0,BEL_2019-09-28_9,2476,Maxwell Esquire,2019-09-28 17:17:22.000,BEL_2019-09-28_9_2476,0.004803978805333327,69.17729479679991,0.83,4
3814012,BEL,2019-06-23,7,4,135,40.715764514241,-73.7279374271009,600,D,FT ,54,ALW,82000.0,445,120,Joel Rosario,140,1,BEL_2019-06-23_7_4,1,BEL_2019-06-23_7,3483,Endorsed,2019-06-23 16:45:33.750,BEL_2019-06-23_7_3483,0.00527549433851805,75.96711847465991,0.49,2
3378423,BEL,2019-05-02,9,10,46,40.7163254036803,-73.7207606658945,700,T,GD ,65,MSW,62000.0,551,118,Ruben Silvera,7175,7,BEL_2019-05-02_9_10,0,BEL_2019-05-02_9,1204,Nine From Two,2019-05-02 17:51:11.500,BEL_2019-05-02_9_1204,0.005195453661140943,74.81453272042958,0.13,1
2049617,AQU,2019-02-21,8,8,220,40.6755830619148,-73.8283921175091,800,D,SY ,54,ALW,70000.0,440,121,Dylan Davis,650,4,AQU_2019-02-21_8_8,0,AQU_2019-02-21_8,1021,Nicodemus,2019-02-21 16:40:55.000,AQU_2019-02-21_8_1021,0.004761258177871376,68.5621177613478,0.58,3
1605497,BEL,2019-05-02,8,4,253,40.7138041347739,-73.7245387964043,700,D,FT ,46,AOC,87000.0,518,118,Eric Cancel,100,3,BEL_2019-05-02_8_4,0,BEL_2019-05-02_8,157,Bon Raison,2019-05-02 17:19:03.250,BEL_2019-05-02_8_157,0.004723574866916228,68.01947808359368,0.79,4
1740440,SAR,2019-08-30,9,3,63,43.0709519107459,-73.7727270070151,900,D,FT ,78,CLM,70000.0,519,124,Joel Rosario,400,3,SAR_2019-08-30_9_3,0,SAR_2019-08-30_9,2772,Supreme Aura,2019-08-30 17:19:15.750,SAR_2019-08-30_9_2772,0.004705461389045283,67.75864400225208,0.14,1
3140825,BEL,2019-05-18,9,5,154,40.7163882927581,-73.7222852708178,850,I,GD ,72,MCL,41000.0,418,118,Junior Alvarado,365,1,BEL_2019-05-18_9_5,1,BEL_2019-05-18_9,1474,Impazible Odds,2019-05-18 16:18:38.500,BEL_2019-05-18_9_1474,0.0046332351010632,66.71858545531008,0.36,2
1121790,BEL,2019-09-07,8,8,411,40.7158154309917,-73.7279668380802,1200,D,FT ,72,STK,300000.0,443,122,Javier Castellano,360,4,BEL_2019-09-07_8_8,0,BEL_2019-09-07_8,2974,Rocketry,2019-09-07 16:44:42.750,BEL_2019-09-07_8_2974,0.0047639597393876205,68.60102024718174,0.74,3
1081328,AQU,2019-12-15,7,6,94,40.6732599563118,-73.8274160570116,650,D,MY ,52,AOC,67000.0,319,120,Reylu Gutierrez,1720,3,AQU_2019-12-15_7_6,0,AQU_2019-12-15_7,320,Archumybaby,2019-12-15 15:19:23.500,AQU_2019-12-15_7_320,0.005242641971392197,75.49404438804764,0.3,2
4150639,AQU,2019-12-22,8,1A,116,40.6713587847308,-73.8282602215893,800,D,FT ,54,ALW,70000.0,319,120,Reylu Gutierrez,650,3,AQU_2019-12-22_8_1A,0,AQU_2019-12-22_8,2812,Nonsensical,2019-12-22 15:19:29.000,AQU_2019-12-22_8_2812,0.005344657301625861,76.9630651434124,0.3,2
770670,SAR,2019-08-16,5,4,114,43.0723836087536,-73.7643245312768,600,D,FT ,55,AOC,95000.0,311,122,Junior Alvarado,2270,5,SAR_2019-08-16_5_4,0,SAR_2019-08-16_5,818,Blue Belt,2019-08-16 15:11:28.500,SAR_2019-08-16_5_818,0.005283718904244562,76.08555222112169,0.42,2
498178,AQU,2019-11-09,8,8,183,40.6730478795997,-73.8283549986442,800,T,FM ,20,STK,150000.0,320,125,Feargal Lynch,375,2,AQU_2019-11-09_8_8,0,AQU_2019-11-09_8,1889,Caribou Club,2019-11-09 15:20:45.750,AQU_2019-11-09_8_1889,0.005242747986998614,75.49557101278003,0.5,2
1562681,SAR,2019-07-31,7,7,299,43.0732698703065,-73.7670342964501,850,I,GD ,36,ALW,92000.0,439,123,Chris Landeros,3925,7,SAR_2019-07-31_7_7,0,SAR_2019-07-31_7,3124,Goodbye Brockley,2019-07-31 16:40:14.750,SAR_2019-07-31_7_3124,0.005046735511130631,72.67299136028109,0.76,4
3130609,BEL,2019-06-08,8,2,27,40.7165883980197,-73.7208203489071,700,D,FT ,50,STK,400000.0,406,118,Mike E. Smith,960,7,BEL_2019-06-08_8_2,0,BEL_2019-06-08_8,1140,Much Better,2019-06-08 16:06:06.750,BEL_2019-06-08_8_1140,0.004854739759673029,69.90825253929161,0.08,1
3693368,BEL,2019-06-13,4,2,357,40.714004263959,-73.7232372611742,850,I,YL ,48,MSW,80000.0,441,118,Joe Bravo,730,4,BEL_2019-06-13_4_2,0,BEL_2019-06-13_4,3010,Funny Flowers,2019-06-13 16:42:29.250,BEL_2019-06-13_4_3010,0.0047102209980241765,67.82718237154815,0.89,4
1098613,BEL,2019-10-02,6,3,212,40.7144197423711,-73.7268051209439,700,D,FT ,45,CLM,55000.0,405,123,Manuel Franco,320,1,BEL_2019-10-02_6_3,1,BEL_2019-10-02_6,2325,Heavy Roller,2019-10-02 16:05:53.000,BEL_2019-10-02_6_2325,0.004912299271280413,70.73710950643795,0.66,3
251600,AQU,2019-11-09,6,4,291,40.6745509155378,-73.8301188208149,850,O,FM ,35,AOC,80000.0,223,121,Manuel Franco,2550,5,AQU_2019-11-09_6_4,0,AQU_2019-11-09_6,1879,Aquaphobia,2019-11-09 14:24:12.750,AQU_2019-11-09_6_1879,0.004845706576748479,69.77817470517809,0.74,3
5151222,BEL,2019-06-27,6,1,386,40.713965535247,-73.7232265008388,900,I,FM ,234,AOC,82000.0,542,126,Joel Rosario,580,5,BEL_2019-06-27_6_1,0,BEL_2019-06-27_6,3494,Zarmella (FR),2019-06-27 17:43:36.500,BEL_2019-06-27_6_3494,0.004366797646953637,62.88188611613237,0.91,4
681347,BEL,2019-10-18,6,6,79,40.7168485035504,-73.7228127627144,700,T,GD ,90,ALW,66000.0,409,123,Rajiv Maragh,3875,5,BEL_2019-10-18_6_6,0,BEL_2019-10-18_6,2257,Constant Knight,2019-10-18 16:09:19.750,BEL_2019-10-18_6_2257,0.00491270692240319,70.74297968260593,0.23,1
712931,BEL,2019-09-19,6,6,164,40.717642967467,-73.7248570010228,850,D,FT ,45,AOC,70000.0,537,122,Eric Cancel,320,3,BEL_2019-09-19_6_6,0,BEL_2019-09-19_6,641,Carthon,2019-09-19 17:37:41.000,BEL_2019-09-19_6_641,0.0050205209240366915,72.29550130612836,0.42,2
206283,BEL,2019-05-31,3,3,319,40.7131020778453,-73.7219463227867,700,D,FT ,40,ALW,82000.0,234,125,Hector Rafael Diaz Jr.,3475,5,BEL_2019-05-31_3_3,0,BEL_2019-05-31_3,1510,Snake Oil Charlie,2019-05-31 14:35:19.750,BEL_2019-05-31_3_1510,0.003420926625333458,49.2613434048018,0.98,4
1290074,SAR,2019-08-01,7,5,349,43.0718694614097,-73.7705714074301,800,I,FM ,92,AOC,83000.0,441,124,Ricardo Santana Jr.,680,7,SAR_2019-08-01_7_5,0,SAR_2019-08-01_7,4305,Blue Atlas,2019-08-01 16:42:27.250,SAR_2019-08-01_7_4305,0.004763461489991084,68.59384545587162,0.94,4
1022701,AQU,2019-03-09,6,5,302,40.6713201007899,-73.8320256788438,650,D,FT ,32,CLM,28000.0,307,120,Harry Hernandez,4475,5,AQU_2019-03-09_6_5,0,AQU_2019-03-09_6,635,Jacqueline D,2019-03-09 15:08:15.500,AQU_2019-03-09_6_635,0.003888050386295277,55.98792556265199,0.94,4
1857360,AQU,2019-01-06,3,5,283,40.6718204875377,-73.8318452360542,650,D,MY ,32,MCL,41000.0,155,115,Kevin Carmona,160,2,AQU_2019-01-06_3_5,0,AQU_2019-01-06_3,186,Shanghai Check,2019-01-06 13:56:10.750,AQU_2019-01-06_3_186,0.004399319257348036,63.35019730581171,0.87,4
5152544,SAR,2019-08-17,9,6,213,43.0714085264016,-73.7666146511731,850,I,GD ,9,STK,200000.0,519,120,Joel Rosario,450,6,SAR_2019-08-17_9_6,0,SAR_2019-08-17_9,1531,Feel Glorious (GB),2019-08-17 17:19:53.250,SAR_2019-08-17_9_1531,0.004760453812150587,68.55053489496845,0.55,3
1494597,AQU,2019-01-10,3,3,92,40.6699458147819,-73.8288772187341,800,D,FT ,54,MCL,30000.0,200,123,Harry Hernandez,235,4,AQU_2019-01-10_3_3,0,AQU_2019-01-10_3,241,Shiloh Lane,2019-01-10 14:00:23.000,AQU_2019-01-10_3_241,0.004911009517947333,70.71853705844158,0.22,1
845945,BEL,2019-10-14,2,3,220,40.7147126433427,-73.7268463583343,700,T,FM ,126,CLM,50000.0,150,121,Javier Castellano,90,2,BEL_2019-10-14_2_3,0,BEL_2019-10-14_2,2070,First Appeal,2019-10-14 13:50:55.000,BEL_2019-10-14_2_2070,0.005060588218509907,72.87247034654266,0.67,3
4539418,SAR,2019-08-09,6,11,33,43.0704502789064,-73.7681225757898,550,T,FM ,45,MSW,90000.0,352,119,Manuel Franco,3850,10,SAR_2019-08-09_6_11,0,SAR_2019-08-09_6,1799,La Negrita,2019-08-09 15:52:08.250,SAR_2019-08-09_6_1799,0.005530998612923781,79.64638002610245,0.13,1
2436347,BEL,2019-06-28,9,11,35,40.7161495716735,-73.7199439113131,700,T,FM ,84,MCL,41000.0,555,119,Kendrick Carmouche,2500,12,BEL_2019-06-28_9_11,0,BEL_2019-06-28_9,3506,J's Warrior,2019-06-28 17:55:08.750,BEL_2019-06-28_9_3506,0.005113652268737675,73.63659266982252,0.1,1
3972845,AQU,2019-11-14,8,1,345,40.6715437591229,-73.8312582787587,800,T,FM ,70,ALW,75000.0,350,120,Jorge A. Vargas Jr.,710,6,AQU_2019-11-14_8_1,0,AQU_2019-11-14_8,2085,Clear Vision,2019-11-14 15:51:26.250,AQU_2019-11-14_8_2085,0.005039202484026432,72.56451576998063,0.93,4
877020,BEL,2019-05-27,5,5,81,40.716131069546,-73.7201494592145,800,T,GD ,142,STK,125000.0,340,117,Luis Saez,720,7,BEL_2019-05-27_5_5,0,BEL_2019-05-27_5,3173,Lady Joan,2019-05-27 15:40:20.250,BEL_2019-05-27_5_3173,0.00482187647298497,69.43502121098356,0.22,1
3170640,BEL,2019-09-29,6,6,80,40.7169320762755,-73.7243910207057,600,I,FM ,102,MSW,62000.0,339,121,Joel Rosario,760,4,BEL_2019-09-29_6_6,0,BEL_2019-09-29_6,1295,Lough Na Mona,2019-09-29 15:39:20.000,BEL_2019-09-29_6_1295,0.005242098223916891,75.48621442440323,0.28,2
4228858,BEL,2019-05-19,5,9,332,40.7136544054289,-73.7231968651915,800,T,FM ,108,MSW,62000.0,348,118,Dylan Davis,1450,3,BEL_2019-05-19_5_9,0,BEL_2019-05-19_5,824,Sterling Beauty,2019-05-19 15:49:23.000,BEL_2019-05-19_5_824,0.00448258861711019,64.54927608638674,0.88,4
1988039,AQU,2019-01-18,6,7,59,40.6690887834551,-73.8292745240687,800,D,FT ,54,CLM,42000.0,327,117,Reylu Gutierrez,240,1,AQU_2019-01-18_6_7,1,AQU_2019-01-18_6,472,Where's Rudy,2019-01-18 15:27:14.750,AQU_2019-01-18_6_472,0.005352089709858465,77.0700918219619,0.15,1
3826137,SAR,2019-07-26,9,1,204,43.0708903652379,-73.7666131421699,900,D,MY ,77,STK,100000.0,551,120,John R. Velazquez,340,5,SAR_2019-07-26_9_1,0,SAR_2019-07-26_9,2997,Intrepid Heart,2019-07-26 17:51:51.000,SAR_2019-07-26_9_2997,0.0046656958472147455,67.18602019989234,0.45,2
914876,BEL,2019-10-05,1,1A,183,40.714202926937,-73.726078815077,600,D,FT ,66,STR,50000.0,1220,123,Junior Alvarado,145,3,BEL_2019-10-05_1_1A,0,BEL_2019-10-05_1,273,Daria's Angel,2019-10-05 12:20:45.750,BEL_2019-10-05_1_273,0.0047410423902179465,68.27101041913843,0.66,3
1358231,BEL,2019-06-02,3,5,58,40.716130856759,-73.719074576535,850,D,FT ,44,CLM,65000.0,242,124,Joel Rosario,255,3,BEL_2019-06-02_3_5,0,BEL_2019-06-02_3,391,Coltandmississippi,2019-06-02 14:42:14.500,BEL_2019-06-02_3_391,0.0052940990835266015,76.23502680278307,0.15,1
2659696,SAR,2019-08-11,8,2,170,43.0732354020216,-73.7645114514625,700,D,FT ,32,AOC,95000.0,446,117,Rajiv Maragh,140,4,SAR_2019-08-11_8_2,0,SAR_2019-08-11_8,3315,Cookie Dough,2019-08-11 16:46:42.500,SAR_2019-08-11_8_3315,0.004766442483860121,68.63677176758574,0.51,3
2711716,BEL,2019-09-07,4,4,146,40.7167933808267,-73.7228738011229,850,T,GD ,56,MCL,41000.0,237,120,Luis Saez,610,3,BEL_2019-09-07_4_4,0,BEL_2019-09-07_4,3030,Montatham,2019-09-07 14:37:36.500,BEL_2019-09-07_4_3030,0.004746022569146684,68.34272499571225,0.34,2
891996,AQU,2019-02-22,5,1,260,40.6753535418857,-73.8298079928188,800,D,GD ,54,MCL,30000.0,300,121,Hector Rafael Diaz Jr.,7100,8,AQU_2019-02-22_5_1,0,AQU_2019-02-22_5,239,Well in Tune,2019-02-22 15:01:05.000,AQU_2019-02-22_5_239,0.004314118149332292,62.123301350385,0.63,3
726966,SAR,2019-08-25,3,6,292,43.0703557024506,-73.7693410102311,1100,I,FM ,135,AOC,92000.0,206,126,Manuel Franco,510,1,SAR_2019-08-25_3_6,1,SAR_2019-08-25_3,2965,No Mans Land,2019-08-25 14:07:13.000,SAR_2019-08-25_3_2965,0.0047325967507440315,68.14939321071405,0.56,3
2493416,BEL,2019-09-07,4,7,155,40.7169225153877,-73.7233397764195,850,T,GD ,56,MCL,41000.0,237,120,Junior Alvarado,410,7,BEL_2019-09-07_4_7,0,BEL_2019-09-07_4,3490,On a Spree,2019-09-07 14:37:38.750,BEL_2019-09-07_4_3490,0.005273042683802159,75.93181464675109,0.36,2
1586573,AQU,2019-11-08,8,12,141,40.6752620362417,-73.8282992147183,600,O,FM ,72,AOC,80000.0,348,117,Declan Carroll,5175,11,AQU_2019-11-08_8_12,0,AQU_2019-11-08_8,1832,Blueblood,2019-11-08 15:48:35.250,AQU_2019-11-08_8_1832,0.0049474454583161645,71.24321459975278,0.5,2
2411416,BEL,2019-05-11,4,5,116,40.716753703107,-73.721484399623,900,D,FT ,20,STK,300000.0,308,116,Irad Ortiz Jr.,255,4,BEL_2019-05-11_4_5,0,BEL_2019-05-11_4,1326,Final Jeopardy,2019-05-11 15:08:29.000,BEL_2019-05-11_4_1326,0.0051705928411308515,74.45653691228426,0.29,2
2420097,AQU,2019-03-22,2,3,265,40.6750905097436,-73.8302171421039,800,D,SY ,54,MCL,46000.0,205,121,Junior Alvarado,125,1,AQU_2019-03-22_2_3,1,AQU_2019-03-22_2,1189,Bye Bye Man,2019-03-22 14:06:06.250,AQU_2019-03-22_2_1189,0.004324313709181796,62.27011741221787,0.67,3
781272,AQU,2019-11-11,6,11,148,40.6704275351999,-73.829646785601,850,T,FM ,88,CLM,38000.0,223,122,Hector Rafael Diaz Jr.,5700,7,AQU_2019-11-11_6_11,0,AQU_2019-11-11_6,1560,Time Expired,2019-11-11 14:23:37.000,AQU_2019-11-11_6_1560,0.004769489416639147,68.68064759960372,0.36,2
2660393,AQU,2019-02-28,8,2,283,40.675282907347,-73.8299347384057,800,D,FT ,54,MCL,35000.0,441,123,Hector Rafael Diaz Jr.,6525,8,AQU_2019-02-28_8_2,0,AQU_2019-02-28_8,1074,Plum Bay,2019-02-28 16:42:10.750,AQU_2019-02-28_8_1074,0.0036586340776804576,52.68433071859859,0.66,3
2862346,SAR,2019-07-11,6,1,46,43.0706663779475,-73.7677371902352,550,T,GD ,85,ALW,80000.0,403,120,Joe Bravo,310,9,SAR_2019-07-11_6_1,0,SAR_2019-07-11_6,3485,Magical Tale,2019-07-11 16:03:11.500,SAR_2019-07-11_6_3485,0.005310571274957139,76.4722263593828,0.18,1
375415,AQU,2019-04-06,11,2,294,40.6738779281629,-73.8308757619995,800,D,FT ,54,ALW,75000.0,641,126,Nik Juarez,1740,6,AQU_2019-04-06_11_2,0,AQU_2019-04-06_11,359,Vincento,2019-04-06 18:42:13.500,AQU_2019-04-06_11_359,0.004420639519750397,63.657209084405714,0.75,3
1666124,BEL,2019-05-16,4,8,65,40.7177028718824,-73.7251492573006,600,D,FT ,56,AOC,70000.0,438,123,Rajiv Maragh,480,1,BEL_2019-05-16_4_8,1,BEL_2019-05-16_4,26,Carrera Cat,2019-05-16 16:38:16.250,BEL_2019-05-16_4_26,0.0056296573476723516,81.06706580648186,0.22,1
1844488,SAR,2019-08-04,8,12,199,43.0711303263819,-73.7672626832218,850,I,FM ,38,ALW,80000.0,525,123,Rajiv Maragh,1520,7,SAR_2019-08-04_8_12,0,SAR_2019-08-04_8,1000,Summer Squeeze,2019-08-04 17:25:49.750,SAR_2019-08-04_8_1000,0.004896256560169359,70.50609446643877,0.51,3
2496831,AQU,2019-12-14,6,3,193,40.6749133005401,-73.8273088582329,800,D,SY ,54,STR,55000.0,251,120,Luis A. Rodriguez Castro,2450,7,AQU_2019-12-14_6_3,0,AQU_2019-12-14_6,1189,Bye Bye Man,2019-12-14 14:51:48.250,AQU_2019-12-14_6_1189,0.004690925607522228,67.54932874832008,0.48,2
566057,AQU,2019-11-20,8,1,15,40.6690237018503,-73.8294075141921,700,D,FT ,45,AOC,80000.0,348,122,Kendrick Carmouche,1210,5,AQU_2019-11-20_8_1,0,AQU_2019-11-20_8,673,Fuel the Bern,2019-11-20 15:48:03.750,AQU_2019-11-20_8_673,0.00453080275175461,65.24355962526639,0.04,1
1707974,BEL,2019-09-21,3,1,340,40.7136008906557,-73.7238818786941,850,D,FT ,45,ALW,77000.0,204,124,Kendrick Carmouche,470,2,BEL_2019-09-21_3_1,0,BEL_2019-09-21_3,100,Gio d'Oro,2019-09-21 14:05:25.000,BEL_2019-09-21_3_100,0.0043859402201992265,63.157539170868866,0.85,4
2977977,BEL,2019-05-12,2,2,206,40.7143013978589,-73.7264868071138,650,D,SY ,44,MCL,33000.0,202,118,Dylan Davis,255,4,BEL_2019-05-12_2_2,0,BEL_2019-05-12_2,1265,Laughing Manners,2019-05-12 14:02:51.500,BEL_2019-05-12_2_1265,0.004337387499555722,62.4583799936024,0.62,3
4361363,SAR,2019-07-11,5,2,232,43.0724281330099,-73.7702772815265,550,D,FT ,52,MSW,78000.0,329,119,Dylan Davis,385,4,SAR_2019-07-11_5_2,0,SAR_2019-07-11_5,3188,Love Me Tomorrow,2019-07-11 15:29:58.000,SAR_2019-07-11_5_3188,0.004158505898122659,59.88248493296629,0.8,4
3744154,BEL,2019-10-14,6,5,39,40.7161335057551,-73.7202967310354,700,T,FM ,126,MSW,75000.0,405,121,Jose Lezcano,650,5,BEL_2019-10-14_6_5,0,BEL_2019-10-14_6,3934,Solo Artist,2019-10-14 16:05:09.750,BEL_2019-10-14_6_3934,0.005231765502796282,75.33742324026646,0.12,1
4053742,BEL,2019-05-31,7,3,282,40.7144970196584,-73.7269582125811,850,D,FT ,44,CLM,36000.0,445,120,Irad Ortiz Jr.,270,3,BEL_2019-05-31_7_3,0,BEL_2019-05-31_7,916,Spectator Sport,2019-05-31 16:46:10.500,BEL_2019-05-31_7_916,0.004617696664566397,66.49483196975612,0.7,3
32634,AQU,2019-03-22,3,2,396,40.6705547756112,-73.8323938142844,800,D,SY ,54,CLM,46000.0,240,123,Ruben Silvera,1300,2,AQU_2019-03-22_3_2,0,AQU_2019-03-22_3,463,Poshsky,2019-03-22 14:41:39.000,AQU_2019-03-22_3_463,0.0031324205619586,45.106856092203834,1.0,4
1503966,AQU,2019-04-10,4,10,179,40.6713362629418,-73.8291549290126,850,T,FM ,108,CLM,38000.0,304,126,Rajiv Maragh,2350,5,AQU_2019-04-10_4_10,0,AQU_2019-04-10_4,113,Needs No Ice,2019-04-10 15:04:44.750,AQU_2019-04-10_4_113,0.004749842349480873,68.39772983252458,0.44,2
3425030,AQU,2019-01-05,6,8,234,40.6721318623016,-73.8316600489729,550,D,SY ,52,MSW,60000.0,258,120,Rajiv Maragh,1600,3,AQU_2019-01-05_6_8,0,AQU_2019-01-05_6,147,Top of the Mint,2019-01-05 14:58:58.500,AQU_2019-01-05_6_147,0.004332201909018311,62.38370748986368,0.84,4
3468243,AQU,2019-01-12,4,1,183,40.6755289541764,-73.8294518444614,650,D,FT ,32,MCL,35000.0,202,122,Carlos J. Hernandez,1770,8,AQU_2019-01-12_4_1,0,AQU_2019-01-12_4,339,Margie Cat,2019-01-12 14:02:45.750,AQU_2019-01-12_4_339,0.004551766572992507,65.5454386510921,0.57,3
4518954,AQU,2019-12-06,9,6,212,40.6726145400607,-73.8284715034814,850,T,YL ,96,STK,100000.0,346,118,Mychel J. Sanchez,1370,6,AQU_2019-12-06_9_6,0,AQU_2019-12-06_9,2631,Ashraq,2019-12-06 15:46:53.000,AQU_2019-12-06_9_2631,0.004838275436226967,69.67116628166833,0.51,3
1867358,BEL,2019-06-28,6,6,268,40.7170446403442,-73.7248259286435,1000,I,FM ,112,AOC,90000.0,413,126,Jose Lezcano,410,2,BEL_2019-06-28_6_6,0,BEL_2019-06-28_6,2888,Hierarchy,2019-06-28 16:14:07.000,BEL_2019-06-28_6_2888,0.004977642484362778,71.67805177482401,0.58,3
630547,AQU,2019-04-14,7,7,143,40.6722705645757,-73.8279036510545,800,D,FT ,54,CLM,38000.0,442,124,Eric Cancel,840,6,AQU_2019-04-14_7_7,0,AQU_2019-04-14_7,178,Dooley,2019-04-14 16:42:35.750,AQU_2019-04-14_7_178,0.005144037015351133,74.07413302105633,0.35,2
3926161,AQU,2019-11-09,4,9,292,40.6714527768728,-73.8319583083984,650,D,FT ,72,CLM,28000.0,125,120,Irad Ortiz Jr.,260,1,AQU_2019-11-09_4_9,1,AQU_2019-11-09_4,990,Freudian Sip,2019-11-09 13:26:13.000,AQU_2019-11-09_4_990,0.003527161744765756,50.791129124626885,0.91,4
2556084,AQU,2019-04-10,1,5,327,40.6728010609056,-73.8313576007518,800,D,FT ,54,MSW,70000.0,130,118,Jose Lezcano,285,2,AQU_2019-04-10_1_5,0,AQU_2019-04-10_1,1362,Skywriting,2019-04-10 13:31:21.750,AQU_2019-04-10_1_1362,0.004542517338395008,65.41224967288811,0.85,4
2034575,BEL,2019-05-02,8,3,38,40.7167255439566,-73.7213763970969,700,D,FT ,46,AOC,87000.0,518,120,Kendrick Carmouche,680,1,BEL_2019-05-02_8_3,1,BEL_2019-05-02_8,701,California Night,2019-05-02 17:18:09.500,BEL_2019-05-02_8_701,0.005345196818055478,76.97083417999889,0.12,1
4974979,AQU,2019-11-20,3,5,143,40.6744184626608,-73.8270963762833,700,D,GD ,45,AOC,75000.0,117,120,Dylan Davis,860,3,AQU_2019-11-20_3_5,0,AQU_2019-11-20_3,2300,Polar Bear Pete,2019-11-20 13:17:35.750,AQU_2019-11-20_3_2300,0.004931039417211517,71.00696760784585,0.43,2
228557,BEL,2019-05-25,5,6,66,40.7171074982403,-73.7226908933566,700,D,FT ,54,STR,55000.0,340,125,Manuel Franco,1910,2,BEL_2019-05-25_5_6,0,BEL_2019-05-25_5,229,Madame Barbarian,2019-05-25 15:40:16.500,BEL_2019-05-25_5_229,0.005309614927088157,76.45845495006947,0.19,1
3192451,SAR,2019-08-25,4,3,22,43.0690997137256,-73.7711463334402,700,D,FT ,33,CLM,45000.0,239,120,Eric Cancel,720,6,SAR_2019-08-25_4_3,0,SAR_2019-08-25_4,1110,Queendom,2019-08-25 14:39:05.500,SAR_2019-08-25_4_1110,0.004402260587579419,63.39255246114363,0.06,1
4907621,AQU,2019-11-11,5,5,271,40.6723972701571,-73.8315315146543,650,D,FT ,54,MSW,62000.0,154,119,Junior Alvarado,370,4,AQU_2019-11-11_5_5,0,AQU_2019-11-11_5,2004,Jack of Clubs,2019-11-11 13:55:07.750,AQU_2019-11-11_5_2004,0.004225005214868599,60.840075094107824,0.82,4
1952129,AQU,2019-11-30,10,2,34,40.6712053494479,-73.8283952297542,600,D,FT ,45,CLM,28000.0,414,117,Benjamin Hernandez,1800,1,AQU_2019-11-30_10_2,1,AQU_2019-11-30_10,238,Call the Cat,2019-11-30 16:14:08.500,AQU_2019-11-30_10_238,0.004783754243022101,68.88606109951826,0.11,1
572744,AQU,2019-11-01,3,5,294,40.6712653924178,-73.8321177694796,650,D,GD ,36,CLM,38000.0,100,122,Dylan Davis,1540,6,AQU_2019-11-01_3_5,0,AQU_2019-11-01_3,947,Tequila Sunday,2019-11-01 13:01:13.500,AQU_2019-11-01_3_947,0.003945007005110819,56.8081008735958,0.97,4
3762740,BEL,2019-09-29,6,11,11,40.7160177362771,-73.7204333724449,600,I,FM ,102,MSW,62000.0,339,121,Irad Ortiz Jr.,145,7,BEL_2019-09-29_6_11,0,BEL_2019-09-29_6,2333,Corey Scores,2019-09-29 15:39:02.750,BEL_2019-09-29_6_2333,0.004006891435767112,57.699236675046414,0.03,1
4390599,SAR,2019-08-07,5,6,225,43.0734548939165,-73.767812228276,650,D,FT ,72,MSW,78000.0,300,119,Junior Alvarado,1080,2,SAR_2019-08-07_5_6,0,SAR_2019-08-07_5,2668,Critical Value,2019-08-07 15:00:56.250,SAR_2019-08-07_5_2668,0.0043568043020671705,62.73798194976725,0.69,3
5045631,BEL,2019-06-01,8,5,323,40.7148795633267,-73.7266648183341,900,I,GD ,246,STK,200000.0,518,121,Irad Ortiz Jr.,530,5,BEL_2019-06-01_8_5,0,BEL_2019-06-01_8,1564,Clint Maroon (GB),2019-06-01 17:19:20.750,BEL_2019-06-01_8_1564,0.005007071791867999,72.1018338028992,0.76,4
5053493,AQU,2019-12-22,5,9,182,40.6755698496642,-73.8293543985003,650,D,FT ,54,MCL,35000.0,156,119,Dalton Brown,13925,9,AQU_2019-12-22_5_9,0,AQU_2019-12-22_5,1804,Musical Thunder,2019-12-22 13:56:45.500,AQU_2019-12-22_5_1804,0.004598970477194438,66.2251748715999,0.56,3
3342813,BEL,2019-07-06,2,3,198,40.7175330978384,-73.7255109693703,850,T,FM ,166,MCL,41000.0,134,111,Benjamin Hernandez,3000,8,BEL_2019-07-06_2_3,0,BEL_2019-07-06_2,1183,Roll Tide,2019-07-06 13:34:49.500,BEL_2019-07-06_2_1183,0.0052455625567256825,75.53610081684982,0.49,2
1625188,SAR,2019-07-19,10,8,381,43.0727219676366,-73.7696858875306,900,D,FT ,78,MCL,48000.0,625,124,Kendrick Carmouche,480,8,SAR_2019-07-19_10_8,0,SAR_2019-07-19_10,4141,Known But to God,2019-07-19 18:26:35.250,SAR_2019-07-19_10_4141,0.003879556485558815,55.86561339204694,0.89,4
2882804,AQU,2019-02-16,4,1,2,40.6668313596269,-73.8303744156701,800,D,FT ,54,MSW,60000.0,227,120,Jose Lezcano,225,1,AQU_2019-02-16_4_1,1,AQU_2019-02-16_4,281,Cheatham Hill,2019-02-16 14:27:00.500,AQU_2019-02-16_4_281,0.00045372145289226875,6.53358892164867,0.0,1
4934563,BEL,2019-10-03,1,2,291,40.7133064806768,-73.722686339379,650,D,SY ,48,MCL,52000.0,115,120,Johan Rosado,1080,6,BEL_2019-10-03_1_2,0,BEL_2019-10-03_1,3861,Runaway Star,2019-10-03 13:16:12.750,BEL_2019-10-03_1_3861,0.003216114321598779,46.312046231022414,0.91,4
2220049,AQU,2019-11-10,5,14,3,40.6696053150634,-73.8294730214332,600,O,FM ,58,ALW,66000.0,156,120,Eric Cancel,2675,3,AQU_2019-11-10_5_14,0,AQU_2019-11-10_5,1944,Brockmoninoff,2019-11-10 13:56:00.750,AQU_2019-11-10_5_1944,0.0022142703503271826,31.885493044711428,0.01,1
5001455,BEL,2019-09-18,2,5,307,40.7130889704561,-73.7219428788855,700,D,FT ,54,MCL,50000.0,333,119,Manuel Franco,610,1,BEL_2019-09-18_2_5,1,BEL_2019-09-18_2,1731,Liveyourbeastlife,2019-09-18 15:34:16.750,BEL_2019-09-18_2_1731,0.005770290252418934,83.09217963483265,0.92,4
3198380,SAR,2019-07-27,11,6,397,43.0722274133548,-73.7708099310883,900,D,FT ,76,STK,600000.0,651,124,Tyler Gaffalione,320,5,SAR_2019-07-27_11_6,0,SAR_2019-07-27_11,3336,War of Will,2019-07-27 18:52:39.250,SAR_2019-07-27_11_3336,0.004234739219139506,60.980244755608894,0.94,4
2212354,BEL,2019-05-23,3,7,237,40.7136730855241,-73.7241821530666,600,D,GD ,60,MCL,35000.0,405,124,Samuel Camacho Jr.,3450,6,BEL_2019-05-23_3_7,0,BEL_2019-05-23_3,108,Know Point Given,2019-05-23 16:05:59.250,BEL_2019-05-23_3_108,0.004468563855899957,64.34731952495937,0.8,4
4857079,BEL,2019-10-06,6,3,222,40.7136709293355,-73.724261838348,600,D,FT ,65,MSW,75000.0,340,119,Manuel Franco,420,5,BEL_2019-10-06_6_3,0,BEL_2019-10-06_6,2059,Kansas Kis,2019-10-06 15:40:55.500,BEL_2019-10-06_6_2059,0.004577424561691131,65.91491368835229,0.76,4
4833632,AQU,2019-12-30,2,1,341,40.6725329708823,-73.8314626378045,800,D,SY ,54,CLM,46000.0,100,118,Jose Lezcano,520,4,AQU_2019-12-30_2_1,0,AQU_2019-12-30_2,1668,Blues City,2019-12-30 13:01:25.250,AQU_2019-12-30_2_1668,0.003882059980167673,55.90166371441449,0.85,4
1996501,AQU,2019-04-17,6,4,45,40.6700740432293,-73.8288831121507,700,D,FT ,44,CLM,36000.0,409,126,Dylan Davis,930,5,AQU_2019-04-17_6_4,0,AQU_2019-04-17_6,264,Curlin's New Moon,2019-04-17 16:09:11.250,AQU_2019-04-17_6_264,0.005096027770397439,73.38279989372312,0.13,1
1454091,SAR,2019-07-19,6,4,115,43.0696037193717,-73.7714156367506,850,T,FM ,130,STR,60000.0,404,123,Joe Bravo,3950,12,SAR_2019-07-19_6_4,0,SAR_2019-07-19_6,2077,Violent Delights,2019-07-19 16:04:28.750,SAR_2019-07-19_6_2077,0.004904114481551255,70.61924853433807,0.28,2
4712993,BEL,2019-10-24,8,10,399,40.713397319801,-73.7210838397194,850,I,GD ,74,MSW,75000.0,517,119,Manuel Franco,2250,4,BEL_2019-10-24_8_10,0,BEL_2019-10-24_8,3972,Pythagorean,2019-10-24 17:18:39.750,BEL_2019-10-24_8_3972,0.0043138063465216845,62.11881138991226,0.99,4
945283,AQU,2019-02-08,2,2,3,40.668535862489,-73.8296088074928,700,D,SY ,44,CLM,44000.0,122,115,Reylu Gutierrez,3575,4,AQU_2019-02-08_2_2,0,AQU_2019-02-08_2,878,Union Wise,2019-02-08 13:22:00.750,AQU_2019-02-08_2_878,0.0006912376319187074,9.953821899629386,0.01,1
3847124,AQU,2019-11-29,1,6,227,40.6741238870939,-73.8307615426266,650,D,FT ,52,MSW,62000.0,1150,122,Eric Cancel,360,1,AQU_2019-11-29_1_6,1,AQU_2019-11-29_1,1617,Am Impazible,2019-11-29 11:50:56.750,AQU_2019-11-29_1_1617,0.004833727765484744,69.6056798229803,0.72,3
5203746,BEL,2019-06-08,10,7,82,40.7131532447264,-73.7192957300712,1000,I,FM ,76,STK,1000000.0,538,117,Kendrick Carmouche,1180,7,BEL_2019-06-08_10_7,0,BEL_2019-06-08_10,2941,Olympico (FR),2019-06-08 17:38:20.500,BEL_2019-06-08_10_2941,0.004845010448548841,69.76815045910331,0.18,1
5151565,BEL,2019-06-27,6,1,45,40.7131220480684,-73.719143878384,900,I,FM ,234,AOC,82000.0,542,126,Joel Rosario,580,5,BEL_2019-06-27_6_1,0,BEL_2019-06-27_6,3494,Zarmella (FR),2019-06-27 17:42:11.250,BEL_2019-06-27_6_3494,0.004649404832412364,66.95142958673804,0.1,1
4698405,SAR,2019-08-30,6,8,42,43.070615265605,-73.76790715649,550,T,FM ,24,MSW,78000.0,344,119,Jose L. Ortiz,110,3,SAR_2019-08-30_6_8,0,SAR_2019-08-30_6,1757,First Deputy,2019-08-30 15:44:10.500,SAR_2019-08-30_6_1757,0.005260611086088471,75.75279963967398,0.16,1
3536901,AQU,2019-02-01,7,2,381,40.6709712448859,-73.8321885190323,800,D,FT ,54,SOC,60000.0,347,122,Jose Lezcano,330,3,AQU_2019-02-01_7_2,0,AQU_2019-02-01_7,755,Clench,2019-02-01 15:48:35.250,AQU_2019-02-01_7_755,0.003203766950494028,46.134244087114006,0.96,4
663272,AQU,2019-01-10,3,6,278,40.6751249861732,-73.8301308833793,800,D,FT ,54,MCL,30000.0,200,116,Joey R. Martinez,710,2,AQU_2019-01-10_3_6,0,AQU_2019-01-10_3,239,Well in Tune,2019-01-10 14:01:09.500,AQU_2019-01-10_3_239,0.004178110973879078,60.16479802385872,0.66,3
4594979,AQU,2019-11-15,6,3,193,40.6719343307607,-73.8288474275703,850,T,FM ,135,MSW,62000.0,229,119,Jose Lezcano,345,1,AQU_2019-11-15_6_3,1,AQU_2019-11-15_6,2119,Moana's Tale,2019-11-15 14:29:48.250,AQU_2019-11-15_6_2119,0.004674439669242362,67.31193123709001,0.45,2
443726,BEL,2019-10-18,3,4,261,40.7140743027543,-73.7249317166205,700,T,GD ,90,STR,50000.0,225,122,Eric Cancel,1540,4,BEL_2019-10-18_3_4,0,BEL_2019-10-18_3,504,Annie Rocks,2019-10-18 14:26:05.250,BEL_2019-10-18_3_504,0.005212209752827609,75.05582044071757,0.79,4
1529491,AQU,2019-02-28,1,3,120,40.6740774828161,-73.8271049335827,650,D,FT ,36,MCL,30000.0,1250,123,Dylan Davis,35,3,AQU_2019-02-28_1_3,0,AQU_2019-02-28_1,1066,Creative Style,2019-02-28 12:50:30.000,AQU_2019-02-28_1_1066,0.004879371435017505,70.26294866425208,0.36,2
3593796,BEL,2019-09-28,11,1,67,40.7159811174198,-73.7195237412121,800,T,FM ,172,MSW,75000.0,628,120,Kendrick Carmouche,2370,10,BEL_2019-09-28_11_1,0,BEL_2019-09-28_11,813,Dillon Rocks,2019-09-28 18:28:16.750,BEL_2019-09-28_11_813,0.005034590611041242,72.4981047989939,0.18,1
1741175,BEL,2019-09-25,2,2,191,40.7176927990283,-73.7261093620103,850,D,FT ,54,CLM,28000.0,133,124,Joel Rosario,145,1,BEL_2019-09-25_2_2,1,BEL_2019-09-25_2,262,Purchasing Power,2019-09-25 13:33:47.750,BEL_2019-09-25_2_262,0.004658667961077785,67.08481863952011,0.47,2
1938713,SAR,2019-07-21,13,1,225,43.0713401859576,-73.7655077575491,900,D,FT ,76,STK,200000.0,720,124,Ricardo Santana Jr.,175,3,SAR_2019-07-21_13_1,0,SAR_2019-07-21_13,4179,She's a Julie,2019-07-21 19:20:56.250,SAR_2019-07-21_13_4179,0.004927234395652881,70.95217529740148,0.52,3
3249464,AQU,2019-11-10,3,4,317,40.672815336829,-73.8313619793544,800,D,FT ,54,MSW,70000.0,1258,121,Manuel Franco,385,2,AQU_2019-11-10_3_4,0,AQU_2019-11-10_3,1937,Kid Bourbon,2019-11-10 12:59:19.250,AQU_2019-11-10_3_1937,0.0042476525710756574,61.16619702348947,0.78,4
16358,SAR,2019-08-30,9,5,397,43.0722670089343,-73.7707709808762,900,D,FT ,78,CLM,70000.0,519,122,Manuel Franco,3250,2,SAR_2019-08-30_9_5,0,SAR_2019-08-30_9,462,Mills,2019-08-30 17:20:39.250,SAR_2019-08-30_9_462,0.0039039230660728886,56.21649215144959,0.91,4
1660977,AQU,2019-02-21,3,7,179,40.6740311260084,-73.8270993859846,800,D,SY ,54,CLM,36000.0,154,122,Rajiv Maragh,440,3,AQU_2019-02-21_3_7,0,AQU_2019-02-21_3,113,Needs No Ice,2019-02-21 13:54:44.750,AQU_2019-02-21_3_113,0.004838048146080781,69.66789330356325,0.44,2
1092499,BEL,2019-06-15,3,1,122,40.7170955731934,-73.7263594135052,600,I,FM ,175,CLM,39000.0,238,116,Benjamin Hernandez,1490,2,BEL_2019-06-15_3_1,0,BEL_2019-06-15_3,637,Catania Rose,2019-06-15 14:38:30.500,BEL_2019-06-15_3_637,0.005159015713270095,74.28982627108937,0.42,2
602244,AQU,2019-03-29,3,6,272,40.6751046957344,-73.8302163925615,800,D,FT ,54,MCL,33000.0,240,121,Samuel Jimenez,910,4,AQU_2019-03-29_3_6,0,AQU_2019-03-29_3,934,Clonedsimmard,2019-03-29 14:41:08.000,AQU_2019-03-29_3_934,0.004231374507849188,60.9317929130283,0.67,3
5058133,SAR,2019-07-21,8,7,54,43.0706047476637,-73.7672776415133,600,D,FT ,50,MSW,90000.0,433,119,Kendrick Carmouche,680,4,SAR_2019-07-21_8_7,0,SAR_2019-07-21_8,4168,Mr Thrifty,2019-07-21 16:33:13.500,SAR_2019-07-21_8_4168,0.005479460029672218,78.90422442727994,0.18,1
3046669,AQU,2019-01-20,3,5,84,40.6744636298924,-73.8271099296588,550,D,SY ,52,MCL,35000.0,147,122,Manuel Franco,400,1,AQU_2019-01-20_3_5,1,AQU_2019-01-20_3,552,Fournineteen,2019-01-20 13:47:21.000,AQU_2019-01-20_3_552,0.005132581933520508,73.90917984269532,0.29,2
3188225,BEL,2019-10-18,2,1,158,40.7150549575978,-73.7276313431242,600,D,FT ,56,MCL,33000.0,149,121,Keivan Serrano,4300,5,BEL_2019-10-18_2_1,0,BEL_2019-10-18_2,1028,Barbara P,2019-10-18 13:49:39.500,BEL_2019-10-18_2_1028,0.00503860344264351,72.55588957406655,0.55,3
2955375,BEL,2019-05-12,9,15,191,40.7170912111566,-73.7274341020959,800,D,SY ,52,MSW,62000.0,552,118,Luis R. Reyes,3800,10,BEL_2019-05-12_9_15,0,BEL_2019-05-12_9,1120,He'smyluckyfellow,2019-05-12 17:52:47.750,BEL_2019-05-12_9_1120,0.00483338006026123,69.60067286776172,0.45,2
4663100,BEL,2019-09-28,6,5,115,40.7168204974771,-73.7276545669822,600,D,FT ,63,MSW,75000.0,342,119,Luis Saez,930,7,BEL_2019-09-28_6_5,0,BEL_2019-09-28_6,1912,Flatter Me,2019-09-28 15:42:28.750,BEL_2019-09-28_6_1912,0.004952237565125086,71.31222093780123,0.4,2
2133117,AQU,2019-11-02,3,4,101,40.6705089258128,-73.8316549135807,850,T,GD ,88,AOC,70000.0,100,125,Kendrick Carmouche,335,6,AQU_2019-11-02_3_4,0,AQU_2019-11-02_3,1639,Gambler's Fallacy,2019-11-02 13:00:25.250,AQU_2019-11-02_3_1639,0.004515244816047966,65.0195253510907,0.24,1
109806,AQU,2019-02-22,7,1,74,40.6693735973081,-73.8316117040445,900,D,GD ,96,CLM,60000.0,409,117,Reylu Gutierrez,155,6,AQU_2019-02-22_7_1,0,AQU_2019-02-22_7,461,Langdarma,2019-02-22 16:09:18.500,AQU_2019-02-22_7_461,0.00463021205132378,66.67505353906243,0.17,1
2746184,AQU,2019-12-22,8,2,147,40.672718962567,-73.8276571353766,800,D,FT ,54,ALW,70000.0,319,120,Dylan Davis,1200,2,AQU_2019-12-22_8_2,0,AQU_2019-12-22_8,650,Maiden Beauty,2019-12-22 15:19:36.750,AQU_2019-12-22_8_650,0.004867751871312626,70.09562694690182,0.38,2
601940,AQU,2019-02-03,7,1,94,40.6721781457558,-73.8279695232438,700,D,FT ,46,CLM,36000.0,358,120,Luis R. Reyes,840,6,AQU_2019-02-03_7_1,0,AQU_2019-02-03_7,839,Mister Humor,2019-02-03 15:58:23.500,AQU_2019-02-03_7_839,0.00519645842015044,74.82900125016633,0.28,2
3533709,BEL,2019-06-16,2,7,256,40.7138385490344,-73.7225766092232,600,I,FM ,178,MCL,41000.0,202,118,Jose L. Ortiz,690,5,BEL_2019-06-16_2_7,0,BEL_2019-06-16_2,3402,Sheikha Mo,2019-06-16 14:03:04.000,BEL_2019-06-16_2_3402,0.0042920020914648215,61.80483011709343,0.89,4
2085955,AQU,2019-04-10,7,5,115,40.674853265706,-73.8272832960522,600,D,FT ,45,CLM,28000.0,453,126,Rajiv Maragh,1850,5,AQU_2019-04-10_7_5,0,AQU_2019-04-10_7,305,Ma Mo,2019-04-10 16:53:28.750,AQU_2019-04-10_7_305,0.004869450768810665,70.12009107087358,0.38,2
5064762,SAR,2019-08-04,5,4,348,43.0708932901396,-73.767898962392,1200,I,FM ,65,STK,200000.0,325,124,Jose L. Ortiz,120,3,SAR_2019-08-04_5_4,0,SAR_2019-08-04_5,2931,Santa Monica (GB),2019-08-04 15:26:27.000,SAR_2019-08-04_5_2931,0.004748651968353481,68.38058834429013,0.62,3
4113358,AQU,2019-03-23,4,6,22,40.6715962809526,-73.8281333738755,550,D,FT ,52,MCL,35000.0,320,121,Kirk Johnson,5000,4,AQU_2019-03-23_4_6,0,AQU_2019-03-23_4,1207,Big Wonder,2019-03-23 15:20:05.500,AQU_2019-03-23_4_1207,0.00465345601229252,67.00976657701229,0.07,1
2158207,BEL,2019-09-21,11,5,346,40.7135478840311,-73.7227788840682,800,T,FM ,142,ALW,66000.0,625,122,Dylan Davis,2900,11,BEL_2019-09-21_11_5,0,BEL_2019-09-21_11,137,Mrs. Orb,2019-09-21 18:26:26.500,BEL_2019-09-21_11_137,0.0038525486010247308,55.47669985475612,0.92,4
4230727,AQU,2019-03-08,4,2,303,40.6705475300105,-73.832409636058,600,D,FT ,45,MCL,46000.0,229,117,Reylu Gutierrez,90,3,AQU_2019-03-08_4_2,0,AQU_2019-03-08_4,706,Never Felt Better,2019-03-08 14:30:15.750,AQU_2019-03-08_4_706,0.0033330190151897037,47.99547381873173,1.0,4
1829147,AQU,2019-04-11,9,11,4,40.6697482945136,-73.8293481171303,600,O,FM ,47,MCL,41000.0,549,125,Oscar Gomez,10025,11,AQU_2019-04-11_9_11,0,AQU_2019-04-11_9,310,Princess Alana,2019-04-11 17:49:01.000,AQU_2019-04-11_9_310,0.002607192697967667,37.54357485073441,0.01,1
4246023,SAR,2019-08-16,2,6,125,43.0713218869019,-73.7654864229812,700,D,FT ,32,CLM,80000.0,134,120,Tyler Gaffalione,195,2,SAR_2019-08-16_2_6,0,SAR_2019-08-16_2,4388,Dunph,2019-08-16 13:34:31.250,SAR_2019-08-16_2_4388,0.005298620852862564,76.30014028122092,0.39,2
1620883,AQU,2019-12-14,4,1,230,40.6755909350305,-73.828693999682,800,D,SY ,54,ALW,64000.0,155,123,Reylu Gutierrez,400,5,AQU_2019-12-14_4_1,0,AQU_2019-12-14_4,2259,Irish Valor,2019-12-14 13:55:57.500,AQU_2019-12-14_4_2259,0.004616037365876219,66.47093806861756,0.59,3
1879787,BEL,2019-06-02,7,3,192,40.7170988736302,-73.7249753325606,850,I,FM ,80,MCL,41000.0,445,125,Javier Castellano,280,3,BEL_2019-06-02_7_3,0,BEL_2019-06-02_7,1460,Duncastle,2019-06-02 16:45:48.000,BEL_2019-06-02_7_1460,0.005016073342805215,72.2314561363951,0.48,2
2860402,AQU,2019-11-17,8,6,49,40.6714512600347,-73.8286613029165,600,O,FM ,45,ALW,66000.0,322,120,Dylan Davis,590,4,AQU_2019-11-17_8_6,0,AQU_2019-11-17_8,129,Winifred J,2019-11-17 15:22:12.250,AQU_2019-11-17_8_129,0.005324318994564571,76.67019352172983,0.17,1
3687461,AQU,2019-02-17,8,2,222,40.6733296420045,-73.831120559849,600,D,FT ,48,MSW,60000.0,443,122,Dylan Davis,520,7,AQU_2019-02-17_8_2,0,AQU_2019-02-17_8,991,Bobby Man,2019-02-17 16:43:55.500,AQU_2019-02-17_8_991,0.0041428809780034775,59.65748608325008,0.75,3
3312637,BEL,2019-10-03,4,3,273,40.7132812538504,-73.722650401866,600,D,SY ,65,CLM,39000.0,259,120,Luis R. Reyes,850,3,BEL_2019-10-03_4_3,0,BEL_2019-10-03_4,836,Itsakeyper,2019-10-03 15:00:08.250,BEL_2019-10-03_4_836,0.003764007485570721,54.20170779221838,0.92,4
3427355,SAR,2019-08-07,10,2,230,43.071909593891,-73.77116610128,550,T,FM ,42,MCL,48000.0,537,119,Jose Lezcano,1510,4,SAR_2019-08-07_10_2,0,SAR_2019-08-07_10,1103,Jasminesque,2019-08-07 17:37:57.500,SAR_2019-08-07_10_1103,0.004501975653325788,64.82844940789134,0.93,4
4487333,SAR,2019-09-01,11,6,296,43.0723993137129,-73.7703650998445,700,D,FT ,32,STK,350000.0,611,120,Jose L. Ortiz,660,6,SAR_2019-09-01_11_6,0,SAR_2019-09-01_11,4278,Risky Mischief,2019-09-01 18:12:14.000,SAR_2019-09-01_11_4278,0.004052586645508167,58.35724769531761,0.89,4
2142896,AQU,2019-03-08,5,4,97,40.6741354691296,-73.8270844664659,600,D,FT ,45,AOC,67000.0,304,123,Rajiv Maragh,1050,3,AQU_2019-03-08_5_4,0,AQU_2019-03-08_5,42,My Roxy Girl,2019-03-08 15:04:24.250,AQU_2019-03-08_5_42,0.005154574130819029,74.22586748379402,0.34,2
5064810,SAR,2019-08-04,5,4,300,43.0699244682621,-73.7703938270239,1200,I,FM ,65,STK,200000.0,325,124,Jose L. Ortiz,120,3,SAR_2019-08-04_5_4,0,SAR_2019-08-04_5,2931,Santa Monica (GB),2019-08-04 15:26:15.000,SAR_2019-08-04_5_2931,0.004774640156028993,68.75481824681749,0.54,3
180314,SAR,2019-07-24,5,3,337,43.0719991650861,-73.7715616022849,700,D,FT ,32,CLM,50000.0,316,115,Joey R. Martinez,3150,1,SAR_2019-07-24_5_3,1,SAR_2019-07-24_5,3857,Frammento,2019-07-24 15:17:24.250,SAR_2019-07-24_5_3857,0.00397670931336035,57.26461411238904,0.95,4
1260570,BEL,2019-05-18,7,3,91,40.716267432274,-73.7208128260638,800,T,GD ,108,ALW,66000.0,310,126,Junior Alvarado,750,2,BEL_2019-05-18_7_3,0,BEL_2019-05-18_7,1419,Barrel of Destiny,2019-05-18 15:10:22.750,BEL_2019-05-18_7_1419,0.005076515789727254,73.10182737207246,0.22,1
2283009,BEL,2019-06-22,7,9,230,40.7170780770869,-73.7265148423754,850,I,GD ,75,STR,55000.0,447,126,Rajiv Maragh,460,9,BEL_2019-06-22_7_9,0,BEL_2019-06-22_7,3158,The Nine O,2019-06-22 16:47:57.500,BEL_2019-06-22_7_3158,0.004720607591187434,67.97674931309905,0.58,3
3268879,AQU,2019-11-03,2,8,193,40.6732278217938,-73.8281894007361,800,T,GD ,76,ALW,66000.0,1229,120,Javier Castellano,560,4,AQU_2019-11-03_2_8,0,AQU_2019-11-03_2,1686,Albie,2019-11-03 12:29:48.250,AQU_2019-11-03_2_1686,0.00481845854423167,69.38580303693604,0.51,3
2807834,SAR,2019-08-09,2,3,362,43.0730237760864,-73.7688623164693,900,D,FT ,81,MCL,48000.0,134,118,Dylan Davis,850,8,SAR_2019-08-09_2_3,0,SAR_2019-08-09_2,3812,Oso Negro,2019-08-09 13:35:30.500,SAR_2019-08-09_2_3812,0.0044539695649464875,64.13716173522943,0.83,4
3113621,SAR,2019-08-03,8,6,13,43.0690221197786,-73.7713324624436,700,D,FT ,32,STK,500000.0,506,117,John R. Velazquez,1280,7,SAR_2019-08-03_8_6,0,SAR_2019-08-03_8,1145,Please Flatter Me,2019-08-03 17:06:03.250,SAR_2019-08-03_8_1145,0.004456137721529233,64.16838319002095,0.04,1
3125491,SAR,2019-08-30,1,2,65,43.0700090087809,-73.7688821860673,700,D,FT ,32,MSW,78000.0,100,119,Dylan Davis,5900,8,SAR_2019-08-30_1_2,0,SAR_2019-08-30_1,2846,Dutchmen Forever,2019-08-30 13:00:16.250,SAR_2019-08-30_1_2846,0.005437393261898664,78.29846297134075,0.2,1
3512147,SAR,2019-08-29,10,13,49,43.0716029614523,-73.7711388947124,800,I,FM ,27,MCL,48000.0,551,118,Irad Ortiz Jr.,125,1,SAR_2019-08-29_10_13,1,SAR_2019-08-29_10,3699,Ideational,2019-08-29 17:51:12.250,SAR_2019-08-29_10_3699,0.004729826543060067,68.10950222006497,0.13,1
1691300,AQU,2019-11-24,7,7,335,40.6724571479074,-73.8315629617669,800,D,SY ,54,AOC,70000.0,319,122,Kendrick Carmouche,730,4,AQU_2019-11-24_7_7,0,AQU_2019-11-24_7,395,Shamrock Kid,2019-11-24 15:20:23.750,AQU_2019-11-24_7_395,0.00424703724206249,61.157336285699856,0.86,4
315974,SAR,2019-07-27,10,2,191,43.0716306771191,-73.7709507618023,1100,I,FM ,126,STK,250000.0,619,120,Javier Castellano,870,6,SAR_2019-07-27_10_2,0,SAR_2019-07-27_10,2417,Sadler's Joy,2019-07-27 18:19:47.750,SAR_2019-07-27_10_2417,0.004399069548267819,63.346601495056596,0.37,2
239054,AQU,2019-04-06,5,7,42,40.6711264004844,-73.8317935483027,850,O,FM ,22,CLM,48000.0,307,120,Michael J. Luzzi,8600,11,AQU_2019-04-06_5_7,0,AQU_2019-04-06_5,535,Holy Week,2019-04-06 15:07:10.500,AQU_2019-04-06_5_535,0.00502870793411412,72.41339425124332,0.11,1
3024224,BEL,2019-09-11,3,3,272,40.713237662123,-73.7224006369548,600,D,FT ,50,MCL,33000.0,405,114,Joey R. Martinez,660,6,BEL_2019-09-11_3_3,0,BEL_2019-09-11_3,822,Two Graces,2019-09-11 16:06:08.000,BEL_2019-09-11_3_822,0.0038299642354581655,55.15148499059758,0.93,4
1088970,BEL,2019-07-06,10,3,365,40.7142150927095,-73.7262827607098,1000,D,FT ,72,STK,700000.0,620,121,Joel Rosario,800,8,BEL_2019-07-06_10_3,0,BEL_2019-07-06_10,2974,Rocketry,2019-07-06 18:21:31.250,BEL_2019-07-06_10_2974,0.004718295025416995,67.94344836600473,0.78,4
4292110,AQU,2019-11-11,8,8,350,40.6739336027431,-73.8308363702757,900,D,FT ,74,MSW,70000.0,322,119,Junior Alvarado,1450,3,AQU_2019-11-11_8_8,0,AQU_2019-11-11_8,2028,Mo and Go,2019-11-11 15:23:27.500,AQU_2019-11-11_8_2028,0.0046133459832847805,66.43218215930084,0.71,3
918376,BEL,2019-09-08,4,2,210,40.7145166150715,-73.7269801514076,700,D,FT ,54,CLM,36000.0,233,116,Joey R. Martinez,175,2,BEL_2019-09-08_4_2,0,BEL_2019-09-08_4,788,Sir Ballantine,2019-09-08 14:33:52.500,BEL_2019-09-08_4_788,0.004699758982519207,67.67652934827657,0.63,3
662517,SAR,2019-07-14,6,9,200,43.0706335147591,-73.767846590249,900,T,FM ,134,ALW,80000.0,405,123,John R. Velazquez,1340,4,SAR_2019-07-14_6_9,0,SAR_2019-07-14_6,3067,Danielle's Pride,2019-07-14 16:05:50.000,SAR_2019-07-14_6_3067,0.004957134603705499,71.38273829335918,0.47,2
1523042,BEL,2019-05-18,7,7,357,40.7134141805032,-73.7222038187273,800,T,GD ,108,ALW,66000.0,310,117,Benjamin Hernandez,420,3,BEL_2019-05-18_7_7,0,BEL_2019-05-18_7,1067,Dynamite Kitten,2019-05-18 15:11:29.250,BEL_2019-05-18_7_1067,0.004408984532137098,63.489377262774205,0.89,4
4950444,SAR,2019-07-25,2,7,224,43.0725712925145,-73.7700949882904,550,D,FT ,45,MCL,52000.0,119,114,Heman K. Harkie,3375,6,SAR_2019-07-25_2_7,0,SAR_2019-07-25_2,2531,Wicked Amber,2019-07-25 13:19:56.000,SAR_2019-07-25_2_2531,0.004282204822317182,61.663749441367415,0.84,4
662914,AQU,2019-04-18,7,5,126,40.6747877609533,-73.8272602353756,650,D,FT ,38,AOC,75000.0,442,122,Javier Castellano,480,2,AQU_2019-04-18_7_5,0,AQU_2019-04-18_7,721,Runaway Lute,2019-04-18 16:42:31.500,AQU_2019-04-18_7_721,0.00508585788074475,73.2363534827244,0.41,2
756563,BEL,2019-05-10,1,2,211,40.7142006178621,-73.7260734577693,650,D,FT ,47,CLM,28000.0,130,123,Reylu Gutierrez,1920,4,BEL_2019-05-10_1_2,0,BEL_2019-05-10_1,516,Princess Mikayah,2019-05-10 13:30:52.750,BEL_2019-05-10_1_516,0.004708354038114115,67.80029814884325,0.68,3
4056951,AQU,2019-03-31,6,6,225,40.6736183965132,-73.8309816115613,600,D,GD ,45,MCL,46000.0,429,121,Eric Cancel,900,7,AQU_2019-03-31_6_6,0,AQU_2019-03-31_6,1271,Prince Halo,2019-03-31 16:29:56.250,AQU_2019-03-31_6_1271,0.004442486273488638,63.97180233823639,0.66,3
3791700,AQU,2019-03-29,1,1,171,40.6733415002333,-73.8274228511268,800,D,FT ,54,MSW,68000.0,130,119,Rajiv Maragh,2240,5,AQU_2019-03-29_1_1,0,AQU_2019-03-29_1,897,Clara Allen,2019-03-29 13:30:42.750,AQU_2019-03-29_1_897,0.004714531736379647,67.88925700386692,0.43,2
36200,AQU,2019-03-30,6,10,93,40.6739394332108,-73.8271483233199,600,D,FT ,45,SST,55000.0,418,118,Rajiv Maragh,480,3,AQU_2019-03-30_6_10,0,AQU_2019-03-30_6,285,Sol the Freud,2019-03-30 16:18:23.250,AQU_2019-03-30_6_285,0.005319208755598274,76.59660608061515,0.32,2
5131273,BEL,2019-10-06,3,1,385,40.7144736216467,-73.7249833632093,1000,I,FM ,42,AOC,90000.0,151,121,Joseph Talamo,620,5,BEL_2019-10-06_3_1,0,BEL_2019-10-06_3,1714,Westerland (GB),2019-10-06 13:52:36.250,BEL_2019-10-06_3_1714,0.005046734312888266,72.67297410559104,0.83,4
5041349,BEL,2019-09-07,4,2,199,40.7174131606254,-73.7259764960265,850,T,GD ,56,MCL,41000.0,237,117,Joey R. Martinez,4450,6,BEL_2019-09-07_4_2,0,BEL_2019-09-07_4,2296,Azzedine (FR),2019-09-07 14:37:49.750,BEL_2019-09-07_4_2296,0.004846437413572772,69.78869875544791,0.47,2
3649673,BEL,2019-05-11,2,1,183,40.7172158451059,-73.7272559130688,800,D,FT ,52,MSW,80000.0,202,118,Javier Castellano,450,2,BEL_2019-05-11_2_1,0,BEL_2019-05-11_2,2993,Majority Rules,2019-05-11 14:02:45.750,BEL_2019-05-11_2_2993,0.004730246875768307,68.11555501106362,0.48,2
847524,BEL,2019-09-14,5,3,351,40.7136846886438,-73.7231903943868,850,T,FM ,90,CLM,39000.0,307,122,Javier Castellano,440,2,BEL_2019-09-14_5_3,0,BEL_2019-09-14_5,1658,No Regrets,2019-09-14 15:08:27.750,BEL_2019-09-14_5_1658,0.004773735142967107,68.74178605872635,0.9,4
2343193,AQU,2019-02-09,4,7,318,40.670772872286,-73.8322644570838,650,D,FT ,45,MCL,33000.0,228,123,Samuel Camacho Jr.,650,3,AQU_2019-02-09_4_7,0,AQU_2019-02-09_4,455,Noble Behavior,2019-02-09 14:29:19.500,AQU_2019-02-09_4_455,0.0038181293042487707,54.9810619811823,0.99,4
1039393,AQU,2019-03-15,1,5,313,40.6736878124706,-73.8309621173823,800,D,FT ,54,MCL,33000.0,130,121,Luis R. Reyes,290,3,AQU_2019-03-15_1_5,0,AQU_2019-03-15_1,303,Wanna Be Regal,2019-03-15 13:31:18.250,AQU_2019-03-15_1_303,0.004221743322398693,60.79310384254118,0.78,4
709709,AQU,2019-12-13,2,4,109,40.6710808028704,-73.8284736029388,800,D,GD ,54,CLM,22000.0,1259,121,Oscar Gomez,1340,3,AQU_2019-12-13_2_4,0,AQU_2019-12-13_2,2731,Lucky Six,2019-12-13 12:59:27.250,AQU_2019-12-13_2_2731,0.004843729982703196,69.74971175092602,0.27,2
153573,BEL,2019-05-19,7,2,90,40.7154774522508,-73.7189471388289,850,I,FM ,70,CLM,60000.0,451,124,Rajiv Maragh,5300,7,BEL_2019-05-19_7_2,0,BEL_2019-05-19_7,3092,Indebted,2019-05-19 16:51:22.500,BEL_2019-05-19_7_3092,0.004624656772577052,66.59505752510955,0.23,1
3495004,SAR,2019-07-26,7,4,158,43.0727207949387,-73.7643090178789,700,D,MY ,32,STR,60000.0,439,120,Luis Saez,2040,7,SAR_2019-07-26_7_4,0,SAR_2019-07-26_7,1026,Fair Lassie,2019-07-26 16:39:39.500,SAR_2019-07-26_7_1026,0.004381727207442626,63.09687178717381,0.46,2
4923400,BEL,2019-10-19,8,2,245,40.7148971434276,-73.7274724669833,800,D,FT ,78,STK,250000.0,416,120,Luis Saez,580,5,BEL_2019-10-19_8_2,0,BEL_2019-10-19_8,3764,Three Jokers,2019-10-19 16:17:01.250,BEL_2019-10-19_8_3764,0.004560417441854817,65.67001116270937,0.62,3
3600927,AQU,2019-04-06,10,10,174,40.671730585724,-73.8281456930789,900,D,FT ,95,STK,750000.0,601,123,John R. Velazquez,365,10,AQU_2019-04-06_10_10,0,AQU_2019-04-06_10,1328,Outshine,2019-04-06 18:01:43.500,AQU_2019-04-06_10_1328,0.004800900762750654,69.13297098360941,0.39,2
1736801,BEL,2019-10-11,3,1,225,40.7136907255263,-73.7243340003949,600,D,FT ,60,CLM,28000.0,223,123,Pablo Fragoso,1830,7,BEL_2019-10-11_3_1,0,BEL_2019-10-11_3,308,Roses From Ben,2019-10-11 14:23:56.250,BEL_2019-10-11_3_308,0.004283542400091103,61.68301056131188,0.79,4
1131903,BEL,2019-05-16,7,7,46,40.7134384030005,-73.721169830395,1000,I,YL ,90,AOC,90000.0,614,122,Javier Castellano,210,3,BEL_2019-05-16_7_7,0,BEL_2019-05-16_7,3044,Bird's Eye View,2019-05-16 18:14:11.500,BEL_2019-05-16_7_3044,0.004775434590428477,68.76625810217007,0.09,1
642531,AQU,2019-04-10,6,4,267,40.6712125851737,-73.8317462607456,600,O,FM ,45,MSW,62000.0,422,125,Joe Bravo,240,5,AQU_2019-04-10_6_4,0,AQU_2019-04-10_6,1371,Andretta,2019-04-10 16:23:06.750,AQU_2019-04-10_6_1371,0.0040642276035051505,58.52487749047417,0.93,4
917115,AQU,2019-02-23,7,3,104,40.6726528482937,-73.8277309377019,700,D,FT ,44,AOC,75000.0,357,119,Michael J. Luzzi,970,1,AQU_2019-02-23_7_3,1,AQU_2019-02-23_7,788,Sir Ballantine,2019-02-23 15:57:26.000,AQU_2019-02-23_7_788,0.005321651127931353,76.63177624221149,0.32,2
4517505,SAR,2019-08-23,4,4,17,43.0702282142052,-73.7681927536168,550,D,FT ,50,MSW,78000.0,238,119,Tyler Gaffalione,330,5,SAR_2019-08-23_4_4,0,SAR_2019-08-23_4,1651,Lord Camden,2019-08-23 14:38:04.250,SAR_2019-08-23_4_1651,0.004252722928350568,61.23921016824818,0.06,1
4652637,SAR,2019-07-17,10,9,54,43.0711042945101,-73.766061948414,550,D,MY ,50,MSW,78000.0,620,119,John R. Velazquez,110,1,SAR_2019-07-17_10_9,1,SAR_2019-07-17_10,1974,Violent Point,2019-07-17 18:20:13.500,SAR_2019-07-17_10_1974,0.005244673287859636,75.52329534517877,0.19,1
553669,BEL,2019-04-27,1,4,261,40.7131701198197,-73.7223267725942,600,D,GD ,64,CLM,50000.0,131,125,Manuel Franco,730,5,BEL_2019-04-27_1_4,0,BEL_2019-04-27_1,1045,Formal Start,2019-04-27 13:32:05.250,BEL_2019-04-27_1_1045,0.004335904119774229,62.4370193247489,0.93,4
277100,BEL,2019-10-14,8,1,7,40.7134552803443,-73.7210894658556,900,I,FM ,138,STK,200000.0,511,124,Dylan Davis,2180,3,BEL_2019-10-14_8_1,0,BEL_2019-10-14_8,1895,Dr. Edgar,2019-10-14 17:11:01.750,BEL_2019-10-14_8_1895,0.003358711321127296,48.365443024233066,0.01,1
3414382,SAR,2019-07-24,7,3,25,43.0720429716621,-73.7700770500196,800,I,GD ,125,STK,150000.0,432,123,Luis Saez,305,1,SAR_2019-07-24_7_3,1,SAR_2019-07-24_7,3256,Rinaldi,2019-07-24 16:32:06.250,SAR_2019-07-24_7_3256,0.00481295667683753,69.30657614646043,0.06,1
4763809,BEL,2019-10-06,5,5,277,40.7134037771656,-73.7232246989847,650,D,FT ,48,MCL,46000.0,305,119,Junior Alvarado,760,9,BEL_2019-10-06_5_5,0,BEL_2019-10-06_5,1580,Big Red Girl,2019-10-06 15:06:09.250,BEL_2019-10-06_5_1580,0.003880900471338518,55.884966787274664,0.88,4
2839760,AQU,2019-04-05,9,10,358,40.6713648153889,-73.8312789919206,800,T,FM ,63,MSW,62000.0,549,118,Junior Alvarado,530,4,AQU_2019-04-05_9_10,0,AQU_2019-04-05_9,1294,Recess,2019-04-05 17:50:29.500,AQU_2019-04-05_9_1294,0.004564596992848085,65.73019669701242,0.92,4
2693093,AQU,2019-02-16,4,2,22,40.6673067720808,-73.8301392289979,800,D,FT ,54,MSW,60000.0,227,113,Joey R. Martinez,1750,7,AQU_2019-02-16_4_2,0,AQU_2019-02-16_4,270,Alvernia,2019-02-16 14:27:05.500,AQU_2019-02-16_4_270,0.004288505118150102,61.754473701361476,0.05,1
5014922,AQU,2019-12-06,5,4,147,40.6755780383232,-73.8285416777013,600,D,FT ,48,MCL,35000.0,151,119,Eric Cancel,420,5,AQU_2019-12-06_5_4,0,AQU_2019-12-06_5,2155,Super Twenty Seven,2019-12-06 13:51:36.750,AQU_2019-12-06_5_2155,0.004725680949619302,68.04980567451794,0.47,2
1299370,BEL,2019-06-29,7,5,308,40.7139345081434,-73.7239595204044,800,T,FM ,76,STK,100000.0,445,121,Eric Cancel,1440,4,BEL_2019-06-29_7_5,0,BEL_2019-06-29_7,2508,Too Charming,2019-06-29 16:46:17.000,BEL_2019-06-29_7_2508,0.00506955463669657,73.00158676843061,0.86,4
766730,BEL,2019-06-07,5,6,120,40.7176484699204,-73.7263315154362,700,D,FT ,48,STK,250000.0,303,118,Luis Saez,2330,5,BEL_2019-06-07_5_6,0,BEL_2019-06-07_5,3271,Spring in the Wind,2019-06-07 15:03:30.000,BEL_2019-06-07_5_3271,0.005260046043490238,75.74466302625943,0.37,2
1563558,AQU,2019-11-07,3,4,155,40.6703997321976,-73.8296578200499,850,T,FM ,72,CLM,44000.0,118,124,Dylan Davis,780,9,AQU_2019-11-07_3_4,0,AQU_2019-11-07_3,1750,Conforto,2019-11-07 13:18:38.750,AQU_2019-11-07_3_1750,0.004802106452746634,69.15033291955153,0.38,2
1999624,AQU,2019-02-15,1,5,172,40.6736653686243,-73.8272647119554,800,D,FT ,54,MSW,68000.0,1250,121,Manuel Franco,240,5,AQU_2019-02-15_1_5,0,AQU_2019-02-15_1,933,Replicator,2019-02-15 12:50:43.000,AQU_2019-02-15_1_933,0.0049840782066582,71.77072617587808,0.45,2
4036865,AQU,2019-11-24,9,9,273,40.6714660289887,-73.8319910171451,600,D,SY ,40,MSW,62000.0,418,115,Heman K. Harkie,1490,6,AQU_2019-11-24_9_9,0,AQU_2019-11-24_9,2455,Big Boy Mo,2019-11-24 16:19:08.250,AQU_2019-11-24_9_2455,0.00395109959454123,56.895834161393715,0.9,4
386708,AQU,2019-12-06,6,1,279,40.6745854809531,-73.8305043369713,800,D,FT ,54,CLM,32000.0,219,118,Julio Correa,125,1,AQU_2019-12-06_6_1,1,AQU_2019-12-06_6,95,Shalako,2019-12-06 14:20:09.750,AQU_2019-12-06_6_95,0.004399054408537671,63.346383482942464,0.68,3
2377889,AQU,2019-01-19,1,5,22,40.6708742079397,-73.8284868185581,600,D,FT ,36,MSW,68000.0,1229,122,Manuel Franco,870,2,AQU_2019-01-19_1_5,0,AQU_2019-01-19_1,492,Gracetown,2019-01-19 12:29:05.500,AQU_2019-01-19_1_492,0.004846150705234556,69.78457015537761,0.07,1
398047,BEL,2019-06-07,6,11,223,40.7162477404917,-73.7276146308223,800,T,FM ,74,AOC,97000.0,340,117,Irad Ortiz Jr.,540,6,BEL_2019-06-07_6_11,0,BEL_2019-06-07_6,3274,Zapperini,2019-06-07 15:40:55.750,BEL_2019-06-07_6_3274,0.005396709638352428,77.71261879227497,0.61,3
2168712,BEL,2019-05-02,2,5,276,40.715398993133,-73.7272711108768,850,I,GD ,76,STR,55000.0,204,123,Jomar Torres,5700,6,BEL_2019-05-02_2_5,0,BEL_2019-05-02_2,2907,Megacity,2019-05-02 14:05:09.000,BEL_2019-05-02_2_2907,0.005118737459127003,73.70981941142884,0.64,3
4176179,BEL,2019-05-09,4,3,47,40.7156799419997,-73.7184667158302,800,T,GD ,162,CLM,60000.0,440,118,Joel Rosario,590,2,BEL_2019-05-09_4_3,0,BEL_2019-05-09_4,1485,Honorable Hero,2019-05-09 16:40:11.750,BEL_2019-05-09_4_1485,0.004993173229142917,71.901694499658,0.12,1
1174863,SAR,2019-08-16,6,6,206,43.071264025444,-73.7663331571356,850,T,FM ,98,CLM,50000.0,344,125,Jose Lezcano,2240,9,SAR_2019-08-16_6_6,0,SAR_2019-08-16_6,114,Promise Me Roses,2019-08-16 15:44:51.500,SAR_2019-08-16_6_114,0.004954387777653426,71.34318399820934,0.52,3
719681,BEL,2019-05-17,4,7,281,40.7149840438337,-73.7272184208403,850,T,GD ,92,ALW,66000.0,304,123,Christopher P. DeCarlo,370,3,BEL_2019-05-17_4_7,0,BEL_2019-05-17_4,3055,New Jersey John,2019-05-17 15:05:10.250,BEL_2019-05-17_4_3055,0.004690814359020704,67.54772676989815,0.69,3
2201400,AQU,2019-11-17,5,2,90,40.6734620721775,-73.8277331435992,600,O,FM ,45,ALW,75000.0,159,124,Jose Lezcano,130,2,AQU_2019-11-17_5_2,0,AQU_2019-11-17_5,368,Morning Breez,2019-11-17 13:59:22.500,AQU_2019-11-17_5_368,0.0052052474340627064,74.95556305050297,0.32,2
4543036,AQU,2019-11-09,10,7,89,40.672124802781,-73.8279608060784,700,D,FT ,45,MSW,70000.0,420,119,John R. Velazquez,660,5,AQU_2019-11-09_10_7,0,AQU_2019-11-09_10,1913,Malibu Edge,2019-11-09 16:20:22.250,AQU_2019-11-09_10_1913,0.005149397068051832,74.15131777994638,0.26,2
4734965,BEL,2019-10-26,2,10,228,40.7171990363168,-73.7261509584352,850,I,GD ,78,MSW,62000.0,119,119,Javier Castellano,810,6,BEL_2019-10-26_2_10,0,BEL_2019-10-26_2,2761,Unrelenting Force,2019-10-26 13:19:57.000,BEL_2019-10-26_2_2761,0.004916153436069967,70.79260947940753,0.56,3
2681881,BEL,2019-09-13,3,6,175,40.717585333133,-73.7265576101174,800,D,FT ,78,ALW,66000.0,404,120,John R. Velazquez,280,5,BEL_2019-09-13_3_6,0,BEL_2019-09-13_3,831,Today Comes Once,2019-09-13 16:04:43.750,BEL_2019-09-13_3_831,0.0050123767700463746,72.17822548866779,0.45,2
3708345,BEL,2019-05-16,8,3,286,40.7134486270139,-73.7232027526414,700,D,FT ,40,ALW,66000.0,647,120,Irad Ortiz Jr.,220,6,BEL_2019-05-16_8_3,0,BEL_2019-05-16_8,1569,Lutsky,2019-05-16 18:48:11.500,BEL_2019-05-16_8_1569,0.004004601383762323,57.66625992617745,0.88,4
538868,SAR,2019-08-29,2,1,59,43.0722274974347,-73.7694168135936,900,I,FM ,24,AOC,83000.0,135,124,Irad Ortiz Jr.,300,2,SAR_2019-08-29_2_1,0,SAR_2019-08-29_2,1568,Minsky Moment,2019-08-29 13:35:14.750,SAR_2019-08-29_2_1568,0.004752463645646349,68.43547649730742,0.14,1
226538,SAR,2019-07-27,10,8,90,43.0734690928028,-73.7660708755713,1100,I,FM ,126,STK,250000.0,619,124,Jose Lezcano,980,5,SAR_2019-07-27_10_8,0,SAR_2019-07-27_10,3021,Zulu Alpha,2019-07-27 18:19:22.500,SAR_2019-07-27_10_3021,0.004428221298852729,63.76638670347929,0.17,1
261556,BEL,2019-05-16,7,3,379,40.7147674764142,-73.7261524641107,1000,I,YL ,90,AOC,90000.0,614,122,Jose L. Ortiz,365,2,BEL_2019-05-16_7_3,0,BEL_2019-05-16_7,3043,Noble Thought,2019-05-16 18:15:34.750,BEL_2019-05-16_7_3043,0.0049739701442934586,71.6251700778258,0.8,4
2262568,AQU,2019-11-01,3,4,248,40.6729473536166,-73.8312849490108,650,D,GD ,36,CLM,38000.0,100,120,Joe Bravo,85,5,AQU_2019-11-01_3_4,0,AQU_2019-11-01_3,1587,Heaven's Humor,2019-11-01 13:01:02.000,AQU_2019-11-01_3_1587,0.004565602660811431,65.74467831568461,0.82,4
4138720,BEL,2019-07-06,4,8,194,40.7146173759049,-73.7271490309453,650,D,FT ,62,ALW,66000.0,243,120,Manuel Franco,265,1,BEL_2019-07-06_4_8,1,BEL_2019-07-06_4,1570,Bangle Gal,2019-07-06 14:43:48.500,BEL_2019-07-06_4_1570,0.0048150437402297045,69.33662985930775,0.61,3
1110473,AQU,2019-11-24,5,7,159,40.6755282173646,-73.8294033364342,600,D,SY ,40,CLM,36000.0,219,117,Benjamin Hernandez,1370,8,AQU_2019-11-24_5_7,0,AQU_2019-11-24_5,300,Quest for Fire,2019-11-24 14:19:39.750,AQU_2019-11-24_5_300,0.004501370020633865,64.81972829712765,0.52,3
823735,AQU,2019-03-17,5,3,151,40.6706833589867,-73.8286100680207,900,D,FT ,82,AOC,64000.0,356,123,Manuel Franco,490,1,AQU_2019-03-17_5_3,1,AQU_2019-03-17_5,549,Beyond Discreet,2019-03-17 15:56:37.750,AQU_2019-03-17_5_549,0.004761643214896361,68.5676622945076,0.34,2
5178511,AQU,2019-11-16,9,8,30,40.6723068400294,-73.8309455703738,800,T,FM ,65,ALW,75000.0,353,116,Declan Carroll,5050,7,AQU_2019-11-16_9_8,0,AQU_2019-11-16_9,2219,Betty F (GB),2019-11-16 15:53:07.500,AQU_2019-11-16_9_2219,0.00523861525205779,75.43605962963217,0.08,1
4578047,BEL,2019-09-11,1,1A,75,40.7166340113973,-73.7210096533671,800,D,FT ,78,MSW,75000.0,303,119,Jose L. Ortiz,135,4,BEL_2019-09-11_1_1A,0,BEL_2019-09-11_1,3651,Brewmeister,2019-09-11 15:03:18.750,BEL_2019-09-11_1_3651,0.005169373517636966,74.43897865397231,0.19,1
2565883,AQU,2019-02-21,2,1,219,40.6753784519642,-73.8278800113101,800,D,SY ,54,MSW,68000.0,122,120,Junior Alvarado,390,3,AQU_2019-02-21_2_1,0,AQU_2019-02-21_2,1009,Moon Tweet,2019-02-21 13:22:54.750,AQU_2019-02-21_2_1009,0.004387087568033839,63.17406097968728,0.56,3
1100409,BEL,2019-10-13,5,3,320,40.7143543159305,-73.7245923091361,850,I,FM ,52,AOC,80000.0,332,122,Jose Lezcano,385,5,BEL_2019-10-13_5_3,0,BEL_2019-10-13_5,3044,Bird's Eye View,2019-10-13 15:33:20.000,BEL_2019-10-13_5_3044,0.005028812206963881,72.41489578027988,0.82,4
2574919,SAR,2019-07-18,1,4,103,43.0708009155057,-73.7668572687498,700,D,FT ,30,STR,60000.0,102,120,Joel Rosario,200,4,SAR_2019-07-18_1_4,0,SAR_2019-07-18_1,4109,Golden Tiger,2019-07-18 13:02:25.750,SAR_2019-07-18_1_4109,0.005060170179506458,72.866450584893,0.3,2
5199061,BEL,2019-10-12,9,4,302,40.7154543343432,-73.7272261354647,900,I,FM ,128,STK,200000.0,514,118,Junior Alvarado,510,2,BEL_2019-10-12_9_4,0,BEL_2019-10-12_9,1531,Feel Glorious (GB),2019-10-12 17:15:15.500,BEL_2019-10-12_9_1531,0.004978865750603389,71.6956668086888,0.72,3
2482633,SAR,2019-08-31,6,4,295,43.0733790293583,-73.7666211805165,850,I,FM ,20,STK,200000.0,315,122,John R. Velazquez,400,1,SAR_2019-08-31_6_4,1,SAR_2019-08-31_6,4319,Global Access,2019-08-31 15:16:13.750,SAR_2019-08-31_6_4319,0.005236367593225012,75.40369334244018,0.76,4
302391,SAR,2019-08-03,4,8,69,43.0708387131998,-73.7722010469416,800,I,FM ,82,WCL,67000.0,246,124,Jose Lezcano,870,3,SAR_2019-08-03_4_8,0,SAR_2019-08-03_4,2146,Siding Spring,2019-08-03 14:46:17.250,SAR_2019-08-03_4_2146,0.004972210962415548,71.59983785878389,0.19,1
748526,BEL,2019-05-25,10,3,271,40.7133704123746,-73.7211972080275,600,I,FM ,90,AOC,85000.0,624,123,Junior Alvarado,800,4,BEL_2019-05-25_10_3,0,BEL_2019-05-25_10,3149,Pagliacci,2019-05-25 18:25:07.750,BEL_2019-05-25_10_3149,0.004102525072388449,59.07636104239366,0.99,4
4819508,AQU,2019-12-07,9,1,449,40.6704973899583,-73.8323717002081,900,D,FT ,70,STK,250000.0,345,118,Javier Castellano,510,3,AQU_2019-12-07_9_1,0,AQU_2019-12-07_9,1728,Chase Tracker,2019-12-07 15:46:52.250,AQU_2019-12-07_9_1728,0.0035284232657855114,50.809295027311364,0.99,4
4552011,BEL,2019-09-27,4,6,100,40.7165254728082,-73.7216173173566,800,T,FM ,172,MSW,62000.0,225,119,Jose Lezcano,340,1,BEL_2019-09-27_4_6,1,BEL_2019-09-27_4,1701,Astoria Kitten,2019-09-27 14:25:25.000,BEL_2019-09-27_4_1701,0.004913228016627641,70.75048343943803,0.26,2
3851002,BEL,2019-06-27,4,1,343,40.713463298144,-73.7233621658954,800,D,FT ,52,MCL,33000.0,438,113,Joey R. Martinez,1270,4,BEL_2019-06-27_4_1,0,BEL_2019-06-27_4,823,Disquiet,2019-06-27 16:39:25.750,BEL_2019-06-27_4_823,0.004294328933522036,61.838336642717316,0.87,4
2473424,SAR,2019-08-11,1,7,162,43.0702521155811,-73.7682469624181,900,D,FT ,78,MSW,90000.0,102,118,Joel Rosario,3175,5,SAR_2019-08-11_1_7,0,SAR_2019-08-11_1,3462,Risp,2019-08-11 13:02:40.500,SAR_2019-08-11_1_3462,0.004924348681981358,70.91062102053155,0.37,2
3469510,AQU,2019-12-06,10,2,8,40.6702961502315,-73.828786486565,600,D,FT ,48,MCL,33000.0,417,117,Benjamin Hernandez,6150,8,AQU_2019-12-06_10_2,0,AQU_2019-12-06_10,339,Margie Cat,2019-12-06 16:17:02.000,AQU_2019-12-06_10_339,0.0020346542840381757,29.29902169014973,0.02,1
1836612,AQU,2019-04-19,9,3,180,40.6712156053935,-73.8292781844198,850,T,FM ,88,MSW,62000.0,549,126,Rajiv Maragh,3400,4,AQU_2019-04-19_9_3,0,AQU_2019-04-19_9,234,Golconda,2019-04-19 17:49:45.000,AQU_2019-04-19_9_234,0.0047953850396524385,69.05354457099511,0.44,2
4600026,BEL,2019-10-25,6,6,123,40.7174815887711,-73.725559099292,700,T,GD ,82,MSW,75000.0,409,119,Joel Rosario,240,1,BEL_2019-10-25_6_6,1,BEL_2019-10-25_6,2582,Logic N Reason,2019-10-25 16:09:30.750,BEL_2019-10-25_6_2582,0.004869304337022693,70.11798245312679,0.34,2
4404090,AQU,2019-11-08,5,8,69,40.6723721955286,-73.8282687427141,600,O,FM ,72,MSW,70000.0,220,119,Manuel Franco,530,7,AQU_2019-11-08_5_8,0,AQU_2019-11-08_5,1814,Ameriel,2019-11-08 14:20:17.250,AQU_2019-11-08_5_1814,0.005268366926862548,75.86448374682068,0.24,1
4530903,BEL,2019-10-05,10,1,60,40.716376626519,-73.7199886468749,800,D,FT ,72,STK,500000.0,522,122,John R. Velazquez,590,5,BEL_2019-10-05_10_1,0,BEL_2019-10-05_10,2678,Alpha Sixty Six,2019-10-05 17:22:15.000,BEL_2019-10-05_10_2678,0.005631461232871505,81.09304175334967,0.16,1
577625,AQU,2019-01-13,2,1,222,40.6738181008046,-73.8272310454023,900,D,FT ,84,AOC,75000.0,122,121,Dylan Davis,80,1,AQU_2019-01-13_2_1,1,AQU_2019-01-13_2,387,Stan the Man,2019-01-13 13:22:55.500,AQU_2019-01-13_2_387,0.004875907403389061,70.21306660880248,0.5,2
546306,AQU,2019-12-31,4,6,158,40.6755924201875,-73.8285346254962,650,D,SY ,50,CLM,46000.0,203,122,Dylan Davis,210,3,AQU_2019-12-31_4_6,0,AQU_2019-12-31_4,720,Win With Pride,2019-12-31 14:03:39.500,AQU_2019-12-31_4_720,0.004823881655356902,69.46389583713939,0.5,2
3097514,AQU,2019-12-31,8,11,231,40.6729394233708,-73.8313015284672,600,D,SY ,45,MCL,33000.0,405,122,Manuel Franco,90,2,AQU_2019-12-31_8_11,0,AQU_2019-12-31_8,1523,Hudson Overpass,2019-12-31 16:05:57.750,AQU_2019-12-31_8_1523,0.004082332767238163,58.785591848229544,0.76,4
2806810,BEL,2019-05-11,5,7,191,40.7174311291024,-73.7249745158226,850,T,FM ,175,MCL,41000.0,341,118,Joe Bravo,4425,11,BEL_2019-05-11_5_7,0,BEL_2019-05-11_5,3002,Calling Cairo,2019-05-11 15:41:47.750,BEL_2019-05-11_5_3002,0.004823948738921022,69.46486184046272,0.43,2
3172775,AQU,2019-02-03,6,5,324,40.6715224804613,-73.8320542932702,650,D,FT ,36,MSW,60000.0,326,115,Reylu Gutierrez,1440,10,AQU_2019-02-03_6_5,0,AQU_2019-02-03_6,836,Itsakeyper,2019-02-03 15:27:21.000,AQU_2019-02-03_6_836,0.0015949543898447667,22.96734321376464,0.97,4
4515541,AQU,2019-11-24,6,14,192,40.6742876415405,-73.8306743587965,600,D,SY ,40,MSW,62000.0,250,119,Jose Lezcano,830,3,AQU_2019-11-24_6_14,0,AQU_2019-11-24_6,1631,Notorious Flirt,2019-11-24 14:50:48.000,AQU_2019-11-24_6_1631,0.004652041103095807,66.98939188457962,0.65,3
2663578,SAR,2019-08-07,10,7,18,43.0701945677444,-73.7686956574083,550,T,FM ,42,MCL,48000.0,537,113,Heman K. Harkie,4425,6,SAR_2019-08-07_10_7,0,SAR_2019-08-07_10,508,Tiz Her Way,2019-08-07 17:37:04.500,SAR_2019-08-07_10_508,0.004607887641428898,66.35358203657613,0.07,1
3960671,AQU,2019-03-15,6,3,37,40.6680694365183,-73.829861914662,800,D,FT ,54,MCL,35000.0,422,120,Hector Rafael Diaz Jr.,3750,5,AQU_2019-03-15_6_3,0,AQU_2019-03-15_6,941,Asher the Dasher,2019-03-15 16:22:09.250,AQU_2019-03-15_6_941,0.004985346844409671,71.78899455949927,0.09,1
196758,BEL,2019-06-28,5,1,247,40.7132998701855,-73.7228263065693,600,D,FT ,63,CLM,50000.0,342,123,Luis Saez,110,3,BEL_2019-06-28_5_1,0,BEL_2019-06-28_5,1084,Candid Desire,2019-06-28 15:43:01.750,BEL_2019-06-28_5_1084,0.004580220440038418,65.95517433655323,0.89,4
3133519,BEL,2019-06-30,2,2,198,40.7156962092293,-73.7276068341477,700,T,FM ,90,MSW,62000.0,202,118,Joel Rosario,70,2,BEL_2019-06-30_2_2,0,BEL_2019-06-30_2,2390,Kerry's Ring,2019-06-30 14:02:49.500,BEL_2019-06-30_2_2390,0.004860276396428901,69.98798010857618,0.6,3
4701831,SAR,2019-07-17,2,4,253,43.0723867703175,-73.7704459175671,600,D,SY ,48,STK,100000.0,126,122,Luis Saez,930,1,SAR_2019-07-17_2_4,1,SAR_2019-07-17_2,2982,Sky of Hook,2019-07-17 13:27:03.250,SAR_2019-07-17_2_2982,0.00418339416922141,60.24087603678831,0.87,4
4711522,SAR,2019-08-15,2,6,292,43.0715191290701,-73.7725486040156,600,D,FT ,54,MSW,75000.0,134,120,Irad Ortiz Jr.,380,3,SAR_2019-08-15_2_6,0,SAR_2019-08-15_2,4096,Ain't None Lucky,2019-08-15 13:35:13.000,SAR_2019-08-15_2_4096,0.0034219864903220635,49.27660546063771,0.97,4
886604,AQU,2019-03-31,5,2,175,40.6736189623769,-73.8272715845634,800,D,GD ,54,CLM,28000.0,357,121,Dylan Davis,125,1,AQU_2019-03-31_5_2,1,AQU_2019-03-31_5,483,Devilish Romance,2019-03-31 15:57:43.750,AQU_2019-03-31_5_483,0.004623764859001974,66.58221396962843,0.39,2
1739098,BEL,2019-06-02,8,5,321,40.7142488891104,-73.7255621489785,850,T,FM ,170,CLM,39000.0,519,124,Eric Cancel,2190,7,BEL_2019-06-02_8_5,0,BEL_2019-06-02_8,262,Purchasing Power,2019-06-02 17:20:20.250,BEL_2019-06-02_8_262,0.004931964882797069,71.02029431227778,0.79,4
4304356,BEL,2019-04-28,7,5,234,40.7141142945879,-73.7257801454365,700,D,FT ,41,MSW,80000.0,446,118,John R. Velazquez,420,2,BEL_2019-04-28_7_5,0,BEL_2019-04-28_7,2895,Presto,2019-04-28 16:46:58.500,BEL_2019-04-28_7_2895,0.004597462794578699,66.20346424193326,0.65,3
2882031,AQU,2019-11-27,4,6,2,40.670247294407,-73.8287671416826,600,D,FT ,44,MCL,41000.0,150,122,Michael J. Luzzi,3250,4,AQU_2019-11-27_4_6,0,AQU_2019-11-27_4,2096,Plebe,2019-11-27 13:50:00.500,AQU_2019-11-27_4_2096,0.0015348077361020491,22.10123139986951,0.0,1
358313,AQU,2019-03-30,9,6,433,40.6742604304167,-73.8306849305312,1100,D,FT ,32,SST,75000.0,552,120,Jose Lezcano,215,4,AQU_2019-03-30_9_6,0,AQU_2019-03-30_9,95,Shalako,2019-03-30 17:53:48.250,AQU_2019-03-30_9_95,0.00444030853018834,63.940442834712094,0.79,4
1230491,AQU,2019-04-14,7,6,56,40.6686268729324,-73.8295250636729,800,D,FT ,54,CLM,38000.0,442,124,Andre Shivnarine Worrie,460,4,AQU_2019-04-14_7_6,0,AQU_2019-04-14_7,408,Desert Lights,2019-04-14 16:42:14.000,AQU_2019-04-14_7_408,0.005171547431226997,74.47028300966876,0.13,1
3052252,BEL,2019-06-14,1,2,25,40.7155751256848,-73.716931306886,850,D,FT ,44,MCL,41000.0,130,118,Luis Saez,60,1,BEL_2019-06-14_1_2,1,BEL_2019-06-14_1,1608,Tempers Way,2019-06-14 13:30:06.250,BEL_2019-06-14_1_1608,0.004562537847063453,65.70054499771373,0.05,1
1895051,BEL,2019-10-24,6,2,258,40.7145497753233,-73.7270102820879,800,D,FT ,72,ALW,66000.0,413,117,Benjamin Hernandez,4150,4,BEL_2019-10-24_6_2,0,BEL_2019-10-24_6,1019,Hokulea,2019-10-24 16:14:04.500,BEL_2019-10-24_6_1019,0.004655255109016749,67.0356735698412,0.69,3
4664473,BEL,2019-10-26,2,7,289,40.7151214765879,-73.7269473297881,850,I,GD ,78,MSW,62000.0,119,119,John R. Velazquez,290,2,BEL_2019-10-26_2_7,0,BEL_2019-10-26_2,2161,Hellbender,2019-10-26 13:20:12.250,BEL_2019-10-26_2_2161,0.004814952388112264,69.3353143888166,0.71,3
3019937,SAR,2019-07-14,3,1,130,43.0732091328584,-73.7648377005936,550,T,FM ,86,MSW,78000.0,213,119,Manuel Franco,2625,7,SAR_2019-07-14_3_1,0,SAR_2019-07-14_3,4081,Unlikely,2019-07-14 14:13:32.500,SAR_2019-07-14_3_4081,0.0050942039402888375,73.35653674015926,0.49,2
2559289,SAR,2019-07-28,3,1,20,43.0701432420576,-73.7690594093898,550,T,FM ,54,STR,60000.0,206,118,Dylan Davis,900,5,SAR_2019-07-28_3_1,0,SAR_2019-07-28_3,3198,Yes and Yes,2019-07-28 14:06:05.000,SAR_2019-07-28_3_3198,0.004841331361435843,69.71517160467614,0.07,1
336957,AQU,2019-11-30,7,6,19,40.6703888465127,-73.8290216599751,600,O,GD ,52,STK,125000.0,249,124,Kendrick Carmouche,550,5,AQU_2019-11-30_7_6,0,AQU_2019-11-30_7,2556,Dubini,2019-11-30 14:49:04.750,AQU_2019-11-30_7_2556,0.004455280582994978,64.15604039512768,0.06,1
4005241,BEL,2019-04-27,4,4,79,40.7177319611338,-73.725783882631,600,D,FT ,54,MSW,62000.0,309,118,Jose L. Ortiz,185,6,BEL_2019-04-27_4_4,0,BEL_2019-04-27_4,2873,Riot,2019-04-27 15:09:19.750,BEL_2019-04-27_4_2873,0.00519270680838616,74.7749780407607,0.27,2
2519620,AQU,2019-01-04,4,7,211,40.6753965934271,-73.8298187279962,700,D,FT ,45,MCL,46000.0,227,120,Eric Cancel,860,5,AQU_2019-01-04_4_7,0,AQU_2019-01-04_4,84,Stay Smart,2019-01-04 14:27:52.750,AQU_2019-01-04_4_84,0.0047520107397665216,68.42895465263791,0.56,3
4693253,AQU,2019-12-05,6,1,270,40.6716135316573,-73.8319583724427,600,D,GD ,36,MSW,62000.0,245,119,Jorge A. Vargas Jr.,1680,7,AQU_2019-12-05_6_1,0,AQU_2019-12-05_6,2592,Montauk Memories,2019-12-05 14:46:07.500,AQU_2019-12-05_6_2592,0.003908842854631212,56.287337106689456,0.91,4
908374,AQU,2019-12-01,1,1,80,40.6721862839016,-73.8279467236381,650,D,FT ,54,MCL,30000.0,1221,124,Eric Cancel,2300,9,AQU_2019-12-01_1_1,0,AQU_2019-12-01_1,110,Flying Pleasantly,2019-12-01 12:21:20.000,AQU_2019-12-01_1_110,0.005291230726470105,76.1937224611695,0.23,1
803940,AQU,2019-11-21,6,7,231,40.674329981674,-73.8273721598587,850,O,GD ,41,CLM,46000.0,319,120,Dylan Davis,740,3,AQU_2019-11-21_6_7,0,AQU_2019-11-21_6,1500,Catch a Cab,2019-11-21 15:19:57.750,AQU_2019-11-21_6_1500,0.005060100122448963,72.86544176326507,0.57,3
479156,AQU,2019-01-10,2,2,365,40.67393260241,-73.8308482405101,900,D,FT ,101,MSW,60000.0,122,123,Manuel Franco,410,5,AQU_2019-01-10_2_2,0,AQU_2019-01-10_2,237,Run for Boston,2019-01-10 13:23:31.250,AQU_2019-01-10_2_237,0.004452761530294819,64.1197660362454,0.81,4
2567654,AQU,2019-01-18,2,7,214,40.6734888258747,-73.8311088533177,600,D,FT ,48,SOC,60000.0,123,122,Junior Alvarado,400,4,AQU_2019-01-18_2_7,0,AQU_2019-01-18_2,449,Americano,2019-01-18 13:23:53.500,AQU_2019-01-18_2_449,0.004227130088882297,60.870673279905084,0.73,3
3663174,BEL,2019-06-02,1,3,75,40.7177341983309,-73.7259352704538,600,D,FT ,48,MCL,30000.0,130,120,Samuel Camacho Jr.,360,6,BEL_2019-06-02_1_3,0,BEL_2019-06-02_1,1303,Dr. Albert,2019-06-02 13:30:18.750,BEL_2019-06-02_1_1303,0.005260976501973205,75.75806162841415,0.26,2
1028888,BEL,2019-07-06,8,5,172,40.7161323288544,-73.7279624966689,700,D,FT ,56,STK,300000.0,505,116,Eric Cancel,2450,3,BEL_2019-07-06_8_5,0,BEL_2019-07-06_8,3014,Killybegs Captain,2019-07-06 17:05:43.000,BEL_2019-07-06_8_3014,0.005079414068442311,73.14356258556927,0.52,3
2491859,AQU,2019-01-06,7,1,42,40.6715596363664,-73.8282416028595,600,D,MY ,45,AOC,64000.0,358,112,Joey R. Martinez,6050,1,AQU_2019-01-06_7_1,1,AQU_2019-01-06_7,212,Quietude,2019-01-06 15:58:10.500,AQU_2019-01-06_7_212,0.005224986956966398,75.23981218031612,0.14,1
977891,BEL,2019-10-19,6,6,66,40.7173655676843,-73.7238190410655,650,D,FT ,56,STK,150000.0,308,117,Jose L. Ortiz,2230,5,BEL_2019-10-19_6_6,0,BEL_2019-10-19_6,221,Sicilia Mike,2019-10-19 15:08:16.500,BEL_2019-10-19_6_221,0.0051277281898052815,73.83928593319605,0.22,1
1400682,BEL,2019-10-20,9,6,295,40.7148306066676,-73.7264463793172,850,I,FM ,78,STK,200000.0,441,120,Manuel Franco,3850,7,BEL_2019-10-20_9_6,0,BEL_2019-10-20_9,578,Matty's Magnum,2019-10-20 16:42:13.750,BEL_2019-10-20_9_578,0.004847104025276987,69.7982979639886,0.75,3
1533957,AQU,2019-03-31,3,2,187,40.6747801715203,-73.8304177627935,600,D,GD ,45,ALW,70000.0,240,120,Manuel Franco,255,1,AQU_2019-03-31_3_2,1,AQU_2019-03-31_3,889,Mo Flash,2019-03-31 14:40:46.750,AQU_2019-03-31_3_889,0.004758435933684211,68.52147744505264,0.62,3
4720021,SAR,2019-08-29,1,7,187,43.0737630637594,-73.7669628695745,600,D,FT ,48,MSW,78000.0,102,114,Heman K. Harkie,7475,10,SAR_2019-08-29_1_7,0,SAR_2019-08-29_1,1843,Barker Lane,2019-08-29 13:02:46.750,SAR_2019-08-29_1_1843,0.004376453364982897,63.02092845575372,0.63,3
3914647,BEL,2019-05-31,6,3,337,40.7139049472298,-73.7249951156017,850,D,FT ,44,MCL,41000.0,412,118,Eric Cancel,1460,6,BEL_2019-05-31_6_3,0,BEL_2019-05-31_6,3200,Catorat,2019-05-31 16:13:24.250,BEL_2019-05-31_6_3200,0.0041707866823819,60.059328226299364,0.82,4
2329817,BEL,2019-06-20,6,4,93,40.7174692014109,-73.7268223436805,600,D,SY ,58,MSW,62000.0,544,124,Joel Rosario,470,2,BEL_2019-06-20_6_4,0,BEL_2019-06-20_6,3435,Blame It On Mom,2019-06-20 17:44:23.250,BEL_2019-06-20_6_3435,0.005141740646607692,74.04106531115077,0.28,2
4977570,AQU,2019-12-07,8,11,45,40.6704563307567,-73.8323700019594,900,D,FT ,72,STK,250000.0,315,118,Manuel Franco,1700,5,AQU_2019-12-07_8_11,0,AQU_2019-12-07_8,2103,Water White,2019-12-07 15:15:11.250,AQU_2019-12-07_8_2103,0.004856518434258408,69.93386545332108,0.1,1
2385523,BEL,2019-09-07,9,8,361,40.7168078957428,-73.7269284591415,1100,I,GD ,30,STK,750000.0,516,121,Javier Castellano,620,7,BEL_2019-09-07_9_8,0,BEL_2019-09-07_9,3630,Art of Almost,2019-09-07 17:17:30.250,BEL_2019-09-07_9_3630,0.0051204895785007054,73.73504993041016,0.7,3
1968440,AQU,2019-01-04,3,2,264,40.6719777438799,-73.831768452059,600,D,FT ,48,CLM,28000.0,157,123,Manuel Franco,880,2,AQU_2019-01-04_3_2,0,AQU_2019-01-04_3,75,Stay Good,2019-01-04 13:58:06.000,AQU_2019-01-04_3_75,0.004056788797575052,58.417758685080756,0.89,4
4183595,SAR,2019-07-27,11,1,128,43.0694110703483,-73.7704853463652,900,D,FT ,76,STK,600000.0,651,118,Ricardo Santana Jr.,1520,4,SAR_2019-07-27_11_1,0,SAR_2019-07-27_11,4248,Laughing Fox,2019-07-27 18:51:32.000,SAR_2019-07-27_11_4248,0.004586336663350513,66.0432479522474,0.3,2
66824,AQU,2019-04-19,2,2,196,40.675574047402,-73.8290944969354,700,D,FT ,44,CLM,28000.0,200,119,Samuel Jimenez,2100,5,AQU_2019-04-19_2_2,0,AQU_2019-04-19_2,1267,Laur Net,2019-04-19 14:00:49.000,AQU_2019-04-19_2_1267,0.00448595083932074,64.59769208621866,0.56,3
2981994,AQU,2019-11-29,8,4,137,40.6701761030176,-73.8288980898053,900,D,FT ,72,STK,200000.0,320,120,Julian Pimentel,175,2,AQU_2019-11-29_8_4,0,AQU_2019-11-29_8,2515,Arrifana,2019-11-29 15:20:34.250,AQU_2019-11-29_8_2515,0.004712456246876225,67.85936995501764,0.31,2
3965901,BEL,2019-10-18,5,8,84,40.7153191799638,-73.7185067045962,850,I,GD ,76,CLM,39000.0,334,120,Junior Alvarado,920,8,BEL_2019-10-18_5_8,0,BEL_2019-10-18_5,3089,Rossellini,2019-10-18 15:34:21.000,BEL_2019-10-18_5_3089,0.004819961210137179,69.40744142597538,0.21,1
2348373,AQU,2019-01-25,2,6,30,40.6711897478686,-73.8283320300891,600,D,MY ,45,AOC,67000.0,1256,121,Samuel Camacho Jr.,1450,3,AQU_2019-01-25_2_6,0,AQU_2019-01-25_2,591,Aunt Babe,2019-01-25 12:56:07.500,AQU_2019-01-25_2_591,0.005190747355945086,74.74676192560923,0.09,1
1264088,AQU,2019-01-11,1,2,355,40.6718424497988,-73.8317779780671,800,D,FT ,54,MSW,68000.0,1250,123,Manuel Franco,680,1,AQU_2019-01-11_1_2,1,AQU_2019-01-11_1,256,Kingdom's Queen,2019-01-11 12:51:28.750,AQU_2019-01-11_1_256,0.004083796266898157,58.80666624333346,0.88,4
2839969,AQU,2019-04-05,9,10,147,40.6710379944402,-73.829329276254,800,T,FM ,63,MSW,62000.0,549,118,Junior Alvarado,530,4,AQU_2019-04-05_9_10,0,AQU_2019-04-05_9,1294,Recess,2019-04-05 17:49:36.750,AQU_2019-04-05_9_1294,0.004718096482824923,67.94058935267888,0.38,2
255064,AQU,2019-02-01,4,6,266,40.6715799334151,-73.8319693853431,600,D,FT ,40,AOC,75000.0,223,118,Reylu Gutierrez,225,4,AQU_2019-02-01_4_6,0,AQU_2019-02-01_4,749,Hay Field,2019-02-01 14:24:06.500,AQU_2019-02-01_4_749,0.0038976484195377527,56.12613724134364,0.9,4
735092,BEL,2019-06-27,7,8,22,40.7166336772008,-73.7216027231767,600,T,FM ,82,CLM,50000.0,615,125,Tzeonn Chang,970,8,BEL_2019-06-27_7_8,0,BEL_2019-06-27_7,347,Manifest Destiny,2019-06-27 18:15:05.500,BEL_2019-06-27_7_347,0.004455174446527975,64.15451203000285,0.08,1
227935,AQU,2019-11-24,7,1,284,40.6743199698987,-73.8306239690838,800,D,SY ,54,AOC,70000.0,319,120,Joel Rosario,880,2,AQU_2019-11-24_7_1,0,AQU_2019-11-24_7,102,Storm Prophet,2019-11-24 15:20:11.000,AQU_2019-11-24_7_102,0.00470390911510392,67.73629125749645,0.73,3
910750,AQU,2019-03-29,4,2,14,40.670594320053,-73.8286556230452,600,D,FT ,45,CLM,28000.0,317,122,Junior Alvarado,185,6,AQU_2019-03-29_4_2,0,AQU_2019-03-29_4,1095,Two Hot Betty,2019-03-29 15:17:03.500,AQU_2019-03-29_4_1095,0.003650621288509745,52.568946554540325,0.04,1
1751105,BEL,2019-04-28,6,4,248,40.7153146430015,-73.727481881702,800,T,YL ,112,AOC,70000.0,412,122,Jose L. Ortiz,80,2,BEL_2019-04-28_6_4,0,BEL_2019-04-28_6,2892,Lovely La La,2019-04-28 16:13:02.000,BEL_2019-04-28_6_2892,0.004595905729916261,66.18104251079416,0.63,3
2125221,BEL,2019-09-12,8,4,158,40.717298985595,-73.7247757310131,800,T,FM ,108,MCL,41000.0,645,124,Rajiv Maragh,780,4,BEL_2019-09-12_8_4,0,BEL_2019-09-12_8,112,Big Expense,2019-09-12 18:45:39.500,BEL_2019-09-12_8_112,0.004879792281185767,70.26900884907505,0.37,2
3265864,BEL,2019-09-15,2,7,226,40.7138806277102,-73.7238849870201,600,T,FM ,102,MCL,41000.0,134,121,Joe Bravo,1970,3,BEL_2019-09-15_2_7,0,BEL_2019-09-15_2,2094,Capt. Courageous,2019-09-15 13:34:56.500,BEL_2019-09-15_2_2094,0.004905722148570577,70.64239893941631,0.82,4
4084788,BEL,2019-06-13,2,12,408,40.7127386196595,-73.7207184391491,800,D,SY ,48,MSW,62000.0,337,118,Manuel Franco,210,1,BEL_2019-06-13_2_12,1,BEL_2019-06-13_2,1570,Bangle Gal,2019-06-13 15:38:42.000,BEL_2019-06-13_2_1570,0.0027969931316111124,40.27670109520002,0.97,4
3465938,AQU,2019-02-08,8,8,168,40.6754713954909,-73.8296525412018,600,D,SY ,48,MCL,35000.0,433,120,Eric Cancel,1100,6,AQU_2019-02-08_8_8,0,AQU_2019-02-08_8,403,Fortune's Boy,2019-02-08 16:33:42.000,AQU_2019-02-08_8_403,0.0045189345954996015,65.07265817519426,0.47,2
2703574,BEL,2019-09-25,7,1,261,40.7131442153311,-73.7221635532199,600,D,FT ,58,AOC,70000.0,411,120,John R. Velazquez,295,3,BEL_2019-09-25_7_1,0,BEL_2019-09-25_7,1807,Leaky Cup,2019-09-25 16:12:05.250,BEL_2019-09-25_7_1807,0.004150312955264214,59.76450655580468,0.94,4
4113418,AQU,2019-04-13,4,3,278,40.6716208515314,-73.8319457028834,600,D,MY ,46,MCL,33000.0,304,120,Hector Rafael Diaz Jr.,4375,6,AQU_2019-04-13_4_3,0,AQU_2019-04-13_4,1207,Big Wonder,2019-04-13 15:05:09.500,AQU_2019-04-13_4_1207,0.0036113131217653293,52.00290895342074,0.9,4
2632594,AQU,2019-03-16,7,7,114,40.6749306842637,-73.8272740486702,600,D,FT ,45,CLM,50000.0,505,121,Eric Cancel,120,1,AQU_2019-03-16_7_7,1,AQU_2019-03-16_7,447,Trance,2019-03-16 17:05:28.500,AQU_2019-03-16_7_447,0.004504812259423156,64.86929653569345,0.39,2
1150828,AQU,2019-04-12,8,6,39,40.6710873818648,-73.8287914985152,600,O,FM ,45,ALW,66000.0,515,124,Jose Lezcano,190,1,AQU_2019-04-12_8_6,1,AQU_2019-04-12_8,1421,Fast Getaway,2019-04-12 17:15:09.750,AQU_2019-04-12_8_1421,0.005540334177002378,79.78081214883424,0.13,1
3506481,BEL,2019-09-22,8,1A,48,40.717494548431,-73.7241265241869,600,D,FT ,68,ALW,77000.0,443,120,Jose Lezcano,345,6,BEL_2019-09-22_8_1A,0,BEL_2019-09-22_8,3027,Slimey,2019-09-22 16:43:12.000,BEL_2019-09-22_8_3027,0.005368768711049591,77.31026943911411,0.17,1
176252,AQU,2019-12-20,5,7,189,40.6744548805111,-73.8271009536198,800,D,FT ,54,CLM,46000.0,229,117,Julio Correa,460,3,AQU_2019-12-20_5_7,0,AQU_2019-12-20_5,288,H Man,2019-12-20 14:29:47.250,AQU_2019-12-20_5_288,0.004599093788549847,66.2269505551178,0.48,2
904763,SAR,2019-08-23,6,6,119,43.0730567772596,-73.7647357503259,550,T,GD ,75,ALW,80000.0,343,124,Chris Landeros,2380,8,SAR_2019-08-23_6_6,0,SAR_2019-08-23_6,3066,Remstin,2019-08-23 15:43:29.750,SAR_2019-08-23_6_3066,0.005132300407005015,73.90512586087222,0.46,2
4019781,SAR,2019-07-28,5,1,352,43.0718425647197,-73.7705808583032,800,I,FM ,84,CLM,48000.0,314,120,Jorge L. Vargas Jr.,2150,6,SAR_2019-07-28_5_1,0,SAR_2019-07-28_5,4258,Burn the Boats,2019-07-28 15:15:28.000,SAR_2019-07-28_5_4258,0.004790401384988052,68.98177994382796,0.94,4
137595,AQU,2019-01-25,5,2,372,40.6716598202633,-73.8319424361709,800,D,GD ,52,CLM,20000.0,227,116,Benjamin Hernandez,1520,4,AQU_2019-01-25_5_2,0,AQU_2019-01-25_5,609,Slam Chowder,2019-01-25 14:28:33.000,AQU_2019-01-25_5_609,0.0040970921349603485,58.99812674342902,0.9,4
530942,AQU,2019-11-02,8,4,252,40.6722463500406,-73.8312878081526,600,O,GD ,45,CLM,38000.0,351,115,Heman K. Harkie,7175,7,AQU_2019-11-02_8_4,0,AQU_2019-11-02_8,1198,Da Meister,2019-11-02 15:52:03.000,AQU_2019-11-02_8_1198,0.00425748763051807,61.30782187946021,0.85,4
1689689,BEL,2019-09-15,10,6,36,40.7161350267567,-73.7214706812464,600,I,FM ,175,CLM,50000.0,557,123,Joel Rosario,1080,4,BEL_2019-09-15_10_6,0,BEL_2019-09-15_10,558,Mad Munnys,2019-09-15 17:57:09.000,BEL_2019-09-15_10_558,0.005332567070887112,76.78896582077441,0.13,1
4636677,BEL,2019-09-18,8,8,110,40.7166421192113,-73.722050710161,800,T,FM ,140,MSW,62000.0,640,119,Abner Adorno,3625,8,BEL_2019-09-18_8_8,0,BEL_2019-09-18_8,3739,It's Pazible,2019-09-18 18:40:27.500,BEL_2019-09-18_8_3739,0.0053558714497319295,77.12454887613978,0.28,2
181874,AQU,2019-03-09,2,3,140,40.6723065863085,-73.8278944721459,800,D,FT ,52,CLM,36000.0,1252,122,Samuel Camacho Jr.,2550,4,AQU_2019-03-09_2_3,0,AQU_2019-03-09_2,464,Pretentious,2019-03-09 12:52:35.000,AQU_2019-03-09_2_464,0.005075034252297178,73.08049323307937,0.36,2
275172,AQU,2019-12-08,8,9,394,40.6723613009293,-73.8315349580117,900,D,FT ,72,AOC,70000.0,318,122,Junior Alvarado,1060,3,AQU_2019-12-08_8_9,0,AQU_2019-12-08_8,1823,Danebury,2019-12-08 15:19:38.500,AQU_2019-12-08_8_1823,0.004185945233290586,60.27761135938443,0.88,4
2715022,AQU,2019-11-08,4,7,68,40.6729420034175,-73.8275736694599,600,D,FT ,40,AOC,70000.0,149,120,John R. Velazquez,115,4,AQU_2019-11-08_4_7,0,AQU_2019-11-08_4,1807,Leaky Cup,2019-11-08 13:49:17.000,AQU_2019-11-08_4_1807,0.005596615713422364,80.59126627328205,0.21,1
4226408,BEL,2019-09-13,3,1,26,40.7158371065388,-73.7180433141834,800,D,FT ,78,ALW,66000.0,404,118,Irad Ortiz Jr.,220,3,BEL_2019-09-13_3_1,0,BEL_2019-09-13_3,2206,Nasty Affair,2019-09-13 16:04:06.500,BEL_2019-09-13_3_2206,0.004872798871485933,70.16830374939744,0.07,1
2869079,AQU,2019-11-16,7,3,253,40.6730211142489,-73.8312675420315,650,D,FT ,54,ALW,66000.0,255,118,John R. Velazquez,365,1,AQU_2019-11-16_7_3,1,AQU_2019-11-16_7,217,Mary's Girl,2019-11-16 14:56:03.250,AQU_2019-11-16_7_217,0.0045781051474185755,65.92471412282748,0.76,4
3019439,AQU,2019-11-21,1,8,57,40.6722701816965,-73.8278764874893,600,D,FT ,40,MCL,41000.0,1252,122,Keivan Serrano,6525,2,AQU_2019-11-21_1_8,0,AQU_2019-11-21_1,1028,Barbara P,2019-11-21 12:52:14.250,AQU_2019-11-21_1_1028,0.005285383456144577,76.10952176848191,0.19,1
4131206,AQU,2019-03-15,6,10,297,40.6738392650954,-73.8309160290632,800,D,FT ,54,MCL,35000.0,422,120,Eric Cancel,160,3,AQU_2019-03-15_6_10,0,AQU_2019-03-15_6,1165,Mandatory Payout,2019-03-15 16:23:14.250,AQU_2019-03-15_6_1165,0.004581178419142196,65.96896923564762,0.76,4
4915785,SAR,2019-08-14,7,5,80,43.07149276575,-73.7657378328891,550,T,FM ,72,STK,100000.0,402,122,John R. Velazquez,25,1,SAR_2019-08-14_7_5,1,SAR_2019-08-14_7,4467,Kimari,2019-08-14 16:02:20.000,SAR_2019-08-14_7_4467,0.005493634562986234,79.10833770700177,0.31,2
559524,AQU,2019-11-30,4,11,226,40.6729570720009,-73.8310971181283,600,O,GD ,52,AOC,70000.0,125,122,Junior Alvarado,1110,6,AQU_2019-11-30_4_11,0,AQU_2019-11-30_4,2548,Discretionary Marq,2019-11-30 13:25:56.500,AQU_2019-11-30_4_2548,0.004803881891611195,69.1758992392012,0.78,4
4403595,AQU,2019-12-29,2,2,257,40.6724056429275,-73.8315717959381,600,D,FT ,52,AOC,64000.0,1258,120,Manuel Franco,235,4,AQU_2019-12-29_2_2,0,AQU_2019-12-29_2,2838,Sneaky Surprise,2019-12-29 12:59:04.250,AQU_2019-12-29_2_2838,0.00421294761391389,60.66644564036002,0.86,4
3637735,AQU,2019-11-07,6,6,394,40.6750658361607,-73.8286482887215,1100,T,FM ,27,ALW,90000.0,250,120,Kendrick Carmouche,810,3,AQU_2019-11-07_6_6,0,AQU_2019-11-07_6,1766,Whatdoesasharksay,2019-11-07 14:51:38.500,AQU_2019-11-07_6_1766,0.004760452931331128,68.55052221116824,0.75,3
4662491,SAR,2019-07-11,8,7,95,43.0715150068359,-73.7650348619731,600,D,MY ,45,STK,150000.0,515,118,Joel Rosario,1320,4,SAR_2019-07-11_8_7,0,SAR_2019-07-11_8,4015,Buxom Beast,2019-07-11 17:15:23.750,SAR_2019-07-11_8_4015,0.005102775617758509,73.47996889572252,0.32,2
766261,BEL,2019-09-28,7,1,17,40.7160044515205,-73.720794112952,600,I,FM ,102,AOC,70000.0,413,121,Javier Castellano,270,6,BEL_2019-09-28_7_1,0,BEL_2019-09-28_7,2070,First Appeal,2019-09-28 16:13:04.250,BEL_2019-09-28_7_2070,0.004610267169907021,66.38784724666111,0.06,1
1466498,BEL,2019-05-19,4,5,278,40.7171168950405,-73.7252318758424,1000,I,FM ,92,AOC,90000.0,309,122,Joel Rosario,1000,6,BEL_2019-05-19_4_5,0,BEL_2019-05-19_4,3084,Jaylan,2019-05-19 15:10:09.500,BEL_2019-05-19_4_3084,0.004849964872689903,69.8394941667346,0.6,3
3260352,BEL,2019-09-13,1,1,117,40.7172291083369,-73.7232376847847,800,D,FT ,78,MCL,35000.0,300,120,Eric Cancel,1190,5,BEL_2019-09-13_1_1,0,BEL_2019-09-13_1,3669,Burn and Turn,2019-09-13 15:00:29.250,BEL_2019-09-13_1_3669,0.004977967699155578,71.68273486784032,0.3,2
3299946,AQU,2019-02-09,6,2,167,40.6753711395293,-73.8297758578508,600,D,FT ,50,MCL,35000.0,335,122,Manuel Franco,790,3,AQU_2019-02-09_6_2,0,AQU_2019-02-09_6,315,Vinda Machine,2019-02-09 15:35:41.750,AQU_2019-02-09_6_315,0.004386468779248147,63.165150421173315,0.54,3
3188469,SAR,2019-07-14,8,4,251,43.0725797111036,-73.7648759305832,850,I,FM ,28,AOC,92000.0,516,120,Tyler Gaffalione,1860,7,SAR_2019-07-14_8_4,0,SAR_2019-07-14_8,4087,Belle Laura,2019-07-14 17:17:02.750,SAR_2019-07-14_8_4087,0.00486901061195615,70.11375281216856,0.64,3
1509077,BEL,2019-10-20,3,2,330,40.7131125455507,-73.7219936082508,700,D,FT ,54,CLM,28000.0,145,122,Junior Alvarado,120,4,BEL_2019-10-20_3_2,0,BEL_2019-10-20_3,3954,Stella B.,2019-10-20 13:46:22.500,BEL_2019-10-20_3_3954,0.0038258325049343052,55.091988071054,0.96,4
2864199,AQU,2019-03-22,9,7,261,40.6727224644661,-73.8314214820092,650,D,SY ,36,MSW,60000.0,556,120,Rajiv Maragh,710,4,AQU_2019-03-22_9_7,0,AQU_2019-03-22_9,1041,Lady Macho,2019-03-22 17:57:05.250,AQU_2019-03-22_9_1041,0.004212006891075728,60.65289923149048,0.82,4
1234699,AQU,2019-11-11,9,3,267,40.6749994334568,-73.8283848828759,850,T,FM ,88,AOC,70000.0,350,123,Irad Ortiz Jr.,160,1,AQU_2019-11-11_9_3,1,AQU_2019-11-11_9,1539,Classic Lady,2019-11-11 15:51:06.750,AQU_2019-11-11_9_1539,0.004846002321510807,69.78243342975563,0.64,3
4579611,SAR,2019-07-26,2,8,228,43.0737471648356,-73.7669566933514,700,D,MY ,32,MSW,78000.0,137,119,Javier Castellano,310,5,SAR_2019-07-26_2_8,0,SAR_2019-07-26_2,3491,Assault Breaker,2019-07-26 13:37:57.000,SAR_2019-07-26_2_3491,0.004162833055981349,59.944796006131426,0.67,3
2447449,SAR,2019-08-08,10,9,220,43.0713314720638,-73.7660120595959,900,T,FM ,48,CLM,65000.0,546,121,Tyler Gaffalione,640,5,SAR_2019-08-08_10_9,0,SAR_2019-08-08_10,2012,Tricky Magician,2019-08-08 17:46:55.000,SAR_2019-08-08_10_2012,0.004838478783870743,69.6740944877387,0.53,3
1529765,AQU,2019-12-22,6,1,350,40.6717673780762,-73.8318080882144,800,D,FT ,54,AOC,67000.0,223,116,Julio Correa,1220,3,AQU_2019-12-22_6_1,0,AQU_2019-12-22_6,890,Cathy Naz,2019-12-22 14:24:27.500,AQU_2019-12-22_6_890,0.004248690579598169,61.181144346213635,0.93,4
4891035,SAR,2019-07-11,8,4,158,43.0738610629556,-73.7655954500991,600,D,MY ,45,STK,150000.0,515,120,Mychel J. Sanchez,2825,6,SAR_2019-07-11_8_4,0,SAR_2019-07-11_8,4017,Lula's Roadrunner,2019-07-11 17:15:39.500,SAR_2019-07-11_8_4017,0.004562387845465802,65.69838497470755,0.54,3
4418933,AQU,2019-11-15,6,7,405,40.6710363603985,-73.8314814031743,850,T,FM ,135,MSW,62000.0,229,114,Benjamin Hernandez,4075,7,AQU_2019-11-15_6_7,0,AQU_2019-11-15_6,2125,Mebs Web,2019-11-15 14:30:41.250,AQU_2019-11-15_6_2125,0.0045332498326464635,65.27879759010908,0.96,4
1808324,AQU,2019-11-08,7,10,286,40.6739740463067,-73.8308447276366,800,D,FT ,54,AOC,70000.0,317,123,Luis Saez,410,3,AQU_2019-11-08_7_10,0,AQU_2019-11-08_7,395,Shamrock Kid,2019-11-08 15:18:11.500,AQU_2019-11-08_7_395,0.004326581149807147,62.30276855722292,0.75,3
4863933,SAR,2019-08-25,7,12,59,43.071079481993,-73.7667942859407,550,T,FM ,56,MCL,60000.0,415,119,Eric Cancel,1330,9,SAR_2019-08-25_7_12,0,SAR_2019-08-25_7,1581,Crack of Dawn,2019-08-25 16:15:14.750,SAR_2019-08-25_7_1581,0.005612528963897722,80.8204170801272,0.22,1
2147979,BEL,2019-10-16,3,6,199,40.717158336219,-73.7252193307544,850,I,FM ,76,MCL,41000.0,220,124,Jose Lezcano,355,2,BEL_2019-10-16_3_6,0,BEL_2019-10-16_3,3937,Empirically,2019-10-16 14:20:49.750,BEL_2019-10-16_3_3937,0.005015539441819184,72.22376796219625,0.5,2
1440636,AQU,2019-04-11,8,5,342,40.6736685694274,-73.8302322738725,900,T,FM ,54,AOC,80000.0,515,121,Dylan Davis,370,4,AQU_2019-04-11_8_5,0,AQU_2019-04-11_8,1400,Chiara Luna,2019-04-11 17:16:25.500,AQU_2019-04-11_8_1400,0.0050532436342292505,72.7667083329012,0.81,4
445057,BEL,2019-06-27,2,5,155,40.7170739843248,-73.7270007621667,700,T,FM ,96,CLM,42000.0,336,117,Heman K. Harkie,2300,6,BEL_2019-06-27_2_5,0,BEL_2019-06-27_2,3170,Tiffanys Freud,2019-06-27 15:36:38.750,BEL_2019-06-27_2_3170,0.004838253541988235,69.67085100463059,0.47,2
4063883,AQU,2019-02-22,3,5,159,40.6754562842263,-73.8296387378599,600,D,GD ,44,AOC,70000.0,154,121,Mychel J. Sanchez,1140,4,AQU_2019-02-22_3_5,0,AQU_2019-02-22_3,1025,Amandasromeo,2019-02-22 13:54:39.750,AQU_2019-02-22_3_1025,0.0046536320844319376,67.0123020158199,0.55,3
4416441,AQU,2019-11-09,9,2,161,40.6752603255811,-73.8293359086837,600,O,FM ,56,STK,100000.0,351,122,Junior Alvarado,1550,5,AQU_2019-11-09_9_2,0,AQU_2019-11-09_9,1901,Old Chestnut,2019-11-09 15:51:40.250,AQU_2019-11-09_9_1901,0.004727057156193743,68.0696230491899,0.57,3
862603,AQU,2019-12-15,7,2,118,40.6743744485988,-73.8270919370917,650,D,MY ,52,AOC,67000.0,319,120,Kendrick Carmouche,780,5,AQU_2019-12-15_7_2,0,AQU_2019-12-15_7,41,Timely Tradition,2019-12-15 15:19:29.500,AQU_2019-12-15_7_41,0.005120582732178809,73.73639134337485,0.38,2
2667961,SAR,2019-07-13,8,3,99,43.0718819024197,-73.7649477398638,550,T,GD ,85,MSW,90000.0,511,119,Trevor McCarthy,1130,5,SAR_2019-07-13_8_3,0,SAR_2019-07-13_8,4060,Prosperity,2019-07-13 17:11:24.750,SAR_2019-07-13_8_4060,0.005137449179144814,73.97926817968532,0.38,2
1883246,AQU,2019-01-11,1,4,342,40.6728671953656,-73.8313126654948,800,D,FT ,54,MSW,68000.0,1250,123,Jose Lezcano,410,6,AQU_2019-01-11_1_4,0,AQU_2019-01-11_1,260,Taking Aim,2019-01-11 12:51:25.500,AQU_2019-01-11_1_260,0.003672396310076757,52.8825068651053,0.84,4
1225358,AQU,2019-11-01,3,6,214,40.6742984349434,-73.8306993135504,650,D,GD ,36,CLM,38000.0,100,122,Jose Lezcano,550,3,AQU_2019-11-01_3_6,0,AQU_2019-11-01_3,114,Promise Me Roses,2019-11-01 13:00:53.500,AQU_2019-11-01_3_114,0.0051882558674052155,74.71088449063511,0.7,3
1636897,BEL,2019-09-21,9,5,134,40.7175401922151,-73.7244162384583,800,D,FT ,72,STR,55000.0,520,122,Luis R. Reyes,1740,8,BEL_2019-09-21_9_5,0,BEL_2019-09-21_9,2077,Violent Delights,2019-09-21 17:20:33.500,BEL_2019-09-21_9_2077,0.005218133480074929,75.14112211307898,0.35,2
4313279,AQU,2019-02-10,3,1,338,40.6727252575279,-73.8314353431588,800,D,FT ,54,MCL,35000.0,157,122,Ruben Silvera,1030,6,AQU_2019-02-10_3_1,0,AQU_2019-02-10_3,541,Tio Blas,2019-02-10 13:58:24.500,AQU_2019-02-10_3_541,0.0039057208236027265,56.242379859879264,0.86,4
1617614,BEL,2019-06-08,12,4,86,40.7143220670432,-73.7179016071396,900,I,FM ,72,AOC,95000.0,728,122,Joel Rosario,570,8,BEL_2019-06-08_12_4,0,BEL_2019-06-08_12,1562,King Cause,2019-06-08 19:28:21.500,BEL_2019-06-08_12_1562,0.004582839283531936,65.99288568285988,0.21,1
3396194,SAR,2019-08-08,10,5,337,43.0731277056162,-73.7681577363564,900,T,FM ,48,CLM,65000.0,546,121,Kendrick Carmouche,840,2,SAR_2019-08-08_10_5,0,SAR_2019-08-08_10,1859,Spinning Kitten,2019-08-08 17:47:24.250,SAR_2019-08-08_10_1859,0.005110448210437659,73.59045423030229,0.81,4
315658,SAR,2019-07-27,10,2,499,43.0716381008923,-73.7709188348723,1100,I,FM ,126,STK,250000.0,619,120,Javier Castellano,870,6,SAR_2019-07-27_10_2,0,SAR_2019-07-27_10,2417,Sadler's Joy,2019-07-27 18:21:04.750,SAR_2019-07-27_10_2417,0.004474901629949807,64.43858347127721,0.97,4
4249520,AQU,2019-12-14,4,5,134,40.672388630379,-73.8278415963894,800,D,SY ,54,ALW,64000.0,155,115,Julio Correa,1850,2,AQU_2019-12-14_4_5,0,AQU_2019-12-14_4,1174,Big Mountain,2019-12-14 13:55:33.500,AQU_2019-12-14_4_1174,0.004953822936900033,71.33505029136047,0.34,2
396182,AQU,2019-11-15,9,9,50,40.671444246773,-73.8312984274308,800,T,FM ,72,CLM,57000.0,354,121,Jose L. Ortiz,215,4,AQU_2019-11-15_9_9,0,AQU_2019-11-15_9,2147,Krewe Chief,2019-11-15 15:54:12.500,AQU_2019-11-15_9_2147,0.004457768415164182,64.19186517836421,0.13,1
4476309,AQU,2019-11-02,6,5,399,40.6715863335375,-73.8312643296984,850,T,GD ,88,MSW,62000.0,243,119,Luis A. Rodriguez Castro,3425,8,AQU_2019-11-02_6_5,0,AQU_2019-11-02_6,1652,Bellarmine Hall,2019-11-02 14:44:39.750,AQU_2019-11-02_6_1652,0.004420597586534758,63.65660524610052,0.93,4
5221499,SAR,2019-07-25,4,6,164,43.072312407289,-73.7693754688629,1100,I,GD ,280,MSW,90000.0,224,118,Irad Ortiz Jr.,230,3,SAR_2019-07-25_4_6,0,SAR_2019-07-25_4,3713,Shennan (IRE),2019-07-25 14:24:41.000,SAR_2019-07-25_4_3713,0.004428205339349197,63.766156886628444,0.3,2
338514,BEL,2019-10-19,9,7,112,40.7158574081827,-73.7201107652092,850,I,FM ,76,STK,200000.0,448,123,Junior Alvarado,700,4,BEL_2019-10-19_9_7,0,BEL_2019-10-19_9,3172,Munchkin Money,2019-10-19 16:48:28.000,BEL_2019-10-19_9_3172,0.004768009391378138,68.65933523584519,0.28,2
1652336,BEL,2019-10-14,8,4,307,40.7150797846301,-73.726856243224,900,I,FM ,138,STK,200000.0,511,118,Junior Alvarado,3600,6,BEL_2019-10-14_8_4,0,BEL_2019-10-14_8,2887,Argonne,2019-10-14 17:12:16.750,BEL_2019-10-14_8_2887,0.00472626412028629,68.05820333212257,0.74,3
266950,BEL,2019-05-27,8,1,334,40.7135818005506,-73.7228940984101,800,T,GD ,142,STK,125000.0,518,116,Manuel Franco,1990,5,BEL_2019-05-27_8_1,0,BEL_2019-05-27_8,1880,Rapt,2019-05-27 17:19:23.500,BEL_2019-05-27_8_1880,0.004725629827328564,68.04906951353132,0.91,4
365654,AQU,2019-03-17,7,5,81,40.6734072729133,-73.8273765730886,600,D,FT ,40,CLM,28000.0,459,115,Benjamin Hernandez,235,3,AQU_2019-03-17_7_5,0,AQU_2019-03-17_7,409,Hopper Dropper,2019-03-17 16:59:20.250,AQU_2019-03-17_7_409,0.00545999315541869,78.62390143802914,0.26,2
1622786,AQU,2019-11-08,2,8,27,40.670950005858,-73.8284346607308,600,D,FT ,40,CLM,28000.0,1249,117,Benjamin Hernandez,7200,7,AQU_2019-11-08_2_8,0,AQU_2019-11-08_2,414,All Clear,2019-11-08 12:49:06.750,AQU_2019-11-08_2_414,0.004551415928433451,65.5403893694417,0.09,1
4082759,BEL,2019-09-22,2,1,189,40.7144263879126,-73.7260200838474,600,T,FM ,126,MCL,41000.0,133,121,Benjamin Hernandez,2190,9,BEL_2019-09-22_2_1,0,BEL_2019-09-22_2,1792,Blahnik,2019-09-22 13:33:47.250,BEL_2019-09-22_2_1792,0.004980564879102912,71.72013425908193,0.68,3
3655530,SAR,2019-07-26,7,7,326,43.0719488619203,-73.771648152713,700,D,MY ,32,STR,60000.0,439,120,Kendrick Carmouche,295,4,SAR_2019-07-26_7_7,0,SAR_2019-07-26_7,4223,Righteous Ruby,2019-07-26 16:40:21.500,SAR_2019-07-26_7_4223,0.0037071424163639412,53.382850795640756,0.96,4
2333571,BEL,2019-10-25,8,8,12,40.7159609412332,-73.7190922167144,700,T,GD ,82,AOC,85000.0,514,123,Irad Ortiz Jr.,230,4,BEL_2019-10-25_8_8,0,BEL_2019-10-25_8,2878,Therapist,2019-10-25 17:14:03.000,BEL_2019-10-25_8_2878,0.004078944423199846,58.73679969407778,0.03,1
5068156,BEL,2019-05-11,10,3,132,40.7133191385981,-73.7186146348785,1100,I,FM ,101,STK,700000.0,625,116,John R. Velazquez,2525,8,BEL_2019-05-11_10_3,0,BEL_2019-05-11_10,3022,Village King (ARG),2019-05-11 18:25:33.000,BEL_2019-05-11_10_3022,0.004728921833398625,68.0964744009402,0.26,2
1571874,AQU,2019-02-21,8,3,169,40.6739698747269,-73.8271437918722,800,D,SY ,54,ALW,70000.0,440,123,Eric Cancel,570,5,AQU_2019-02-21_8_3,0,AQU_2019-02-21_8,100,Gio d'Oro,2019-02-21 16:40:42.250,AQU_2019-02-21_8_100,0.004894101009228187,70.47505453288589,0.45,2
2941639,SAR,2019-07-12,1,8,442,43.0714639109038,-73.7725795804721,900,D,FT ,86,MCL,40000.0,102,118,Javier Castellano,260,2,SAR_2019-07-12_1_8,0,SAR_2019-07-12_1,3812,Oso Negro,2019-07-12 13:03:50.500,SAR_2019-07-12_1_3812,0.0032685888408177837,47.06767930777608,0.99,4
2212006,AQU,2019-04-05,4,6,319,40.6708165217011,-73.8323340879652,650,D,FT ,36,MCL,30000.0,306,116,Heman K. Harkie,1020,5,AQU_2019-04-05_4_6,0,AQU_2019-04-05_4,108,Know Point Given,2019-04-05 15:07:19.750,AQU_2019-04-05_4_108,0.003976817357736316,57.26616995140295,0.96,4
4425908,SAR,2019-08-25,1,6,154,43.0738625181889,-73.7655975819123,600,D,FT ,48,MSW,90000.0,103,119,Luis Saez,1590,3,SAR_2019-08-25_1_6,0,SAR_2019-08-25_1,4076,Foreign Exchange,2019-08-25 13:03:38.500,SAR_2019-08-25_1_4076,0.004755061778789848,68.47288961457382,0.54,3
4850805,SAR,2019-07-13,4,6,169,43.0735563990536,-73.7674909807314,550,D,FT ,50,MSW,90000.0,247,119,Manuel Franco,145,1,SAR_2019-07-13_4_6,1,SAR_2019-07-13_4,4041,Zyramid,2019-07-13 14:47:42.250,SAR_2019-07-13_4_4041,0.005213708950555293,75.07740888799623,0.64,3
3711823,AQU,2019-03-02,4,7,170,40.6746946834836,-73.8304582317932,550,D,FT ,52,MCL,35000.0,230,122,Rajiv Maragh,1100,2,AQU_2019-03-02_4_7,0,AQU_2019-03-02_4,319,Weekend Forecast,2019-03-02 14:30:42.500,AQU_2019-03-02_4_319,0.004477265772237178,64.47262712021536,0.58,3
485288,AQU,2019-04-11,8,6,406,40.6710362345323,-73.8314206075419,900,T,FM ,54,AOC,80000.0,515,119,Junior Alvarado,500,3,AQU_2019-04-11_8_6,0,AQU_2019-04-11_8,1399,Violet Blue,2019-04-11 17:16:41.500,AQU_2019-04-11_8_1399,0.004226731284274795,60.86493049355705,0.97,4
4614117,SAR,2019-08-11,6,8,153,43.073934263614,-73.7657502961815,600,D,FT ,52,MSW,90000.0,344,119,Irad Ortiz Jr.,870,5,SAR_2019-08-11_6_8,0,SAR_2019-08-11_6,3529,Palace Avenger,2019-08-11 15:44:38.250,SAR_2019-08-11_6_3529,0.005236829379685551,75.41034306747194,0.52,3
3885675,BEL,2019-09-29,2,2,140,40.71558025129,-73.7278926481959,600,D,FT ,60,MSW,62000.0,134,121,Eric Cancel,1930,4,BEL_2019-09-29_2_2,0,BEL_2019-09-29_2,2452,Freudian Fate,2019-09-29 13:34:35.000,BEL_2019-09-29_2_2452,0.0048853115256450785,70.34848596928913,0.5,2
4050945,AQU,2019-02-10,3,5,134,40.6720733288135,-73.8280050129116,800,D,FT ,54,MCL,35000.0,157,122,Luis R. Reyes,170,3,AQU_2019-02-10_3_5,0,AQU_2019-02-10_3,916,Spectator Sport,2019-02-10 13:57:33.500,AQU_2019-02-10_3_916,0.004967060750923886,71.52567481330397,0.34,2
251242,BEL,2019-05-17,5,3,185,40.7170080153784,-73.7274679820353,800,D,FT ,52,AOC,85000.0,338,122,Dylan Davis,155,6,BEL_2019-05-17_5_3,0,BEL_2019-05-17_5,97,Its All Relevant,2019-05-17 15:38:46.250,BEL_2019-05-17_5_97,0.005020345443286995,72.29297438333272,0.5,2
1379143,BEL,2019-06-07,9,3,406,40.7141586528044,-73.7236455915678,1000,I,FM ,76,STK,600000.0,519,115,Jose L. Ortiz,1130,7,BEL_2019-06-07_9_3,0,BEL_2019-06-07_9,2933,Giant Zinger,2019-06-07 17:20:41.500,BEL_2019-06-07_9_2933,0.0049158962537957426,70.7889060546587,0.89,4
98458,BEL,2019-10-06,4,12,259,40.7148253953732,-73.7269833719027,800,T,FM ,76,AOC,70000.0,225,122,Irad Ortiz Jr.,215,1,BEL_2019-10-06_4_12,1,BEL_2019-10-06_4,3895,Startup Nation,2019-10-06 14:26:04.750,BEL_2019-10-06_4_3895,0.0049378409968319804,71.10491035438052,0.7,3
3645829,BEL,2019-05-26,9,10,183,40.7146486849762,-73.7272053210698,650,D,FT ,58,MSW,62000.0,549,118,Kendrick Carmouche,600,5,BEL_2019-05-26_9_10,0,BEL_2019-05-26_9,1413,Bears Mafia,2019-05-26 17:49:45.750,BEL_2019-05-26_9_1413,0.004841744751533334,69.72112442208001,0.6,3
3796998,SAR,2019-07-14,8,6,107,43.069960942683,-73.771788977035,850,I,FM ,28,AOC,92000.0,516,122,Dylan Davis,840,9,SAR_2019-07-14_8_6,0,SAR_2019-07-14_8,1014,Xanthique,2019-07-14 17:16:26.750,SAR_2019-07-14_8_1014,0.004867309952223628,70.08926331202025,0.27,2
257853,SAR,2019-07-27,5,2,275,43.0733533532253,-73.7654845205265,850,I,GD ,28,AOC,95000.0,320,122,Irad Ortiz Jr.,300,2,SAR_2019-07-27_5_2,0,SAR_2019-07-27_5,1890,Frontier Market,2019-07-27 15:21:08.750,SAR_2019-07-27_5_1890,0.004501887844826416,64.8271849655004,0.7,3
784261,BEL,2019-05-04,7,6,330,40.7138268257662,-73.7246840977987,850,D,SY ,44,CLM,50000.0,312,126,Hector Rafael Diaz Jr.,430,5,BEL_2019-05-04_7_6,0,BEL_2019-05-04_7,91,Shamcat,2019-05-04 15:13:22.500,BEL_2019-05-04_7_91,0.0041774106090130235,60.15471276978754,0.81,4
1406342,SAR,2019-07-27,12,2,339,43.0720123718671,-73.770041567151,800,I,FM ,36,CLM,48000.0,723,125,Rajiv Maragh,4375,4,SAR_2019-07-27_12_2,0,SAR_2019-07-27_12,236,Scrutinize,2019-07-27 19:24:24.750,SAR_2019-07-27_12_236,0.004556685378913758,65.61626945635813,0.91,4
2226715,AQU,2019-01-18,1,2,142,40.6755472171455,-73.8283110931359,600,D,FT ,48,STR,55000.0,1251,124,Junior Alvarado,420,4,AQU_2019-01-18_1_2,0,AQU_2019-01-18_1,443,My Victoria Rose,2019-01-18 12:51:35.500,AQU_2019-01-18_1_443,0.004760488552468186,68.55103515554188,0.47,2
3161984,AQU,2019-11-11,10,9,247,40.6718990002083,-73.8313999673047,600,O,FM ,56,MCL,41000.0,421,122,Javier Castellano,390,2,AQU_2019-11-11_10_9,0,AQU_2019-11-11_10,733,Sandra's Mine,2019-11-11 16:22:01.750,AQU_2019-11-11_10_733,0.004771723369266205,68.71281651743335,0.85,4
3093886,BEL,2019-05-04,8,5,147,40.7152415955937,-73.7277313006914,600,D,SY ,48,MSW,62000.0,349,118,Reylu Gutierrez,1230,1,BEL_2019-05-04_8_5,1,BEL_2019-05-04_8,2736,Hot Diggitty,2019-05-04 15:49:36.750,BEL_2019-05-04_8_2736,0.004938427963882203,71.11336267990372,0.39,2
1137974,BEL,2019-07-07,7,1,52,40.7163922122698,-73.7211377845691,700,T,FM ,90,AOC,70000.0,347,121,Irad Ortiz Jr.,1370,4,BEL_2019-07-07_7_1,0,BEL_2019-07-07_7,1498,We Should Talk,2019-07-07 15:47:13.000,BEL_2019-07-07_7_1498,0.005099413492234877,73.43155428818223,0.16,1
4955927,AQU,2019-11-11,8,9,232,40.6736643124877,-73.8272512363613,900,D,FT ,74,MSW,70000.0,322,114,Declan Carroll,8525,10,AQU_2019-11-11_8_9,0,AQU_2019-11-11_8,2035,Afleet Brody,2019-11-11 15:22:58.000,AQU_2019-11-11_8_2035,0.0045444582028500765,65.4401981210411,0.47,2
5043662,AQU,2019-11-09,6,3,171,40.6722334163559,-73.8283740383384,850,O,FM ,35,AOC,80000.0,223,125,Jose Lezcano,2625,1,AQU_2019-11-09_6_3,1,AQU_2019-11-09_6,1876,Devamani (FR),2019-11-09 14:23:42.750,AQU_2019-11-09_6_1876,0.004635716453417132,66.7543169292067,0.44,2
797477,AQU,2019-12-30,5,7,101,40.6732975976034,-73.8273549181352,650,D,SY ,52,CLM,46000.0,230,122,Dylan Davis,1300,6,AQU_2019-12-30_5_7,0,AQU_2019-12-30_5,1495,Psychic Energy,2019-12-30 14:30:25.250,AQU_2019-12-30_5_1495,0.005239545269461717,75.44945188024872,0.31,2
474570,SAR,2019-08-15,7,4,207,43.0725108373695,-73.7694004373964,550,T,FM ,90,ALW,80000.0,414,123,Luis Saez,3925,3,SAR_2019-08-15_7_4,0,SAR_2019-08-15_7,306,My First Gal,2019-08-15 16:14:51.750,SAR_2019-08-15_7_306,0.005033970907395679,72.48918106649778,0.74,3
602066,AQU,2019-03-29,3,6,377,40.6714502239204,-73.8320336852552,800,D,FT ,54,MCL,33000.0,240,121,Samuel Jimenez,910,4,AQU_2019-03-29_3_6,0,AQU_2019-03-29_3,934,Clonedsimmard,2019-03-29 14:41:34.250,AQU_2019-03-29_3_934,0.003566196950814048,51.35323609172229,0.93,4
5151602,BEL,2019-06-27,6,1,10,40.7133707849569,-73.7209803555484,900,I,FM ,234,AOC,82000.0,542,126,Joel Rosario,580,5,BEL_2019-06-27_6_1,0,BEL_2019-06-27_6,3494,Zarmella (FR),2019-06-27 17:42:02.500,BEL_2019-06-27_6_3494,0.003544106341287449,51.035131314539264,0.02,1
2007937,BEL,2019-09-25,3,5,164,40.7155258904615,-73.7278650390694,650,D,FT ,36,CLM,39000.0,205,121,Luis Saez,310,7,BEL_2019-09-25_3_5,0,BEL_2019-09-25_3,1274,Ragtime Suzy,2019-09-25 14:05:41.000,BEL_2019-09-25_3_1274,0.004784746031154391,68.90034284862323,0.53,3
5187189,SAR,2019-07-28,7,4,366,43.0716681325109,-73.7710552506376,800,I,FM ,84,MSW,90000.0,423,118,Irad Ortiz Jr.,345,4,SAR_2019-07-28_7_4,0,SAR_2019-07-28_7,3239,Queen Medb (IRE),2019-07-28 16:24:31.500,SAR_2019-07-28_7_3239,0.004612379210159369,66.41826062629491,0.95,4
561437,BEL,2019-06-14,9,10,249,40.7163744633755,-73.727611201745,850,T,GD ,54,ALW,66000.0,553,126,Joel Rosario,650,4,BEL_2019-06-14_9_10,0,BEL_2019-06-14_9,1445,Lady Love,2019-06-14 17:54:02.250,BEL_2019-06-14_9_1445,0.0047946276639118275,69.04263836033032,0.62,3
2101977,AQU,2019-04-14,9,3,372,40.6719911075906,-73.8309969583786,850,T,GD ,76,MCL,41000.0,543,119,Benjamin Hernandez,6975,7,AQU_2019-04-14_9_3,0,AQU_2019-04-14_9,902,Blessed Honour,2019-04-14 17:44:33.000,AQU_2019-04-14_9_902,0.004399807438536422,63.35722711492448,0.9,4
2045298,SAR,2019-08-08,3,1,302,43.0729173377564,-73.767712832031,850,I,FM ,20,CLM,55000.0,211,126,Jose Lezcano,170,2,SAR_2019-08-08_3_1,0,SAR_2019-08-08_3,1337,Rhode Island,2019-08-08 14:12:15.500,SAR_2019-08-08_3_1337,0.005045166742096963,72.65040108619627,0.79,4
3915540,AQU,2019-01-19,1,4,204,40.6739121198293,-73.83083560018,600,D,FT ,36,MSW,68000.0,1229,122,Rajiv Maragh,225,3,AQU_2019-01-19_1_4,0,AQU_2019-01-19_1,493,Enjoyitwhilewecan,2019-01-19 12:29:51.000,AQU_2019-01-19_1_493,0.0047515850644221005,68.42282492767825,0.69,3
4168029,AQU,2019-12-12,6,11,133,40.6740213608323,-73.8270919606547,700,D,GD ,48,ALW,64000.0,302,120,Dylan Davis,850,4,AQU_2019-12-12_6_11,0,AQU_2019-12-12_6,1607,Love and Love,2019-12-12 15:02:33.250,AQU_2019-12-12_6_1607,0.005032276996840846,72.46478875450818,0.35,2
4463995,AQU,2019-12-31,3,6,242,40.6744509613156,-73.8270966494271,900,D,SY ,82,MSW,68000.0,132,119,Jose Lezcano,35,1,AQU_2019-12-31_3_6,1,AQU_2019-12-31_3,2027,Portos,2019-12-31 13:33:00.500,AQU_2019-12-31_3_2027,0.004681724321525942,67.41683022997357,0.53,3
3566823,BEL,2019-05-19,2,4,284,40.7151126311044,-73.7269439932833,850,I,FM ,70,MSW,80000.0,202,118,Rajiv Maragh,3350,5,BEL_2019-05-19_2_4,0,BEL_2019-05-19_2,3080,Geography,2019-05-19 14:03:11.000,BEL_2019-05-19_2_3080,0.004986512023363707,71.80577313643738,0.71,3
3557658,SAR,2019-08-18,10,3,194,43.0708298299111,-73.7667711046606,900,D,FT ,80,CLM,48000.0,608,113,Benjamin Hernandez,1060,3,SAR_2019-08-18_10_3,0,SAR_2019-08-18_10,2228,Incredible Miss,2019-08-18 18:08:48.500,SAR_2019-08-18_10_2228,0.004706751513860804,67.77722179959558,0.45,2
5104913,BEL,2019-10-05,5,2,236,40.7136642086739,-73.7229408885179,600,T,GD ,70,STK,150000.0,232,124,Manuel Franco,860,4,BEL_2019-10-05_5_2,0,BEL_2019-10-05_5,1894,Gidu (IRE),2019-10-05 14:32:59.000,BEL_2019-10-05_5_1894,0.004678590440626437,67.3717023450207,0.87,4
1780259,SAR,2019-08-24,9,2,249,43.0725001833176,-73.7643085823384,900,D,FT ,78,STK,700000.0,414,118,Luis Saez,3750,5,SAR_2019-08-24_9_2,0,SAR_2019-08-24_9,4563,Coach Rocks,2019-08-24 16:15:02.250,SAR_2019-08-24_9_4563,0.005126459590703061,73.82101810612407,0.6,3
499702,AQU,2019-01-26,8,5,349,40.6735570954623,-73.8310114179307,900,D,FT ,92,STK,100000.0,351,124,Junior Alvarado,395,1,AQU_2019-01-26_8_5,1,AQU_2019-01-26_8,681,Mr. Buff,2019-01-26 15:52:27.250,AQU_2019-01-26_8_681,0.004521946569759455,65.11603060453615,0.81,4
1434929,AQU,2019-03-23,2,4,3,40.6685260831862,-73.8295673870708,700,D,FT ,44,CLM,28000.0,203,122,Dylan Davis,630,2,AQU_2019-03-23_2_4,0,AQU_2019-03-23_2,209,Third Card Down,2019-03-23 14:03:00.750,AQU_2019-03-23_2_209,0.0004513403166108788,6.499300559196654,0.01,1
3615910,AQU,2019-12-12,6,6,65,40.6710131974102,-73.8284637887542,700,D,GD ,48,ALW,64000.0,302,120,Reylu Gutierrez,800,3,AQU_2019-12-12_6_6,0,AQU_2019-12-12_6,1616,Fight On Lucy,2019-12-12 15:02:16.250,AQU_2019-12-12_6_1616,0.005257687047788992,75.71069348816148,0.17,1
1712519,BEL,2019-10-20,7,1,63,40.7158997821582,-73.7191851412148,800,T,FM ,178,CLM,55000.0,341,122,Luis Saez,510,7,BEL_2019-10-20_7_1,0,BEL_2019-10-20_7,3399,Morrison,2019-10-20 15:41:15.750,BEL_2019-10-20_7_3399,0.004983569875550047,71.76340620792067,0.16,1
2262466,BEL,2019-05-24,4,5,55,40.7152109057404,-73.7178382290573,850,T,FM ,130,CLM,42000.0,308,126,Dylan Davis,1140,3,BEL_2019-05-24_4_5,0,BEL_2019-05-24_4,858,Bad Guy,2019-05-24 15:08:13.750,BEL_2019-05-24_4_858,0.00495896690611628,71.40912344807442,0.13,1
2411384,BEL,2019-05-11,4,5,144,40.7171845012846,-73.7230841283352,900,D,FT ,20,STK,300000.0,308,116,Irad Ortiz Jr.,255,4,BEL_2019-05-11_4_5,0,BEL_2019-05-11_4,1326,Final Jeopardy,2019-05-11 15:08:36.000,BEL_2019-05-11_4_1326,0.005110992796698228,73.59829627245449,0.36,2
1250252,AQU,2019-03-30,7,3,289,40.6716669985083,-73.8319060175107,650,D,FT ,30,SST,75000.0,450,124,Dylan Davis,590,5,AQU_2019-03-30_7_3,0,AQU_2019-03-30_7,1253,Lady by Choice,2019-03-30 16:51:12.250,AQU_2019-03-30_7_1253,0.0036433344043310567,52.46401542236722,0.93,4
579644,AQU,2019-01-05,2,2,68,40.6691726649782,-73.8293295950194,800,D,SY ,54,STR,55000.0,1256,120,Dyn Panell,2925,3,AQU_2019-01-05_2_2,0,AQU_2019-01-05_2,121,Unpredictable,2019-01-05 12:56:17.000,AQU_2019-01-05_2_121,0.004760902253731486,68.5569924537334,0.17,1
3478691,AQU,2019-03-31,8,9,58,40.668857531689,-73.8294202077704,800,D,GD ,54,STK,100000.0,533,118,Jose Lezcano,840,2,AQU_2019-03-31_8_9,0,AQU_2019-03-31_8,279,Wadadli Princess,2019-03-31 17:33:14.500,AQU_2019-03-31_8_279,0.004981983924838868,71.7405685176797,0.14,1
1718324,AQU,2019-01-05,7,2,50,40.6721551426789,-73.827952382384,600,D,SY ,48,ALW,70000.0,327,121,Christopher P. DeCarlo,750,4,AQU_2019-01-05_7_2,0,AQU_2019-01-05_7,157,Bon Raison,2019-01-05 15:27:12.500,AQU_2019-01-05_7_157,0.005332481852526602,76.78773867638307,0.16,1
2246483,BEL,2019-09-22,10,4,129,40.7169086491851,-73.723178282026,800,T,FM ,142,ALW,66000.0,546,121,Irad Ortiz Jr.,1200,6,BEL_2019-09-22_10_4,0,BEL_2019-09-22_10,1551,Uncle Curly,2019-09-22 17:46:32.250,BEL_2019-09-22_10_1551,0.004981578145716091,71.7347252983117,0.34,2
442664,BEL,2019-06-14,2,3,116,40.7172074932835,-73.7244129173018,700,T,GD ,118,AOC,70000.0,202,121,Dylan Davis,1400,3,BEL_2019-06-14_2_3,0,BEL_2019-06-14_2,1311,Cloontia,2019-06-14 14:02:29.000,BEL_2019-06-14_2_1311,0.004628647621742418,66.65252575309081,0.35,2
3938406,AQU,2019-03-02,1,5,203,40.6749025473201,-73.8303309607212,650,D,GD ,38,MCL,35000.0,1251,122,Rajiv Maragh,170,5,AQU_2019-03-02_1_5,0,AQU_2019-03-02_1,1088,Flat Rate,2019-03-02 12:51:50.750,AQU_2019-03-02_1_1088,0.004516013545220323,65.03059505117265,0.62,3
2733489,BEL,2019-09-11,6,6,131,40.7172617608405,-73.7232637532267,850,D,FT ,44,AOC,70000.0,540,120,Javier Castellano,930,3,BEL_2019-09-11_6_6,0,BEL_2019-09-11_6,650,Maiden Beauty,2019-09-11 17:40:32.750,BEL_2019-09-11_6_650,0.005048462431488216,72.6978590134303,0.31,2
4782232,SAR,2019-08-14,6,8,322,43.0726681935363,-73.768466560352,850,I,FM ,20,MSW,78000.0,332,119,Joel Rosario,1550,7,SAR_2019-08-14_6_8,0,SAR_2019-08-14_6,4279,Sister Beauty,2019-08-14 15:33:20.500,SAR_2019-08-14_6_4279,0.004744075247601916,68.31468356546759,0.82,4
1631908,AQU,2019-03-10,9,4,389,40.6726886255836,-73.8314294702019,900,D,SY ,82,CLM,28000.0,551,113,Benjamin Hernandez,900,3,AQU_2019-03-10_9_4,0,AQU_2019-03-10_9,438,Bigsouljoel,2019-03-10 17:52:37.250,AQU_2019-03-10_9_438,0.004264116384380985,61.40327593508618,0.86,4
3225610,SAR,2019-08-23,10,10,227,43.0715400042116,-73.7649902965182,900,D,FT ,80,STK,250000.0,552,118,Kendrick Carmouche,2600,7,SAR_2019-08-23_10_10,0,SAR_2019-08-23_10,428,Kazmania,2019-08-23 17:52:56.750,SAR_2019-08-23_10_428,0.005153456472337155,74.20977320165504,0.52,3
2836896,AQU,2019-04-05,1,2,152,40.6727065196466,-73.8277117969592,800,D,FT ,54,SOC,60000.0,130,122,Irad Ortiz Jr.,200,2,AQU_2019-04-05_1_2,0,AQU_2019-04-05_1,52,Direct Order,2019-04-05 13:30:38.000,AQU_2019-04-05_1_52,0.004951261568700897,71.29816658929292,0.39,2
5192194,BEL,2019-10-20,9,9,144,40.7163280419157,-73.7219677414718,850,I,FM ,78,STK,200000.0,441,122,John R. Velazquez,720,1,BEL_2019-10-20_9_9,1,BEL_2019-10-20_9,3473,Xenobia (IRE),2019-10-20 16:41:36.000,BEL_2019-10-20_9_3473,0.004885796005665794,70.35546248158742,0.36,2
1541291,AQU,2019-04-11,9,12,259,40.6713498994116,-73.8317087704323,600,O,FM ,47,MCL,41000.0,549,125,Michael J. Luzzi,4150,7,AQU_2019-04-11_9_12,0,AQU_2019-04-11_9,109,Frosty Linz,2019-04-11 17:50:04.750,AQU_2019-04-11_9_109,0.0044053803370652555,63.43747685373968,0.92,4
2400051,SAR,2019-08-28,4,4,107,43.0722433335003,-73.764386780191,600,D,FT ,50,MSW,90000.0,236,119,Javier Castellano,60,1,SAR_2019-08-28_4_4,1,SAR_2019-08-28_4,4587,Indian Pride,2019-08-28 14:36:26.750,SAR_2019-08-28_4_4587,0.005035890906316731,72.51682905096092,0.35,2
643201,AQU,2019-02-01,4,1,28,40.6711658263847,-73.8284085804631,600,D,FT ,40,AOC,75000.0,223,121,Samuel Camacho Jr.,3650,6,AQU_2019-02-01_4_1,0,AQU_2019-02-01_4,751,Tanya's Gem,2019-02-01 14:23:07.000,AQU_2019-02-01_4_751,0.005151062015982994,74.17529303015512,0.09,1
27623,AQU,2019-11-16,1,3,380,40.671132515813,-73.8321528982646,800,D,FT ,54,CLM,28000.0,1200,123,Dylan Davis,1420,1,AQU_2019-11-16_1_3,1,AQU_2019-11-16_1,352,Too Fast to Pass,2019-11-16 12:01:35.000,AQU_2019-11-16_1_352,0.0034171391003234076,49.20680304465707,0.93,4
1110115,AQU,2019-03-22,7,2,181,40.6749396599914,-73.8303167466213,600,D,SY ,45,CLM,36000.0,452,120,Carlos J. Hernandez,600,3,AQU_2019-03-22_7_2,0,AQU_2019-03-22_7,300,Quest for Fire,2019-03-22 16:52:45.250,AQU_2019-03-22_7_300,0.004583584567435991,66.00361777107828,0.6,3
2790170,SAR,2019-09-01,2,1,144,43.0718172215881,-73.7646675728252,700,D,FT ,32,MCL,44000.0,104,120,Eric Cancel,1130,3,SAR_2019-09-01_2_1,0,SAR_2019-09-01_2,3911,Will Take Over,2019-09-01 13:04:36.000,SAR_2019-09-01_2_3911,0.005006115818361646,72.0880677844077,0.41,2
397072,AQU,2019-03-30,1,5,176,40.6754393833067,-73.8279990563743,700,D,FT ,44,SST,45000.0,130,118,Carlos J. Hernandez,3300,5,AQU_2019-03-30_1_5,0,AQU_2019-03-30_1,1244,Ola Gatita,2019-03-30 13:30:44.000,AQU_2019-03-30_1_1244,0.0046502895826222015,66.9641699897597,0.5,2
258419,SAR,2019-08-24,1,1,139,43.0702202519651,-73.7696325951251,800,I,FM ,34,AOC,95000.0,1136,122,Irad Ortiz Jr.,65,1,SAR_2019-08-24_1_1,1,SAR_2019-08-24_1,1890,Frontier Market,2019-08-24 11:36:34.750,SAR_2019-08-24_1_1890,0.004721161254156644,67.98472205985568,0.37,2
3702720,AQU,2019-03-31,6,7,143,40.6755486970442,-73.8282918097184,600,D,GD ,45,MCL,46000.0,429,121,Michael J. Luzzi,490,9,AQU_2019-03-31_6_7,0,AQU_2019-03-31_6,1273,Bustin Shout,2019-03-31 16:29:35.750,AQU_2019-03-31_6_1273,0.004397917538273279,63.33001255113521,0.42,2
380631,BEL,2019-05-04,6,5,11,40.7166844521739,-73.7209975090661,650,D,SY ,46,AOC,85000.0,240,121,Eric Cancel,890,2,BEL_2019-05-04_6_5,0,BEL_2019-05-04_6,686,No Distortion,2019-05-04 14:40:02.750,BEL_2019-05-04_6_686,0.0039626919697125385,57.06276436386055,0.03,1
4405127,AQU,2019-11-30,1,6,125,40.6749497713799,-73.8275599321978,600,O,GD ,52,MSW,70000.0,1151,119,Kendrick Carmouche,2575,9,AQU_2019-11-30_1_6,0,AQU_2019-11-30_1,2537,Honor Belle,2019-11-30 11:51:31.250,AQU_2019-11-30_1_2537,0.004815181827831601,69.33861832077505,0.44,2
4534301,AQU,2019-12-07,1,10,70,40.6693516083659,-73.8291666821604,800,D,FT ,54,MSW,70000.0,1130,119,John R. Velazquez,1670,9,AQU_2019-12-07_1_10,0,AQU_2019-12-07_1,2267,Croi Mor,2019-12-07 11:30:17.500,AQU_2019-12-07_1_2267,0.005348076951112699,77.01230809602286,0.17,1
4670044,AQU,2019-12-29,5,9,189,40.6744120514414,-73.8270744318649,800,D,FT ,54,MSW,60000.0,229,119,Eric Cancel,100,1,AQU_2019-12-29_5_9,1,AQU_2019-12-29_5,2161,Hellbender,2019-12-29 14:29:47.250,AQU_2019-12-29_5_2161,0.0047098711421853685,67.82214444746931,0.46,2
3615362,BEL,2019-05-30,7,5,232,40.7163957310075,-73.7278495346901,850,D,SY ,44,MSW,80000.0,612,118,Jose Lezcano,1590,7,BEL_2019-05-30_7_5,0,BEL_2019-05-30_7,2917,Triumphant,2019-05-30 18:12:58.000,BEL_2019-05-30_7_2917,0.004030245185278621,58.035530668012136,0.52,3
2822563,BEL,2019-10-18,6,10,81,40.716927669395,-73.7230824017694,700,T,GD ,90,ALW,66000.0,409,118,Michael J. Luzzi,5675,12,BEL_2019-10-18_6_10,0,BEL_2019-10-18_6,1948,Alphastest,2019-10-18 16:09:20.250,BEL_2019-10-18_6_1948,0.005327005047930243,76.7088726901955,0.24,1
1640313,AQU,2019-04-18,4,6,398,40.6708537557327,-73.8322560550859,800,D,FT ,54,CLM,38000.0,306,124,Dylan Davis,1030,5,AQU_2019-04-18_4_6,0,AQU_2019-04-18_4,253,Party in the Sand,2019-04-18 15:07:39.500,AQU_2019-04-18_4_253,0.0026747362304130615,38.516201717948086,0.99,4
3838292,AQU,2019-04-12,4,11,240,40.6722246960444,-73.8313279467424,600,O,FM ,48,MCL,41000.0,305,119,Rajiv Maragh,8575,10,AQU_2019-04-12_4_11,0,AQU_2019-04-12_4,885,Ravenbro,2019-04-12 15:06:00.000,AQU_2019-04-12_4_885,0.004261005099499446,61.358473432792024,0.86,4
4409567,SAR,2019-07-18,5,4,213,43.0727814055177,-73.769543373579,550,D,FT ,45,MSW,78000.0,329,119,John R. Velazquez,610,6,SAR_2019-07-18_5_4,0,SAR_2019-07-18_5,4115,Barleewon,2019-07-18 15:29:53.250,SAR_2019-07-18_5_4115,0.004778461070292367,68.80983941221008,0.81,4
3926330,AQU,2019-11-09,4,9,220,40.6741105354274,-73.8307551666089,650,D,FT ,72,CLM,28000.0,125,120,Irad Ortiz Jr.,260,1,AQU_2019-11-09_4_9,1,AQU_2019-11-09_4,990,Freudian Sip,2019-11-09 13:25:55.000,AQU_2019-11-09_4_990,0.004668383783807772,67.22472648683191,0.68,3
124131,BEL,2019-05-18,8,8,137,40.7173283402272,-73.7271202726449,700,D,FT ,48,CLM,50000.0,341,125,Manuel Franco,125,4,BEL_2019-05-18_8_8,0,BEL_2019-05-18_8,104,Papa Shot,2019-05-18 15:41:34.250,BEL_2019-05-18_8_104,0.005035995936538388,72.51834148615279,0.42,2
3039921,BEL,2019-06-08,3,1,215,40.7170593211649,-73.7274275225102,850,D,FT ,44,STK,150000.0,1247,116,Rajiv Maragh,1600,2,BEL_2019-06-08_3_1,0,BEL_2019-06-08_3,3295,Still Dreaming,2019-06-08 12:47:53.750,BEL_2019-06-08_3_3295,0.004902554050422441,70.59677832608315,0.55,3
198865,AQU,2019-03-08,6,9,191,40.6745381293873,-73.8271342857538,800,D,FT ,54,CLM,28000.0,338,122,Kirk Johnson,4650,6,AQU_2019-03-08_6_9,0,AQU_2019-03-08_6,1123,Cape Ann,2019-03-08 15:38:47.750,AQU_2019-03-08_6_1123,0.004476427928581067,64.46056217156736,0.65,3
2050376,BEL,2019-05-04,11,7,127,40.7174512989556,-73.7240274035113,800,D,SY ,52,STK,200000.0,540,117,Michael J. Luzzi,830,1,BEL_2019-05-04_11_7,1,BEL_2019-05-04_11,1021,Nicodemus,2019-05-04 17:40:31.750,BEL_2019-05-04_11_1021,0.00517442858878269,74.51177167847074,0.34,2
4428157,AQU,2019-11-15,3,5,109,40.6713218525573,-73.8283345047291,800,D,FT ,54,MSW,70000.0,1256,119,John R. Velazquez,1540,2,AQU_2019-11-15_3_5,0,AQU_2019-11-15_3,2104,Indawin,2019-11-15 12:56:27.250,AQU_2019-11-15_3_2104,0.005263207586362303,75.79018924361716,0.28,2
4443297,SAR,2019-08-04,4,9,257,43.072946156049,-73.7647230844556,850,T,FM ,102,MSW,90000.0,246,119,Manuel Franco,2150,9,SAR_2019-08-04_4_9,0,SAR_2019-08-04_4,4361,Osaka Girl,2019-08-04 14:47:04.250,SAR_2019-08-04_4_4361,0.004587267769892906,66.05665588645785,0.64,3
2215464,BEL,2019-06-02,10,5,17,40.7132723595426,-73.7208569038131,900,I,FM ,218,MSW,62000.0,613,125,Javier Castellano,1050,3,BEL_2019-06-02_10_5,0,BEL_2019-06-02_10,2471,Jimmy Jazz,2019-06-02 18:13:04.250,BEL_2019-06-02_10_2471,0.004120426998104905,59.334148772710634,0.04,1
373676,AQU,2019-03-16,6,6,258,40.6739168704197,-73.8308607494991,700,D,FT ,44,CLM,28000.0,433,120,Reylu Gutierrez,1070,5,AQU_2019-03-16_6_6,0,AQU_2019-03-16_6,806,Altesino,2019-03-16 16:34:04.500,AQU_2019-03-16_6_806,0.004496953044627393,64.75612384263445,0.74,3
2524955,BEL,2019-09-12,2,3,373,40.7130226320693,-73.7217717254649,800,D,FT ,78,MSW,75000.0,333,120,Manuel Franco,1620,5,BEL_2019-09-12_2_3,0,BEL_2019-09-12_2,1939,Hail Michigan,2019-09-12 15:34:33.250,BEL_2019-09-12_2_1939,0.0036685054262712417,52.82647813830588,0.99,4
3208973,AQU,2019-02-28,5,2,338,40.6731716488741,-73.8312360096681,800,D,FT ,54,MCL,46000.0,301,118,Reylu Gutierrez,420,6,AQU_2019-02-28_5_2,0,AQU_2019-02-28_5,1071,Coolboy,2019-02-28 15:02:24.500,AQU_2019-02-28_5_1071,0.00398669669102772,57.40843235079917,0.83,4
68038,AQU,2019-03-10,4,2,76,40.6697401167361,-73.8290675955849,800,D,SY ,54,CLM,32000.0,306,123,Rajiv Maragh,230,2,AQU_2019-03-10_4_2,0,AQU_2019-03-10_4,606,Arewehavingfunyet,2019-03-10 15:06:19.000,AQU_2019-03-10_4_606,0.00506494979647979,72.93527706930898,0.18,1
1723165,AQU,2019-03-09,6,3,242,40.6734527685304,-73.8310565759025,650,D,FT ,32,CLM,28000.0,307,116,Reylu Gutierrez,680,7,AQU_2019-03-09_6_3,0,AQU_2019-03-09_6,718,Viradia,2019-03-09 15:08:00.500,AQU_2019-03-09_6_718,0.004214962022703623,60.69545312693217,0.75,3
3823400,SAR,2019-08-15,9,5,260,43.0733670429095,-73.7654361723207,800,I,FM ,83,MSW,78000.0,519,118,Manuel Franco,570,6,SAR_2019-08-15_9_5,0,SAR_2019-08-15_9,3659,Marquet Legacy,2019-08-15 17:20:05.000,SAR_2019-08-15_9_3659,0.004799092836144734,69.10693684048417,0.69,3
2354450,AQU,2019-03-09,9,1,92,40.6705027324234,-73.828740027747,800,D,FT ,54,STK,150000.0,440,122,Junior Alvarado,1940,7,AQU_2019-03-09_9_1,0,AQU_2019-03-09_9,1138,Curlin's Honor,2019-03-09 16:40:23.000,AQU_2019-03-09_9_1138,0.005252206268035502,75.63177025971123,0.25,2
4163732,BEL,2019-10-11,5,3,88,40.7145462702596,-73.7178991072704,900,I,GD ,135,CLM,45000.0,337,118,Rajiv Maragh,1090,5,BEL_2019-10-11_5_3,0,BEL_2019-10-11_5,2010,Willing to Speed,2019-10-11 15:37:22.000,BEL_2019-10-11_5_2010,0.004666743290341229,67.2011033809137,0.2,1
3554992,BEL,2019-06-23,5,4,163,40.716905203282,-73.7272815322068,700,T,FM ,63,STK,150000.0,340,118,Joel Rosario,630,7,BEL_2019-06-23_5_4,0,BEL_2019-06-23_5,2623,Sweet Meadow Mist,2019-06-23 15:40:40.750,BEL_2019-06-23_5_2623,0.005112585098769089,73.62122542227488,0.51,3
2248149,AQU,2019-11-09,6,8,335,40.6726553508819,-73.831028083937,850,O,FM ,35,AOC,80000.0,223,123,Luis Saez,850,2,AQU_2019-11-09_6_8,0,AQU_2019-11-09_6,1155,Dream Friend,2019-11-09 14:24:23.750,AQU_2019-11-09_6_1155,0.0053198745035846935,76.60619285161958,0.86,4
4736324,BEL,2019-09-14,6,6,226,40.7139875438553,-73.7253540224497,650,D,FT ,48,MSW,75000.0,341,119,Eric Cancel,1310,7,BEL_2019-09-14_6_6,0,BEL_2019-09-14_6,3689,Gray Haze,2019-09-14 15:41:56.500,BEL_2019-09-14_6_3689,0.0043335641224040225,62.403323362617925,0.73,3
3268587,BEL,2019-05-11,8,1,18,40.7137267565796,-73.7174743556283,850,T,FM ,175,MSW,80000.0,522,118,Kendrick Carmouche,4725,8,BEL_2019-05-11_8_1,0,BEL_2019-05-11_8,3012,Elite Mom,2019-05-11 17:22:04.500,BEL_2019-05-11_8_3012,0.004298234364745991,61.89457485234227,0.04,1
4407362,BEL,2019-09-14,7,4,223,40.7165300100062,-73.727555029063,800,T,FM ,108,MSW,75000.0,412,119,Luis R. Reyes,9925,11,BEL_2019-09-14_7_4,0,BEL_2019-09-14_7,3697,Revelment,2019-09-14 16:12:55.750,BEL_2019-09-14_7_3697,0.004791897223027685,69.00332001159866,0.58,3
4772340,AQU,2019-11-27,1,3,355,40.6721401147477,-73.8316850404378,800,D,FT ,54,MCL,41000.0,1220,119,Reylu Gutierrez,610,5,AQU_2019-11-27_1_3,0,AQU_2019-11-27_1,1788,Hostile Witness,2019-11-27 12:21:28.750,AQU_2019-11-27_1_1788,0.003829531917572016,55.14525961303703,0.86,4
114648,AQU,2019-11-03,7,2,256,40.6753265342398,-73.8299114647347,800,D,FT ,54,AOC,80000.0,253,124,Hector Rafael Diaz Jr.,2975,8,AQU_2019-11-03_7_2,0,AQU_2019-11-03_7,1715,Guns of Steel,2019-11-03 14:54:04.000,AQU_2019-11-03_7_1715,0.004092794590164517,58.93624209836905,0.65,3
1819611,SAR,2019-08-03,9,5,173,43.0703764543745,-73.7678305955148,900,D,FT ,77,STK,1000000.0,546,124,John R. Velazquez,460,3,SAR_2019-08-03_9_5,0,SAR_2019-08-03_9,1136,Vino Rosso,2019-08-03 17:46:43.250,SAR_2019-08-03_9_1136,0.005006303302152628,72.09076755099784,0.41,2
3927010,BEL,2019-06-29,3,5,283,40.7138493184479,-73.7237068270436,700,T,FM ,102,MSW,62000.0,234,118,Michael J. Luzzi,5575,7,BEL_2019-06-29_3_5,0,BEL_2019-06-29_3,990,Freudian Sip,2019-06-29 14:35:10.750,BEL_2019-06-29_3_990,0.00424497334709394,61.127616198152744,0.85,4
619293,AQU,2019-02-17,2,1,352,40.6715372438312,-73.8319252310877,800,D,FT ,54,CLM,37000.0,125,120,Eric Cancel,690,4,AQU_2019-02-17_2_1,0,AQU_2019-02-17_2,178,Dooley,2019-02-17 13:26:28.000,AQU_2019-02-17_2_178,0.004209944668545372,60.62320322705336,0.94,4
999819,BEL,2019-06-15,9,4,142,40.7153418490191,-73.7277790872386,600,D,FT ,54,STK,100000.0,551,119,Junior Alvarado,295,5,BEL_2019-06-15_9_4,0,BEL_2019-06-15_9,891,Leah's Dream,2019-06-15 17:51:35.500,BEL_2019-06-15_9_891,0.004804404384705817,69.18342313976376,0.52,3
1870818,SAR,2019-08-02,8,8,381,43.0726603108414,-73.7698608295949,900,D,FT ,74,STK,100000.0,515,122,Junior Alvarado,530,9,SAR_2019-08-02_8_8,0,SAR_2019-08-02_8,1561,Candygram,2019-08-02 17:16:35.250,SAR_2019-08-02_8_1561,0.0037356738642080503,53.79370364459592,0.89,4
5141092,BEL,2019-05-17,8,2,247,40.7143136590497,-73.7256331798146,700,T,GD ,120,AOC,82000.0,512,122,Luis R. Reyes,1250,2,BEL_2019-05-17_8_2,0,BEL_2019-05-17_8,3060,Neverland Rock (GB),2019-05-17 17:13:01.750,BEL_2019-05-17_8_3060,0.004681046489392394,67.40706944725048,0.73,3
2709525,AQU,2019-03-01,3,4,304,40.670909088236,-73.8322278919411,600,D,FT ,45,MCL,35000.0,200,120,Harry Hernandez,510,4,AQU_2019-03-01_3_4,0,AQU_2019-03-01_3,153,Pour It Out,2019-03-01 14:01:16.000,AQU_2019-03-01_3_153,0.003165718751151637,45.58635001658357,1.0,4
3766264,AQU,2019-04-11,5,4,87,40.670379886395,-73.8287441961884,800,D,FT ,54,AOC,66000.0,339,120,Dylan Davis,225,2,AQU_2019-04-11_5_4,0,AQU_2019-04-11_5,429,Tiergan,2019-04-11 15:39:21.750,AQU_2019-04-11_5_429,0.005335214731398231,76.82709213213452,0.22,1
4234057,BEL,2019-09-11,8,5,250,40.7160750343744,-73.7276906002587,850,T,FM ,90,MSW,62000.0,645,120,Jose L. Ortiz,490,1,BEL_2019-09-11_8_5,1,BEL_2019-09-11_8,824,Sterling Beauty,2019-09-11 18:46:02.500,BEL_2019-09-11_8_824,0.004659058009881516,67.09043534229383,0.62,3
2819181,AQU,2019-03-09,11,6,169,40.6738809934458,-73.8272049883673,800,D,FT ,54,STK,250000.0,544,118,Jose Lezcano,3275,8,AQU_2019-03-09_11_6,0,AQU_2019-03-09_11,62,Excess Capacity,2019-03-09 17:44:42.250,AQU_2019-03-09_11_62,0.004890165178072326,70.4183785642415,0.44,2
2080841,BEL,2019-07-04,7,3,99,40.7148685512364,-73.7180456096748,900,I,FM ,243,ALW,66000.0,447,124,Jose L. Ortiz,395,4,BEL_2019-07-04_7_3,0,BEL_2019-07-04_7,3546,National Honor,2019-07-04 16:47:24.750,BEL_2019-07-04_7_3546,0.004249037715717869,61.18614310633732,0.23,1
1152847,BEL,2019-07-04,7,9,46,40.7130737369299,-73.7191992089745,900,I,FM ,243,ALW,66000.0,447,126,John R. Velazquez,920,9,BEL_2019-07-04_7_9,0,BEL_2019-07-04_7,3356,News Anchor,2019-07-04 16:47:11.500,BEL_2019-07-04_7_3356,0.00477032524203394,68.69268348528874,0.1,1
1986535,BEL,2019-06-29,5,5,30,40.7151011518699,-73.7177691324522,800,T,FM ,76,MCL,41000.0,340,125,Jose Lezcano,190,1,BEL_2019-06-29_5_5,1,BEL_2019-06-29_5,1337,Rhode Island,2019-06-29 15:40:07.500,BEL_2019-06-29_5_1337,0.004786823044479827,68.93025184050951,0.08,1
4646624,AQU,2019-12-05,3,1,208,40.6751231658059,-73.8275168123955,800,D,GD ,54,STK,100000.0,116,118,Manuel Franco,110,2,AQU_2019-12-05_3_1,0,AQU_2019-12-05_3,2579,I Dare U,2019-12-05 13:16:52.000,AQU_2019-12-05_3_2579,0.0045138164550835675,64.99895695320338,0.54,3
492443,AQU,2019-04-17,8,3,15,40.669812722769,-73.8290028304988,650,D,FT ,38,AOC,75000.0,515,121,Eric Cancel,1710,5,AQU_2019-04-17_8_3,0,AQU_2019-04-17_8,162,Playinwiththeboys,2019-04-17 17:15:03.750,AQU_2019-04-17_8_162,0.004113767228696118,59.23824809322411,0.05,1
5101112,AQU,2019-01-19,9,6,145,40.6727149091131,-73.8276750905126,800,D,FT ,54,CLM,25000.0,430,121,Jose Lezcano,75,1,AQU_2019-01-19_9_6,1,AQU_2019-01-19_9,533,Planet Trailblazer (BRZ),2019-01-19 16:30:36.250,AQU_2019-01-19_9_533,0.004667049994630841,67.2055199226841,0.37,2
2293792,BEL,2019-09-21,10,6,104,40.7170924145968,-73.722624148717,800,D,FT ,72,STK,300000.0,553,117,Jose Lezcano,320,5,BEL_2019-09-21_10_6,0,BEL_2019-09-21_10,3784,Plainsman,2019-09-21 17:53:26.000,BEL_2019-09-21_10_3784,0.005050179759827964,72.72258854152268,0.28,2
711138,BEL,2019-06-27,7,2,51,40.7168872601906,-73.7232929142597,600,T,FM ,82,CLM,50000.0,615,118,Heman K. Harkie,290,2,BEL_2019-06-27_7_2,0,BEL_2019-06-27_7,160,Have Another,2019-06-27 18:15:12.750,BEL_2019-06-27_7_160,0.005479446720191715,78.9040327707607,0.18,1
1319904,SAR,2019-07-18,9,2,347,43.0730785261444,-73.7687112078813,900,D,FT ,78,AOC,95000.0,551,122,Jose L. Ortiz,100,1,SAR_2019-07-18_9_2,1,SAR_2019-07-18_9,4121,Hofburg,2019-07-18 17:52:26.750,SAR_2019-07-18_9_4121,0.004750843392711395,68.41214485504409,0.83,4
1592571,AQU,2019-04-05,5,2,245,40.673262675575,-73.8311788435197,650,D,FT ,36,ALW,66000.0,338,124,Rajiv Maragh,550,2,AQU_2019-04-05_5_2,0,AQU_2019-04-05_5,1098,Miss Hot Stones,2019-04-05 15:39:01.250,AQU_2019-04-05_5_1098,0.004565187124607584,65.73869459434921,0.78,4
441886,BEL,2019-05-12,6,7,133,40.7174017934988,-73.7239491101471,800,D,SY ,52,CLM,39000.0,413,124,Eric Cancel,5750,6,BEL_2019-05-12_6_7,0,BEL_2019-05-12_6,808,Shipsandgoods,2019-05-12 16:13:33.250,BEL_2019-05-12_6_808,0.004785948161424239,68.91765352450905,0.32,2
5118632,SAR,2019-07-27,1,2,42,43.0706076296841,-73.7678982443432,550,T,GD ,74,MCL,48000.0,102,117,Heman K. Harkie,6075,8,SAR_2019-07-27_1_2,0,SAR_2019-07-27_1,2296,Azzedine (FR),2019-07-27 13:02:10.500,SAR_2019-07-27_1_2296,0.005279354624882701,76.02270659831089,0.16,1
2128145,AQU,2019-02-10,7,4,196,40.6755071474999,-73.8294953569782,700,D,FT ,45,CLM,55000.0,359,122,Rajiv Maragh,275,2,AQU_2019-02-10_7_4,0,AQU_2019-02-10_7,362,Felix in Fabula,2019-02-10 15:59:49.000,AQU_2019-02-10_7_362,0.004983245302899044,71.75873236174624,0.6,3
2139495,BEL,2019-05-17,7,3,398,40.7128990436312,-73.7211621725689,850,D,FT ,48,CLM,50000.0,440,126,Kendrick Carmouche,115,1,BEL_2019-05-17_7_3,1,BEL_2019-05-17_7,1018,Eagle Pass,2019-05-17 16:41:39.500,BEL_2019-05-17_7_1018,0.0027288660543277666,39.295671182319836,1.0,4
780541,BEL,2019-09-21,10,1,97,40.7169567296016,-73.7222715870243,800,D,FT ,72,STK,300000.0,553,119,Luis R. Reyes,940,6,BEL_2019-09-21_10_1,0,BEL_2019-09-21_10,1318,Monongahela,2019-09-21 17:53:24.250,BEL_2019-09-21_10_1318,0.00527421854247593,75.9487470116534,0.26,2
151770,BEL,2019-06-28,8,3,214,40.7142195387398,-73.7241993432806,600,I,FM ,102,AOC,87000.0,523,121,Luis Saez,335,2,BEL_2019-06-28_8_3,0,BEL_2019-06-28_8,2555,Vici,2019-06-28 17:23:53.500,BEL_2019-06-28_8_2555,0.00519331217393435,74.78369530465464,0.78,4
1483299,AQU,2019-03-08,7,7,141,40.6755543972102,-73.8284255504758,600,D,FT ,45,CLM,43000.0,412,123,Kendrick Carmouche,180,1,AQU_2019-03-08_7_7,1,AQU_2019-03-08_7,922,Honey Graeme,2019-03-08 16:12:35.250,AQU_2019-03-08_7_922,0.004959813816398997,71.42131895614557,0.48,2
4224686,SAR,2019-08-15,9,3,21,43.0721720632105,-73.7697350353076,800,I,FM ,83,MSW,78000.0,519,118,Irad Ortiz Jr.,590,4,SAR_2019-08-15_9_3,0,SAR_2019-08-15_9,824,Sterling Beauty,2019-08-15 17:19:05.250,SAR_2019-08-15_9_824,0.004443701862163713,63.98930681515747,0.05,1
1549571,AQU,2019-02-15,8,1,253,40.6720295298437,-73.8317601652685,600,D,FT ,45,CLM,28000.0,441,122,Dylan Davis,490,3,AQU_2019-02-15_8_1,0,AQU_2019-02-15_8,601,Dancingwthdaffodls,2019-02-15 16:42:03.250,AQU_2019-02-15_8_601,0.00425900515256147,61.32967419688517,0.86,4
1196755,AQU,2019-02-22,7,5,142,40.6703652793837,-73.8287858445854,900,D,GD ,96,CLM,60000.0,409,124,Eric Cancel,205,1,AQU_2019-02-22_7_5,1,AQU_2019-02-22_7,24,Roaming Union,2019-02-22 16:09:35.500,AQU_2019-02-22_7_24,0.004701821142703454,67.70622445492974,0.32,2
3398196,BEL,2019-09-11,8,4,242,40.7163416850434,-73.7276270758047,850,T,FM ,90,MSW,62000.0,645,113,Benjamin Hernandez,3850,8,BEL_2019-09-11_8_4,0,BEL_2019-09-11_8,2239,Double Happiness,2019-09-11 18:46:00.500,BEL_2019-09-11_8_2239,0.004868701770316068,70.10930549255139,0.6,3
2322925,AQU,2019-12-29,6,3,24,40.6673805009201,-73.8300959283534,800,D,FT ,54,ALW,64000.0,258,124,Junior Alvarado,85,3,AQU_2019-12-29_6_3,0,AQU_2019-12-29_6,2303,The Great Johanna,2019-12-29 14:58:06.000,AQU_2019-12-29_6_2303,0.004370304090346752,62.93237890099323,0.06,1
5081496,BEL,2019-10-14,5,1,100,40.7155947933134,-73.7194640032199,850,I,FM ,66,MCL,46000.0,332,119,Hector Rafael Diaz Jr.,8675,9,BEL_2019-10-14_5_1,0,BEL_2019-10-14_5,1841,Launch Sequence,2019-10-14 15:32:25.000,BEL_2019-10-14_5_1841,0.004690548591765265,67.54389972141982,0.25,2
2112602,BEL,2019-06-12,6,2,62,40.7164716944767,-73.7216167483909,700,T,FM ,126,MCL,41000.0,412,124,Samuel Jimenez,9425,7,BEL_2019-06-12_6_2,0,BEL_2019-06-12_6,605,Sweet Breeze,2019-06-12 16:12:15.500,BEL_2019-06-12_6_605,0.005398787300339722,77.742537124892,0.18,1
4322354,SAR,2019-08-21,5,7,187,43.0731864611835,-73.7685464087452,550,D,SY ,54,MSW,78000.0,305,119,Joel Rosario,65,2,SAR_2019-08-21_5_7,0,SAR_2019-08-21_5,4113,Jewel of Arabia,2019-08-21 15:05:46.750,SAR_2019-08-21_5_4113,0.004527106135103894,65.19032834549607,0.69,3
2481304,BEL,2019-06-21,9,6,166,40.7141674278148,-73.7260505304013,550,D,SY ,74,MCL,30000.0,551,118,Irad Ortiz Jr.,1270,3,BEL_2019-06-21_9_6,0,BEL_2019-06-21_9,2443,Dr. Devera's Way,2019-06-21 17:51:41.500,BEL_2019-06-21_9_2443,0.004814883672431329,69.33432488301113,0.62,3
1496211,BEL,2019-05-27,3,8,78,40.7168862490278,-73.7241146453518,600,I,GD ,90,ALW,66000.0,236,125,Dylan Davis,760,8,BEL_2019-05-27_3_8,0,BEL_2019-05-27_3,3171,Sparky,2019-05-27 14:36:19.500,BEL_2019-05-27_3_3171,0.005398906884287836,77.74425913374483,0.27,2
2830282,BEL,2019-10-19,1,8,210,40.7166729004258,-73.7233526287996,900,I,FM ,236,ALW,66000.0,1220,120,Luis Saez,480,5,BEL_2019-10-19_1_8,0,BEL_2019-10-19_1,2572,Waynes Footsteps,2019-10-19 12:20:52.500,BEL_2019-10-19_1_2572,0.004854894412128707,69.91047953465339,0.48,2
4250570,SAR,2019-07-26,3,10,57,43.0711532224009,-73.7658909718976,550,D,MY ,45,ALW,92000.0,212,120,Joel Rosario,220,1,SAR_2019-07-26_3_10,1,SAR_2019-07-26_3,3245,Topper T,2019-07-26 14:12:14.250,SAR_2019-07-26_3_3245,0.005556567866058864,80.01457727124763,0.22,1
2747554,AQU,2019-04-17,3,3,396,40.6708775087439,-73.8314811345596,850,T,GD ,90,CLM,50000.0,230,122,Kendrick Carmouche,750,4,AQU_2019-04-17_3_3,0,AQU_2019-04-17_3,1486,Traffic Stop,2019-04-17 14:31:39.000,AQU_2019-04-17_3_1486,0.004318946403720068,62.19282821356899,0.96,4
4143249,BEL,2019-09-14,11,5,198,40.7145830788484,-73.7254010009791,600,I,FM ,171,CLM,39000.0,627,120,Jose Lezcano,550,9,BEL_2019-09-14_11_5,0,BEL_2019-09-14_11,495,Shanghai Bonnie,2019-09-14 18:27:49.500,BEL_2019-09-14_11_495,0.004504880130712647,64.87027388226211,0.69,3
2086113,AQU,2019-04-10,7,5,56,40.6722272208451,-73.8279001048718,600,D,FT ,45,CLM,28000.0,453,126,Rajiv Maragh,1850,5,AQU_2019-04-10_7_5,0,AQU_2019-04-10_7,305,Ma Mo,2019-04-10 16:53:14.000,AQU_2019-04-10_7_305,0.0053513581042000415,77.0595567004806,0.18,1
1729288,AQU,2019-02-01,8,6,161,40.6747825156806,-73.8304035370337,550,D,FT ,52,MCL,33000.0,419,123,Manuel Franco,100,2,AQU_2019-02-01_8_6,0,AQU_2019-02-01_8,756,Ramblin' Ma'am,2019-02-01 16:19:40.250,AQU_2019-02-01_8_756,0.004807786020828216,69.23211869992632,0.57,3
1880552,SAR,2019-07-13,9,3,327,43.0731372619589,-73.7672454990807,900,I,GD ,86,STK,500000.0,547,116,Jose Lezcano,650,5,SAR_2019-07-13_9_3,0,SAR_2019-07-13_9,4062,Mitchell Road,2019-07-13 17:48:21.750,SAR_2019-07-13_9_4062,0.004768620362804337,68.66813322438246,0.78,4
2715995,BEL,2019-07-07,3,1,276,40.7130536301784,-73.721732062998,600,D,FT ,60,MSW,62000.0,135,118,Joel Rosario,280,1,BEL_2019-07-07_3_1,1,BEL_2019-07-07_3,2794,True Gold,2019-07-07 13:36:09.000,BEL_2019-07-07_3_2794,0.0038290225284380946,55.137924409508564,0.96,4
2484740,BEL,2019-06-15,5,8,242,40.7167574490386,-73.7269940804681,850,I,FM ,56,STR,55000.0,347,120,Jose Lezcano,700,1,BEL_2019-06-15_5_8,1,BEL_2019-06-15_5,3395,War Treaty,2019-06-15 15:48:00.500,BEL_2019-06-15_5_3395,0.004613550204203132,66.4351229405251,0.6,3
4955710,AQU,2019-11-24,6,7,280,40.671385539648,-73.8320644448041,600,D,SY ,40,MSW,62000.0,250,119,Joel Rosario,2060,10,AQU_2019-11-24_6_7,0,AQU_2019-11-24_6,2448,Fivestar Bandit,2019-11-24 14:51:10.000,AQU_2019-11-24_6_2448,0.004100733608259988,59.050563958943826,0.95,4
952910,SAR,2019-08-16,8,5,248,43.0723850614256,-73.764319050956,900,D,FT ,81,AOC,80000.0,446,123,Jose L. Ortiz,50,1,SAR_2019-08-16_8_5,1,SAR_2019-08-16_8,3139,Ratajkowski,2019-08-16 16:47:02.000,SAR_2019-08-16_8_3139,0.005089314395532869,73.28612729567331,0.58,3
3681411,BEL,2019-06-19,5,7,123,40.7165598388497,-73.7278148317988,600,D,GD ,66,MCL,41000.0,340,118,Jose Lezcano,370,4,BEL_2019-06-19_5_7,0,BEL_2019-06-19_5,940,Thenorthremembers,2019-06-19 15:40:30.750,BEL_2019-06-19_5_940,0.004900021513457553,70.56030979378876,0.43,2
1094755,AQU,2019-03-30,10,11,16,40.6687909969121,-73.8293607246965,700,D,FT ,44,SST,80000.0,624,124,Junior Alvarado,220,10,AQU_2019-03-30_10_11,0,AQU_2019-03-30_10,284,Bavaro,2019-03-30 18:24:04.000,AQU_2019-03-30_10_284,0.0037022841301786553,53.31289147457264,0.04,1
3948759,BEL,2019-07-05,6,3,398,40.7142442802234,-73.7239727366321,1000,I,FM ,38,MSW,90000.0,412,116,Junior Alvarado,850,2,BEL_2019-07-05_6_3,0,BEL_2019-07-05_6,2541,Coilean Bawn,2019-07-05 16:13:39.500,BEL_2019-07-05_6_2541,0.005263085647643074,75.78843332606027,0.87,4
2447257,AQU,2019-02-28,8,4,218,40.6752169610517,-73.8276334385077,800,D,FT ,54,MCL,35000.0,441,123,Manuel Franco,145,4,AQU_2019-02-28_8_4,0,AQU_2019-02-28_8,1073,Give Me a Hug,2019-02-28 16:41:54.500,AQU_2019-02-28_8_1073,0.0041275910480749,59.437311092278556,0.51,3
3395894,SAR,2019-08-08,10,5,115,43.0696868171871,-73.7718171775652,900,T,FM ,48,CLM,65000.0,546,121,Kendrick Carmouche,840,2,SAR_2019-08-08_10_5,0,SAR_2019-08-08_10,1859,Spinning Kitten,2019-08-08 17:46:28.750,SAR_2019-08-08_10_1859,0.0044185170575715875,63.62664562903086,0.28,2
4683740,BEL,2019-10-26,1,2,125,40.7170031717192,-73.7224650610838,850,D,FT ,54,MSW,75000.0,1246,114,Joey R. Martinez,5675,3,BEL_2019-10-26_1_2,0,BEL_2019-10-26_1,3988,Will Sing for Wine,2019-10-26 12:46:31.250,BEL_2019-10-26_1_3988,0.004565554676244739,65.74398733792425,0.3,2
415369,AQU,2019-03-22,1,4,148,40.6753662947701,-73.8278468303616,650,D,SY ,36,CLM,36000.0,130,121,Manuel Franco,70,1,AQU_2019-03-22_1_4,1,AQU_2019-03-22_1,523,Malibu Action,2019-03-22 13:30:37.000,AQU_2019-03-22_1_523,0.004701871208683212,67.70694540503825,0.46,2
954682,AQU,2019-12-30,7,8,48,40.6719369355298,-73.8280512190065,600,D,SY ,45,ALW,82000.0,328,124,Kendrick Carmouche,560,3,AQU_2019-12-30_7_8,0,AQU_2019-12-30_7,220,Tribecca,2019-12-30 15:28:12.000,AQU_2019-12-30_7_220,0.005589368378535145,80.48690465090608,0.16,1
953588,AQU,2019-12-07,3,9,284,40.6731070971255,-73.8312766722394,700,D,FT ,48,CLM,40000.0,1230,120,Keivan Serrano,4825,7,AQU_2019-12-07_3_9,0,AQU_2019-12-07_3,1689,They Shot Sonny,2019-12-07 12:31:11.000,AQU_2019-12-07_3_1689,0.003983795192576839,57.366650773106485,0.78,4
3122928,BEL,2019-09-25,1,6,106,40.7176500643453,-73.726363601045,650,D,FT ,36,MSW,62000.0,102,121,Kendrick Carmouche,85,1,BEL_2019-09-25_1_6,1,BEL_2019-09-25_1,1041,Lady Macho,2019-09-25 13:02:26.500,BEL_2019-09-25_1_1041,0.005101578932642233,73.46273663004816,0.32,2
56699,BEL,2019-06-14,9,3,58,40.7153118509222,-73.7179955534805,850,T,GD ,54,ALW,66000.0,553,117,Joey R. Martinez,8475,6,BEL_2019-06-14_9_3,0,BEL_2019-06-14_9,1090,Puparee,2019-06-14 17:53:14.500,BEL_2019-06-14_9_1090,0.004716493213284653,67.91750227129901,0.14,1
822965,AQU,2019-03-02,9,5,99,40.6704996300864,-73.828656459996,800,D,FT ,54,CLM,25000.0,522,121,Harry Hernandez,2280,8,AQU_2019-03-02_9_5,0,AQU_2019-03-02_9,793,Zap Zap Zap,2019-03-02 17:22:24.750,AQU_2019-03-02_9_793,0.004712790973812664,67.86419002290236,0.23,1
4119716,AQU,2019-03-02,1,2,261,40.6729313847758,-73.8313565161847,650,D,GD ,38,MCL,35000.0,1251,122,Jose Lezcano,1100,1,AQU_2019-03-02_1_2,1,AQU_2019-03-02_1,976,Gallant Bid,2019-03-02 12:52:05.250,AQU_2019-03-02_1_976,0.004655469718498625,67.0387639463802,0.8,4
666187,AQU,2019-11-24,3,1,384,40.6706766008891,-73.8323317069646,800,D,SY ,54,AOC,85000.0,117,120,Joel Rosario,115,2,AQU_2019-11-24_3_1,0,AQU_2019-11-24_3,2439,No Dozing,2019-11-24 13:18:36.000,AQU_2019-11-24_3_2439,0.003566464914209797,51.357094764621074,1.0,4
235792,AQU,2019-04-10,4,5,207,40.6724972934196,-73.8285962162251,850,T,FM ,108,CLM,38000.0,304,124,Jorge A. Vargas Jr.,830,9,AQU_2019-04-10_4_5,0,AQU_2019-04-10_4,1367,Candy Boss,2019-04-10 15:04:51.750,AQU_2019-04-10_4_1367,0.004926132963363635,70.93631467243634,0.51,3
4405346,AQU,2019-12-29,5,10,352,40.672668052133,-73.8314847040883,800,D,FT ,54,MSW,60000.0,229,119,Joey R. Martinez,7850,9,AQU_2019-12-29_5_10,0,AQU_2019-12-29_5,2009,Oneshotatforever,2019-12-29 14:30:28.000,AQU_2019-12-29_5_2009,0.0033871875051439846,48.77550007407338,0.86,4
3287969,AQU,2019-04-13,9,3,97,40.6740291454957,-73.8271120502488,600,D,MY ,46,MCL,41000.0,558,118,Hector Rafael Diaz Jr.,2320,6,AQU_2019-04-13_9_3,0,AQU_2019-04-13_9,669,Breaking Boundary,2019-04-13 17:58:24.250,AQU_2019-04-13_9_669,0.005131300127999146,73.8907218431877,0.33,2
3772681,AQU,2019-11-14,9,12,100,40.6737503420527,-73.8275376115648,600,O,FM ,44,MCL,41000.0,420,122,Luis A. Rodriguez Castro,1420,4,AQU_2019-11-14_9_12,0,AQU_2019-11-14_9,994,Millionaire Joe,2019-11-14 16:20:25.000,AQU_2019-11-14_9_994,0.005194161609879684,74.79592718226745,0.35,2
1716607,BEL,2019-10-24,5,1,168,40.7152259667001,-73.7270492879363,600,I,GD ,138,ALW,77000.0,336,123,Jose L. Ortiz,420,1,BEL_2019-10-24_5_1,1,BEL_2019-10-24_5,1058,Lonhtwist,2019-10-24 15:36:42.000,BEL_2019-10-24_5_1058,0.004856387360610092,69.93197799278533,0.58,3
4146196,BEL,2019-06-16,9,1,149,40.7163137762235,-73.7278894610648,650,D,FT ,56,MCL,33000.0,556,118,Manuel Franco,710,3,BEL_2019-06-16_9_1,0,BEL_2019-06-16_9,3419,The Confidante,2019-06-16 17:56:37.250,BEL_2019-06-16_9_3419,0.004966672814482565,71.52008852854894,0.4,2
4768805,SAR,2019-08-10,8,4,305,43.0718386394582,-73.7717991854408,650,D,FT ,72,STK,200000.0,517,120,Luis Saez,820,3,SAR_2019-08-10_8_4,0,SAR_2019-08-10_8,3444,Tuggle,2019-08-10 17:18:16.250,SAR_2019-08-10_8_3444,0.003157009388878558,45.460935199851235,0.98,4
3987220,BEL,2019-06-14,9,1,102,40.7161285073615,-73.7202723442578,850,T,GD ,54,ALW,66000.0,553,118,Rajiv Maragh,620,2,BEL_2019-06-14_9_1,0,BEL_2019-06-14_9,267,Flush,2019-06-14 17:53:25.500,BEL_2019-06-14_9_267,0.004994606196418176,71.92232922842175,0.25,2
554096,BEL,2019-05-18,8,9,126,40.7176067765886,-73.7265409491288,700,D,FT ,48,CLM,50000.0,341,125,Samuel Camacho Jr.,3050,8,BEL_2019-05-18_8_9,0,BEL_2019-05-18_8,1045,Formal Start,2019-05-18 15:41:31.500,BEL_2019-05-18_8_1045,0.0052768611787042275,75.98680097334088,0.38,2
5047665,BEL,2019-10-05,8,5,368,40.714202702228,-73.7239593107251,900,I,FM ,90,STK,400000.0,417,122,Irad Ortiz Jr.,345,5,BEL_2019-10-05_8_5,0,BEL_2019-10-05_8,3580,Digital Age (IRE),2019-10-05 16:18:32.000,BEL_2019-10-05_8_3580,0.005408857996574098,77.88755515066701,0.87,4
2742032,AQU,2019-12-12,2,6,264,40.6751957211685,-73.830085114716,800,D,GD ,54,CLM,28000.0,1259,120,Jorge A. Vargas Jr.,270,3,AQU_2019-12-12_2_6,0,AQU_2019-12-12_2,974,Inclunation,2019-12-12 13:00:06.000,AQU_2019-12-12_2_974,0.0044625521896969915,64.26075153163667,0.65,3
1179441,AQU,2019-02-03,7,7,76,40.6713468099121,-73.828320386168,700,D,FT ,46,CLM,36000.0,358,120,Andre Shivnarine Worrie,430,3,AQU_2019-02-03_7_7,0,AQU_2019-02-03_7,408,Desert Lights,2019-02-03 15:58:19.000,AQU_2019-02-03_7_408,0.005246178249657674,75.54496679507051,0.22,1
512073,BEL,2019-10-14,8,3,281,40.71612019877,-73.7273934584987,900,I,FM ,138,STK,200000.0,511,120,Luis Saez,155,1,BEL_2019-10-14_8_3,1,BEL_2019-10-14_8,3535,Lucullan,2019-10-14 17:12:10.250,BEL_2019-10-14_8_3535,0.00518495204330754,74.66330942362858,0.68,3
1660762,AQU,2019-02-21,3,7,396,40.67073810419,-73.8323591122022,800,D,SY ,54,CLM,36000.0,154,122,Rajiv Maragh,440,3,AQU_2019-02-21_3_7,0,AQU_2019-02-21_3,113,Needs No Ice,2019-02-21 13:55:39.000,AQU_2019-02-21_3_113,0.002773189819908161,39.93393340667752,0.99,4
1515819,SAR,2019-07-26,5,5,253,43.0725899705893,-73.7701997067283,600,D,MY ,50,CLM,34000.0,329,124,Samuel Jimenez,4050,4,SAR_2019-07-26_5_5,0,SAR_2019-07-26_5,206,Zecha,2019-07-26 15:30:03.250,SAR_2019-07-26_5_206,0.004455699733809374,64.16207616685499,0.86,4
76812,AQU,2019-12-21,8,5,94,40.6691024794624,-73.8306870121785,900,D,FT ,92,STK,125000.0,355,125,Jose Lezcano,470,4,AQU_2019-12-21_8_5,0,AQU_2019-12-21_8,22,Backsideofthemoon,2019-12-21 15:55:23.500,AQU_2019-12-21_8_22,0.005000894298382124,72.01287789670259,0.22,1
2173177,AQU,2019-03-02,5,3,128,40.6751690763161,-73.827557840484,600,D,FT ,45,CLM,28000.0,312,115,Benjamin Hernandez,1380,4,AQU_2019-03-02_5_3,0,AQU_2019-03-02_5,862,Salty Smile,2019-03-02 15:12:32.000,AQU_2019-03-02_5_862,0.00456772496088817,65.77523943678965,0.42,2
2693125,BEL,2019-05-24,9,1,245,40.7140815437696,-73.7256644589582,700,D,FT ,40,MCL,41000.0,551,118,Dylan Davis,180,1,BEL_2019-05-24_9_1,1,BEL_2019-05-24_9,270,Alvernia,2019-05-24 17:52:01.250,BEL_2019-05-24_9_270,0.004412943297195416,63.546383479613986,0.71,3
3864913,BEL,2019-05-25,7,4,123,40.717471127721,-73.7255785671275,700,T,FM ,64,MSW,62000.0,447,118,Kendrick Carmouche,960,10,BEL_2019-05-25_7_4,0,BEL_2019-05-25_7,2873,Riot,2019-05-25 16:47:30.750,BEL_2019-05-25_7_2873,0.004957868177008909,71.3933017489283,0.36,2
4755999,BEL,2019-10-05,10,5,351,40.7132225008605,-73.7223756173062,800,D,FT ,72,STK,500000.0,522,122,Ricardo Santana Jr.,510,4,BEL_2019-10-05_10_5,0,BEL_2019-10-05_10,3890,Gozilla,2019-10-05 17:23:27.750,BEL_2019-10-05_10_3890,0.004159383298887954,59.89511950398654,0.92,4
3074643,BEL,2019-09-29,7,1,377,40.7131260097837,-73.7220476565797,850,D,FT ,48,AOC,80000.0,411,120,Jose L. Ortiz,350,5,BEL_2019-09-29_7_1,0,BEL_2019-09-29_7,3570,Mihos,2019-09-29 16:12:34.250,BEL_2019-09-29_7_3570,0.0036965416841929968,53.230200252379156,0.95,4
4488732,SAR,2019-08-10,3,7,28,43.071897051133,-73.7712962609651,850,T,FM ,20,MSW,90000.0,211,119,Junior Alvarado,125,1,SAR_2019-08-10_3_7,1,SAR_2019-08-10_3,4053,Decorated Invader,2019-08-10 14:11:07.000,SAR_2019-08-10_3_4053,0.004901251140281399,70.57801642005215,0.07,1
976813,AQU,2019-12-30,7,7,155,40.6755797125043,-73.8290022481336,600,D,SY ,45,ALW,82000.0,328,122,Junior Alvarado,1540,1,AQU_2019-12-30_7_7,1,AQU_2019-12-30_7,221,Sicilia Mike,2019-12-30 15:28:38.750,AQU_2019-12-30_7_221,0.004827906133832351,69.52184832718586,0.53,3
163266,BEL,2019-10-11,5,6,404,40.7137218155467,-73.7222328487119,900,I,GD ,135,CLM,45000.0,337,122,Luis R. Reyes,2190,6,BEL_2019-10-11_5_6,0,BEL_2019-10-11_5,1688,Risky Sour,2019-10-11 15:38:41.000,BEL_2019-10-11_5_1688,0.0038915021302493597,56.03763067559078,0.95,4
1223977,AQU,2019-04-05,2,4,178,40.675070926726,-73.8301885999077,600,D,FT ,48,MSW,70000.0,201,125,Junior Alvarado,170,1,AQU_2019-04-05_2_4,1,AQU_2019-04-05_2,969,Cadeau de Paix,2019-04-05 14:01:44.500,AQU_2019-04-05_2_969,0.0044770637492116,64.46971798864703,0.59,3
1865336,BEL,2019-04-28,4,4,160,40.7155062548393,-73.7190019971633,1000,I,YL ,93,ALW,90000.0,308,126,Jose Lezcano,265,2,BEL_2019-04-28_4_4,0,BEL_2019-04-28_4,2888,Hierarchy,2019-04-28 15:08:40.000,BEL_2019-04-28_4_2888,0.004638548672954256,66.79510089054128,0.32,2
1380969,AQU,2019-03-30,5,7,184,40.6743272003068,-73.8271168057054,800,D,FT ,54,SST,60000.0,347,118,Kendrick Carmouche,310,6,AQU_2019-03-30_5_7,0,AQU_2019-03-30_5,922,Honey Graeme,2019-03-30 15:47:46.000,AQU_2019-03-30_5_922,0.004919379405893159,70.8390634448615,0.46,2
4234862,SAR,2019-09-01,10,8,169,43.0739105391607,-73.7663847355046,600,D,FT ,54,STR,60000.0,539,120,Joel Rosario,950,3,SAR_2019-09-01_10_8,0,SAR_2019-09-01_10,3909,Subsidiary,2019-09-01 17:39:42.250,SAR_2019-09-01_10_3909,0.00485536230145944,69.91721714101594,0.58,3
1831106,AQU,2019-04-10,7,4,61,40.6725096108705,-73.8277818524981,600,D,FT ,45,CLM,28000.0,453,126,Samuel Camacho Jr.,1730,4,AQU_2019-04-10_7_4,0,AQU_2019-04-10_7,1131,Itsjustnotyourday,2019-04-10 16:53:15.250,AQU_2019-04-10_7_1131,0.005462786757014746,78.66412930101234,0.2,1
399960,BEL,2019-09-08,9,3,35,40.7134044839069,-73.7183654214246,850,I,FM ,18,CLM,50000.0,518,124,Flavien Prat,400,3,BEL_2019-09-08_9_3,0,BEL_2019-09-08_9,2339,Gosilently,2019-09-08 17:18:08.750,BEL_2019-09-08_9_2339,0.005021033398863524,72.30288094363475,0.09,1
3949886,AQU,2019-04-18,5,7,395,40.6706648970028,-73.8315607846866,850,T,FM ,82,MCL,41000.0,338,118,Kendrick Carmouche,920,4,AQU_2019-04-18_5_7,0,AQU_2019-04-18_5,1514,Dreammaster,2019-04-18 15:39:38.750,AQU_2019-04-18_5_1514,0.004134449978573183,59.53607969145383,0.98,4
3852838,AQU,2019-03-09,7,7,53,40.6713672790251,-73.8282893038067,650,D,FT ,32,CLM,52000.0,338,120,Junior Alvarado,740,1,AQU_2019-03-09_7_7,1,AQU_2019-03-09_7,827,Saratoga Style,2019-03-09 15:38:13.250,AQU_2019-03-09_7_827,0.005252862606004051,75.64122152645834,0.16,1
1893542,BEL,2019-06-02,2,3,233,40.7172399479196,-73.7268398248759,850,T,FM ,170,MCL,41000.0,205,118,Joey R. Martinez,8275,9,BEL_2019-06-02_2_3,0,BEL_2019-06-02_2,694,Saratoga Sass,2019-06-02 14:05:58.250,BEL_2019-06-02_2_694,0.0045788829392786395,65.93591432561242,0.55,3
1870078,AQU,2019-04-20,5,4,327,40.6746854124203,-73.8304600629157,900,D,SY ,94,ALW,75000.0,338,124,Manuel Franco,85,1,AQU_2019-04-20_5_4,1,AQU_2019-04-20_5,1561,Candygram,2019-04-20 15:39:21.750,AQU_2019-04-20_5_1561,0.004642461030807807,66.85143884363242,0.73,3
4424005,SAR,2019-08-15,4,4,207,43.0724989282846,-73.7695310965896,550,T,FM ,90,MSW,90000.0,240,119,John R. Velazquez,180,1,SAR_2019-08-15_4_4,1,SAR_2019-08-15_4,1905,Mystic Lancelot,2019-08-15 14:40:51.750,SAR_2019-08-15_4_1905,0.005284772202586378,76.10071971724385,0.8,4
4964307,SAR,2019-08-29,7,3,47,43.0704402805661,-73.7677700821903,600,D,FT ,48,MSW,78000.0,414,119,Dylan Davis,3175,9,SAR_2019-08-29_7_3,0,SAR_2019-08-29_7,2158,Kefaliani,2019-08-29 16:14:11.750,SAR_2019-08-29_7_2158,0.005321554488297012,76.63038463147697,0.16,1
154575,AQU,2019-01-12,5,1,29,40.6710135909915,-73.8285000812618,600,D,FT ,45,CLM,28000.0,231,123,Dylan Davis,930,3,AQU_2019-01-12_5_1,0,AQU_2019-01-12_5,342,Special Story,2019-01-12 14:31:07.250,AQU_2019-01-12_5_342,0.004870361344706902,70.13320336377939,0.1,1
1745289,AQU,2019-04-12,7,2,239,40.6755297123509,-73.8293984890704,800,D,FT ,54,CLM,28000.0,442,124,Oscar Gomez,770,6,AQU_2019-04-12_7_2,0,AQU_2019-04-12_7,392,Regal Quality,2019-04-12 16:42:59.750,AQU_2019-04-12_7_392,0.0045612280974167245,65.68168460280083,0.58,3
2806344,SAR,2019-08-24,13,7,288,43.0734597155234,-73.766165408191,850,I,FM ,28,MSW,90000.0,657,118,Manuel Franco,2450,7,SAR_2019-08-24_13_7,0,SAR_2019-08-24_13,1855,So Gracious,2019-08-24 18:58:12.000,SAR_2019-08-24_13_1855,0.00486493350944413,70.05504253599547,0.69,3
1339950,SAR,2019-07-26,1,2,349,43.0716136074279,-73.7723586202023,700,D,MY ,32,MCL,40000.0,100,124,Tyler Gaffalione,800,4,SAR_2019-07-26_1_2,0,SAR_2019-07-26_1,1423,Handle With Care,2019-07-26 13:01:27.250,SAR_2019-07-26_1_1423,0.003421806256304706,49.27401009078777,1.0,4
5199787,BEL,2019-06-06,8,7,239,40.7142160807424,-73.7254760962351,700,T,FM ,80,STK,200000.0,647,123,Mike E. Smith,1430,9,BEL_2019-06-06_8_7,0,BEL_2019-06-06_8,3255,Raven's Lady (GB),2019-06-06 18:47:59.750,BEL_2019-06-06_8_3255,0.005351656616293527,77.06385527462679,0.76,4
507120,AQU,2019-04-06,4,9,118,40.67334169747,-73.8274333123182,700,D,FT ,44,CLM,28000.0,234,122,Andre Shivnarine Worrie,145,5,AQU_2019-04-06_4_9,0,AQU_2019-04-06_4,349,Go Big Or Go Home,2019-04-06 14:34:29.500,AQU_2019-04-06_4_349,0.005187361733885297,74.69800896794827,0.35,2
3919789,AQU,2019-11-14,7,9,90,40.6702179888461,-73.8287937172311,800,D,FT ,54,CLM,42000.0,318,120,Joel Rosario,385,6,AQU_2019-11-14_7_9,0,AQU_2019-11-14_7,2076,Soul Fight,2019-11-14 15:18:22.500,AQU_2019-11-14_7_2076,0.0049270938376228994,70.95015126176975,0.22,1
4278109,SAR,2019-07-26,1,5,341,43.071702877618,-73.7721880959345,700,D,MY ,32,MCL,40000.0,100,119,Junior Alvarado,165,1,SAR_2019-07-26_1_5,1,SAR_2019-07-26_1,1104,G. T. Sonia,2019-07-26 13:01:25.250,SAR_2019-07-26_1_1104,0.0034941718371704045,50.316074455253826,0.98,4
1018727,BEL,2019-05-04,2,11,238,40.7135420299891,-73.7236201571644,600,D,SY ,48,MCL,41000.0,1231,124,Dylan Davis,210,4,BEL_2019-05-04_2_11,0,BEL_2019-05-04_2,744,Givetheman a Cigar,2019-05-04 12:31:59.500,BEL_2019-05-04_2_744,0.00411737695032129,59.29022808462658,0.77,4
3591660,BEL,2019-10-12,5,7,138,40.7173820415039,-73.7270463066343,700,D,FT ,54,CLM,55000.0,259,121,Joel Rosario,235,6,BEL_2019-10-12_5_7,0,BEL_2019-10-12_5,2754,Brush Country,2019-10-12 14:59:34.500,BEL_2019-10-12_5_2754,0.005029599619497482,72.42623452076374,0.42,2
1943533,BEL,2019-07-07,2,3,246,40.7140365173412,-73.7247287430165,700,T,FM ,90,ALW,82000.0,103,125,Jose L. Ortiz,530,1,BEL_2019-07-07_2_3,1,BEL_2019-07-07_2,3596,Aveenu Malcainu,2019-07-07 13:04:01.500,BEL_2019-07-07_2_3596,0.005098761002872767,73.42215844136786,0.78,4
1455251,AQU,2019-11-03,7,3,131,40.6720331025543,-73.8280002706121,800,D,FT ,54,AOC,80000.0,253,120,Irad Ortiz Jr.,180,3,AQU_2019-11-03_7_3,0,AQU_2019-11-03_7,1712,Proven Reserves,2019-11-03 14:53:32.750,AQU_2019-11-03_7_1712,0.004846201929179155,69.78530778017983,0.33,2
3159306,AQU,2019-01-05,6,3,206,40.6732245335822,-73.8312261959658,550,D,SY ,52,MSW,60000.0,258,120,Junior Alvarado,90,2,AQU_2019-01-05_6_3,0,AQU_2019-01-05_6,146,Castle Casanova,2019-01-05 14:58:51.500,AQU_2019-01-05_6_146,0.004510560843629821,64.95207614826941,0.74,3
1576698,SAR,2019-07-28,9,6,114,43.0729904865277,-73.7646727690742,550,T,FM ,54,STR,75000.0,529,119,Dylan Davis,2100,8,SAR_2019-07-28_9_6,0,SAR_2019-07-28_9,3538,Corot,2019-07-28 17:29:28.500,SAR_2019-07-28_9_3538,0.0054564676416193995,78.57313403931936,0.45,2
1192344,SAR,2019-07-26,5,3,160,43.0738398373092,-73.7654539207806,600,D,MY ,50,CLM,34000.0,329,117,Heman K. Harkie,3050,7,SAR_2019-07-26_5_3,0,SAR_2019-07-26_5,205,Parlapiano,2019-07-26 15:29:40.000,SAR_2019-07-26_5_205,0.004781067625354859,68.84737380510997,0.54,3
2804198,AQU,2019-02-28,3,2,248,40.6755965715078,-73.8290059293726,800,D,FT ,54,MSW,60000.0,154,122,Eric Cancel,205,2,AQU_2019-02-28_3_2,0,AQU_2019-02-28_3,565,Pier Forty,2019-02-28 13:55:02.000,AQU_2019-02-28_3_565,0.004318841438657225,62.19131671666403,0.62,3
1183366,BEL,2019-07-07,9,7,218,40.7140859529397,-73.7256693653145,650,D,FT ,50,MSW,80000.0,452,124,Irad Ortiz Jr.,660,5,BEL_2019-07-07_9_7,0,BEL_2019-07-07_9,970,Restructure,2019-07-07 16:52:54.500,BEL_2019-07-07_9_970,0.004475229605740585,64.44330632266443,0.69,3
1949809,SAR,2019-08-23,5,3,310,43.073291329101,-73.7669803963538,850,I,GD ,90,STK,150000.0,310,118,Joel Rosario,250,4,SAR_2019-08-23_5_3,0,SAR_2019-08-23_5,1359,Wegetsdamunnys,2019-08-23 15:11:17.500,SAR_2019-08-23_5_1359,0.005292089502982892,76.20608884295365,0.78,4
2439132,AQU,2019-02-02,5,1,188,40.6739936382127,-73.8307983800163,550,D,FT ,55,MCL,46000.0,232,122,Manuel Franco,1080,9,AQU_2019-02-02_5_1,0,AQU_2019-02-02_5,784,Abby Normal,2019-02-02 14:32:47.000,AQU_2019-02-02_5_784,0.004520195480784218,65.09081492329274,0.69,3
2305713,BEL,2019-05-11,6,2,198,40.71494418781,-73.727547545194,700,D,FT ,45,CLM,65000.0,417,123,Pablo Fragoso,3500,6,BEL_2019-05-11_6_2,0,BEL_2019-05-11_6,297,Vicar's Legend,2019-05-11 16:17:49.500,BEL_2019-05-11_6_297,0.00479964680688513,69.11491401914587,0.61,3
4793451,AQU,2019-12-20,3,1A,73,40.6696979005081,-73.8290210535471,800,D,FT ,54,MCL,35000.0,128,121,Hector Rafael Diaz Jr.,4100,7,AQU_2019-12-20_3_1A,0,AQU_2019-12-20_3,1599,Queentigua,2019-12-20 13:28:18.250,AQU_2019-12-20_3_1599,0.005054950147806384,72.79128212841194,0.18,1
162389,BEL,2019-06-02,8,1,121,40.71642176128,-73.7212407888412,850,T,FM ,170,CLM,39000.0,519,117,Benjamin Hernandez,2050,3,BEL_2019-06-02_8_1,0,BEL_2019-06-02_8,1688,Risky Sour,2019-06-02 17:19:30.250,BEL_2019-06-02_8_1688,0.004908864586663886,70.68765004795995,0.3,2
397495,BEL,2019-05-09,6,9,227,40.7138546236581,-73.7247829921549,600,D,FT ,60,CLM,32000.0,545,123,Michael J. Luzzi,10275,7,BEL_2019-05-09_6_9,0,BEL_2019-05-09_6,1244,Ola Gatita,2019-05-09 17:45:56.750,BEL_2019-05-09_6_1244,0.00428494801889734,61.70325147212169,0.76,4
1945477,AQU,2019-11-30,9,13,318,40.6720695608334,-73.8288178114667,1100,T,GD ,62,STK,400000.0,346,122,Kendrick Carmouche,3950,8,AQU_2019-11-30_9_13,0,AQU_2019-11-30_9,1359,Wegetsdamunnys,2019-11-30 15:47:19.500,AQU_2019-11-30_9_1359,0.00456190491282946,65.69143074474422,0.61,3
2432891,SAR,2019-07-24,10,7,314,43.0721059390283,-73.7711949804644,700,D,FT ,32,ALW,92000.0,620,120,Jose Lezcano,5100,8,SAR_2019-07-24_10_7,0,SAR_2019-07-24_10,1605,Hollywood Glory,2019-07-24 18:21:18.500,SAR_2019-07-24_10_1605,0.004019810789978102,57.88527537568468,0.95,4
3184267,BEL,2019-06-08,8,5,177,40.7155285696467,-73.7278666425737,700,D,FT ,50,STK,400000.0,406,116,Tyler Gaffalione,2140,9,BEL_2019-06-08_8_5,0,BEL_2019-06-08_8,3321,Landeskog,2019-06-08 16:06:44.250,BEL_2019-06-08_8_3321,0.004869142286023318,70.11564891873577,0.55,3
4938118,SAR,2019-09-01,7,10,128,43.0696787869724,-73.7704045852532,850,T,FM ,48,MSW,90000.0,358,119,Kendrick Carmouche,5125,6,SAR_2019-09-01_7_10,0,SAR_2019-09-01_7,2530,Malibu June,2019-09-01 15:58:32.000,SAR_2019-09-01_7_2530,0.0046608276765569764,67.11591854242046,0.32,2
445850,AQU,2019-03-22,8,2,222,40.6733180031984,-73.8311676700955,600,D,SY ,45,AOC,75000.0,524,119,Dylan Davis,3150,7,AQU_2019-03-22_8_2,0,AQU_2019-03-22_8,1199,Luz Mimi,2019-03-22 17:24:55.500,AQU_2019-03-22_8_1199,0.004510073966790774,64.94506512178715,0.77,4
2845038,AQU,2019-03-08,1,3,5,40.6711312488569,-73.8283771125901,550,D,FT ,45,MSW,68000.0,1250,122,Dylan Davis,310,2,AQU_2019-03-08_1_3,0,AQU_2019-03-08_1,1114,Powerfully Built,2019-03-08 12:50:01.250,AQU_2019-03-08_1_1114,0.001153368336024547,16.608504038753477,0.01,1
5044471,BEL,2019-09-20,7,2,167,40.7160429834849,-73.7211073700724,900,I,FM ,189,AOC,85000.0,608,126,Manuel Franco,540,5,BEL_2019-09-20_7_2,0,BEL_2019-09-20_7,1876,Devamani (FR),2019-09-20 18:08:41.750,BEL_2019-09-20_7_1876,0.004830881552331414,69.56469435357236,0.4,2
2805607,AQU,2019-02-03,8,8,305,40.6755403196718,-73.8294300305251,900,D,FT ,98,STK,100000.0,429,118,Reylu Gutierrez,3550,9,AQU_2019-02-03_8_8,0,AQU_2019-02-03_8,848,Destiny Over Fate,2019-02-03 16:30:16.250,AQU_2019-02-03_8_848,0.004405570404146401,63.44021381970818,0.68,3
947295,AQU,2019-04-11,1,7,173,40.6737154450337,-73.8272522709334,800,D,FT ,54,MCL,30000.0,130,126,Samuel Camacho Jr.,1080,6,AQU_2019-04-11_1_7,0,AQU_2019-04-11_1,855,Huracan,2019-04-11 13:30:43.250,AQU_2019-04-11_1_855,0.004748838757718406,68.38327811114505,0.44,2
2869589,AQU,2019-12-15,7,7,57,40.6715624535246,-73.8281515594773,650,D,MY ,52,AOC,67000.0,319,120,Dylan Davis,540,4,AQU_2019-12-15_7_7,0,AQU_2019-12-15_7,217,Mary's Girl,2019-12-15 15:19:14.250,AQU_2019-12-15_7_217,0.005292548812300423,76.21270289712609,0.18,1
358468,AQU,2019-03-30,9,6,264,40.6718515119808,-73.828100304901,1100,D,FT ,32,SST,75000.0,552,120,Jose Lezcano,215,4,AQU_2019-03-30_9_6,0,AQU_2019-03-30_9,95,Shalako,2019-03-30 17:53:06.000,AQU_2019-03-30_9_95,0.004427270507278749,63.75269530481398,0.48,2
3194733,AQU,2019-11-01,8,5,256,40.6751331189802,-73.8301339472407,800,D,FT ,54,ALW,66000.0,344,115,Declan Carroll,190,4,AQU_2019-11-01_8_5,0,AQU_2019-11-01_8,1609,Paved With Gold,2019-11-01 15:45:04.000,AQU_2019-11-01_8_1609,0.004633422484127301,66.72128377143314,0.66,3
3737251,AQU,2019-04-07,2,1,7,40.6703829836584,-73.828727764691,600,D,FT ,45,CLM,50000.0,200,117,Adrian Flores,220,3,AQU_2019-04-07_2_1,0,AQU_2019-04-07_2,1132,No Stone Unturned,2019-04-07 14:00:01.750,AQU_2019-04-07_2_1132,0.0031067872692012353,44.73773667649779,0.02,1
400510,SAR,2019-07-11,4,5,262,43.0734729127985,-73.7659843936971,800,I,FM ,78,CLM,50000.0,248,123,Kendrick Carmouche,375,5,SAR_2019-07-11_4_5,0,SAR_2019-07-11_4,2339,Gosilently,2019-07-11 14:49:05.500,SAR_2019-07-11_4_2339,0.004750344251716621,68.40495722471934,0.7,3
2459503,SAR,2019-07-11,6,9,240,43.0719819726593,-73.7709664584248,550,T,GD ,85,ALW,80000.0,403,120,Joel Rosario,385,8,SAR_2019-07-11_6_9,0,SAR_2019-07-11_6,1177,Pipes,2019-07-11 16:04:00.000,SAR_2019-07-11_6_1177,0.0043671438879081415,62.886871985877235,0.93,4
2953184,SAR,2019-07-12,2,7,74,43.0702355818295,-73.7726944517239,900,D,FT ,82,MSW,78000.0,137,118,Joel Rosario,530,5,SAR_2019-07-12_2_7,0,SAR_2019-07-12_2,3345,Danfusi,2019-07-12 13:37:18.500,SAR_2019-07-12_2_3345,0.005090027694795486,73.296398805055,0.17,1
1818585,AQU,2019-11-10,5,1,12,40.6699252851769,-73.829474943843,600,O,FM ,58,ALW,66000.0,156,120,Trevor McCarthy,1260,5,AQU_2019-11-10_5_1,0,AQU_2019-11-10_5,1945,Wild William,2019-11-10 13:56:03.000,AQU_2019-11-10_5_1945,0.004339301710640596,62.485944633224584,0.04,1
4311805,AQU,2019-12-28,8,3,174,40.6751893012478,-73.8300539386597,600,D,FT ,40,ALW,64000.0,348,118,Manuel Franco,1180,13,AQU_2019-12-28_8_3,0,AQU_2019-12-28_8,2836,Time Warp,2019-12-28 15:48:43.500,AQU_2019-12-28_8_2836,0.004562981664171675,65.70693596407212,0.58,3
1029800,SAR,2019-08-11,2,4,398,43.0716717084995,-73.7709071445163,900,I,FM ,63,STR,75000.0,134,123,Irad Ortiz Jr.,1280,6,SAR_2019-08-11_2_4,0,SAR_2019-08-11_2,2725,Super Dude,2019-08-11 13:35:39.500,SAR_2019-08-11_2_2725,0.004391241556576506,63.233878414701685,0.97,4
4810816,AQU,2019-11-08,9,6,349,40.6727663381516,-73.8306616913589,850,T,FM ,88,MCL,41000.0,418,119,Jose Lezcano,770,6,AQU_2019-11-08_9_6,0,AQU_2019-11-08_9,1838,Evade,2019-11-08 16:19:27.250,AQU_2019-11-08_9_1838,0.004848652771906331,69.82059991545117,0.82,4
389558,AQU,2019-02-23,9,3,190,40.674370315839,-73.8306007774482,600,D,FT ,45,CLM,25000.0,457,121,Carlos J. Hernandez,980,1,AQU_2019-02-23_9_3,1,AQU_2019-02-23_9,523,Malibu Action,2019-02-23 16:57:47.500,AQU_2019-02-23_9_523,0.0048939076313142,70.47226989092448,0.65,3
1317105,AQU,2019-01-06,6,6,303,40.6711579470887,-73.8321663911686,650,D,MY ,32,CLM,36000.0,327,123,Eric Cancel,580,2,AQU_2019-01-06_6_6,0,AQU_2019-01-06_6,205,Parlapiano,2019-01-06 15:28:15.750,AQU_2019-01-06_6_205,0.0036294701079508562,52.26436955449233,0.9,4
1978616,AQU,2019-11-23,7,1,266,40.6732448855437,-73.8311605869815,700,D,FT ,45,ALW,75000.0,253,122,Jose L. Ortiz,1360,7,AQU_2019-11-23_7_1,0,AQU_2019-11-23_7,2408,Fast Talking,2019-11-23 14:54:06.500,AQU_2019-11-23_7_2408,0.003896575137957142,56.11068198658285,0.8,4
3295003,BEL,2019-10-26,4,2,267,40.7134364150056,-73.7233604150878,650,D,FT ,44,MSW,62000.0,226,121,Manuel Franco,2675,6,BEL_2019-10-26_4_2,0,BEL_2019-10-26_4,2786,Moonlight Now,2019-10-26 14:27:06.750,BEL_2019-10-26_4_2786,0.004268922613042097,61.47248562780619,0.86,4
629010,SAR,2019-08-18,9,3,13,43.0723109727904,-73.7707390859248,900,D,FT ,81,STK,100000.0,542,118,Ricardo Santana Jr.,1420,7,SAR_2019-08-18_9_3,0,SAR_2019-08-18_9,4527,Tweeting,2019-08-18 17:42:03.250,SAR_2019-08-18_9_4527,0.003753211525886726,54.04624597276885,0.03,1
4834723,AQU,2019-12-01,4,8,339,40.6720732930576,-73.8317491524455,800,D,GD ,54,MSW,62000.0,147,114,Declan Carroll,2190,2,AQU_2019-12-01_4_8,0,AQU_2019-12-01_4,1756,Forever Wicked,2019-12-01 13:48:24.750,AQU_2019-12-01_4_1756,0.00460600433582667,66.32646243590405,0.88,4
3606718,BEL,2019-04-28,7,4,66,40.7170934468021,-73.7227727742439,700,D,FT ,41,MSW,80000.0,446,118,Manuel Franco,3000,4,BEL_2019-04-28_7_4,0,BEL_2019-04-28_7,2896,Meet Me in L A,2019-04-28 16:46:16.500,BEL_2019-04-28_7_2896,0.005198539938393906,74.85897511287224,0.18,1
1307777,SAR,2019-07-31,1,6,398,43.0723055646981,-73.770714035548,900,D,FT ,76,STR,60000.0,103,125,Manuel Franco,260,2,SAR_2019-07-31_1_6,0,SAR_2019-07-31_1,256,Kingdom's Queen,2019-07-31 13:04:39.500,SAR_2019-07-31_1_256,0.003970954750121426,57.18174840174854,0.89,4
1154512,AQU,2019-11-11,1,2,334,40.6732244791098,-73.8303750751416,850,T,FM ,88,CLM,57000.0,1200,123,Joel Rosario,255,2,AQU_2019-11-11_1_2,0,AQU_2019-11-11_1,1987,Rosebud's Hope,2019-11-11 12:01:23.500,AQU_2019-11-11_1_1987,0.005024661236301491,72.35512180274146,0.82,4
2786183,SAR,2019-07-17,7,13,138,43.071818429623,-73.7646154807046,700,D,SY ,30,MSW,90000.0,436,118,Julien R. Leparoux,340,4,SAR_2019-07-17_7_13,0,SAR_2019-07-17_7,4103,Panforte Di Siena,2019-07-17 16:36:34.500,SAR_2019-07-17_7_4103,0.004980713709330231,71.72227741435533,0.41,2
4891589,BEL,2019-07-04,5,3,123,40.7153863262391,-73.7278111506426,550,D,FT ,63,MSW,80000.0,345,118,Jose Lezcano,500,3,BEL_2019-07-04_5_3,0,BEL_2019-07-04_5,2551,Extreme Force,2019-07-04 15:45:30.750,BEL_2019-07-04_5_2551,0.005170439235156553,74.45432498625436,0.48,2
3001206,AQU,2019-12-06,7,8,200,40.6741150440502,-73.8307644674573,600,D,FT ,48,ALW,66000.0,247,113,Declan Carroll,1930,6,AQU_2019-12-06_7_8,0,AQU_2019-12-06_7,779,Wailin Josie,2019-12-06 14:47:50.000,AQU_2019-12-06_7_779,0.004467623085060083,64.33377242486519,0.68,3
4366183,AQU,2019-11-23,10,4,300,40.6713937203823,-73.8320267455084,600,D,FT ,40,MCL,41000.0,417,119,Irad Ortiz Jr.,590,11,AQU_2019-11-23_10_4,0,AQU_2019-11-23_10,2434,Surprise Visit,2019-11-23 16:18:15.000,AQU_2019-11-23_10_2434,0.0021135037367722427,30.434453809520296,0.97,4
4567686,BEL,2019-10-20,2,5,292,40.7130779046745,-73.7211637717805,600,T,FM ,156,MSW,75000.0,119,120,Pablo Fragoso,1170,7,BEL_2019-10-20_2_5,0,BEL_2019-10-20_2,1916,Colloquist,2019-10-20 13:20:13.000,BEL_2019-10-20_2_1916,0.003462381673424854,49.8582960973179,0.99,4
5223139,BEL,2019-07-06,9,14,403,40.713995847855,-73.7232738571008,1000,I,FM ,38,STK,1000000.0,545,122,John R. Velazquez,1070,3,BEL_2019-07-06_9_14,0,BEL_2019-07-06_9,3579,Rockemperor (IRE),2019-07-06 17:46:40.750,BEL_2019-07-06_9_3579,0.005131533996502561,73.89408954963687,0.9,4
2280571,SAR,2019-08-24,5,1,103,43.0709646661715,-73.7664709736058,700,D,FT ,32,STK,600000.0,148,122,Luis Saez,155,6,SAR_2019-08-24_5_1,0,SAR_2019-08-24_5,3326,Promises Fulfilled,2019-08-24 13:48:25.750,SAR_2019-08-24_5_3326,0.005356500636618611,77.13360916730801,0.32,2
3372328,AQU,2019-11-24,7,5,134,40.6721707417779,-73.8279535111066,800,D,SY ,54,AOC,70000.0,319,121,Jose Lezcano,240,1,AQU_2019-11-24_7_5,1,AQU_2019-11-24_7,1416,El Hermano,2019-11-24 15:19:33.500,AQU_2019-11-24_7_1416,0.004925790524200773,70.93138354849114,0.34,2
1241014,AQU,2019-03-22,3,5,266,40.6751646696935,-73.8300938053319,800,D,SY ,54,CLM,46000.0,240,121,Rajiv Maragh,990,5,AQU_2019-03-22_3_5,0,AQU_2019-03-22_3,498,Incubator,2019-03-22 14:41:06.500,AQU_2019-03-22_3_498,0.004142358945766153,59.64996881903261,0.67,3
1914403,BEL,2019-05-27,2,9,213,40.7140073013286,-73.7254222510932,650,D,FT ,44,ALW,66000.0,202,125,Dylan Davis,1110,4,BEL_2019-05-27_2_9,0,BEL_2019-05-27_2,2205,My Last Million,2019-05-27 14:02:53.250,BEL_2019-05-27_2_2205,0.004799977274474705,69.11967275243575,0.73,3
476807,AQU,2019-03-30,2,2,244,40.6725223879479,-73.83148796421,600,D,FT ,45,SST,55000.0,203,124,Kendrick Carmouche,540,3,AQU_2019-03-30_2_2,0,AQU_2019-03-30_2,1245,Bow Town Cat,2019-03-30 14:04:01.000,AQU_2019-03-30_2_1245,0.004171926341418361,60.0757393164244,0.83,4
1965794,SAR,2019-07-24,10,5,167,43.072989238091,-73.7643917732528,700,D,FT ,32,ALW,92000.0,620,124,Manuel Franco,530,5,SAR_2019-07-24_10_5,0,SAR_2019-07-24_10,2814,Take Charge Aubrey,2019-07-24 18:20:41.750,SAR_2019-07-24_10_2814,0.004995365359963763,71.93326118347818,0.5,2
1439646,SAR,2019-08-07,9,5,404,43.0726044253707,-73.7699190257537,900,D,FT ,78,STK,101200.0,507,118,Javier Castellano,1010,8,SAR_2019-08-07_9_5,0,SAR_2019-08-07_9,4392,Evaluator,2019-08-07 17:08:41.000,SAR_2019-08-07_9_4392,0.0029979480398922083,43.1704517744478,0.88,4
3118113,AQU,2019-11-17,4,1,137,40.6735511671912,-73.8302651948055,1100,T,FM ,48,ALW,90000.0,130,118,Manuel Franco,720,4,AQU_2019-11-17_4_1,0,AQU_2019-11-17_4,2252,Uhtred,2019-11-17 13:30:34.250,AQU_2019-11-17_4_2252,0.0046568465965475,67.058590990284,0.26,2
331223,AQU,2019-11-09,8,11,30,40.6721648674428,-73.830986981611,800,T,FM ,20,STK,150000.0,320,123,Carol Cedeno,6775,9,AQU_2019-11-09_8_11,0,AQU_2019-11-09_8,1896,Abiding Star,2019-11-09 15:20:07.500,AQU_2019-11-09_8_1896,0.005212494766492131,75.05992463748669,0.08,1
2143165,AQU,2019-04-19,4,7,224,40.6730175256477,-73.8312465340219,600,D,FT ,48,AOC,70000.0,303,121,Rajiv Maragh,1720,1,AQU_2019-04-19_4_7,1,AQU_2019-04-19_4,42,My Roxy Girl,2019-04-19 15:03:56.000,AQU_2019-04-19_4_42,0.004601681944769113,66.26422000467522,0.75,3
5227083,BEL,2019-09-07,10,5,263,40.7161493153945,-73.7204526293512,1200,T,GD ,63,STK,1000000.0,547,122,Flavien Prat,1910,3,BEL_2019-09-07_10_5,0,BEL_2019-09-07_10,3634,San Huberto (IRE),2019-09-07 17:48:05.750,BEL_2019-09-07_10_3634,0.004802912653482124,69.16194221014258,0.47,2
4964809,AQU,2019-11-22,4,5,379,40.6717676664019,-73.8315732059839,850,O,GD ,45,MSW,70000.0,219,114,Benjamin Hernandez,1440,3,AQU_2019-11-22_4_5,0,AQU_2019-11-22_4,2062,Cherokee Song,2019-11-22 14:20:34.750,AQU_2019-11-22_4_2062,0.004418288580550324,63.62335555992467,0.9,4
4243937,BEL,2019-05-19,5,11,96,40.7164333582092,-73.7213945318093,800,T,FM ,108,MSW,62000.0,348,118,Javier Castellano,1250,4,BEL_2019-05-19_5_11,0,BEL_2019-05-19_5,3086,Honorable Rose,2019-05-19 15:48:24.000,BEL_2019-05-19_5_3086,0.004806914655559931,69.219571040063,0.25,2
4009762,SAR,2019-07-11,3,6,389,43.0723834806985,-73.770472456884,900,D,FT ,84,ALW,92000.0,213,120,Javier Castellano,410,2,SAR_2019-07-11_3_6,0,SAR_2019-07-11_3,4005,Growth Engine,2019-07-11 14:14:37.250,SAR_2019-07-11_3_4005,0.004478935718070103,64.49667434020948,0.92,4
3026553,BEL,2019-09-06,5,5,92,40.7175612015138,-73.726631503176,600,D,SY ,76,AOC,70000.0,508,118,Dylan Davis,890,4,BEL_2019-09-06_5_5,0,BEL_2019-09-06_5,1055,Forgotten Hero,2019-09-06 17:08:23.000,BEL_2019-09-06_5_1055,0.00530492989032832,76.3909904207278,0.3,2
3081705,AQU,2019-04-17,2,2,261,40.6737591380627,-73.8309082468651,700,D,FT ,44,MCL,33000.0,200,111,Benjamin Hernandez,650,6,AQU_2019-04-17_2_2,0,AQU_2019-04-17_2,1215,High Command,2019-04-17 14:01:05.250,AQU_2019-04-17_2_1215,0.004586547878114769,66.04628944485268,0.77,4
5199665,BEL,2019-10-20,9,1,355,40.7138864741477,-73.7230681582555,850,I,FM ,78,STK,200000.0,441,124,Joel Rosario,165,5,BEL_2019-10-20_9_1,0,BEL_2019-10-20_9,3961,Simply Breathless (GB),2019-10-20 16:42:28.750,BEL_2019-10-20_9_3961,0.004714261505103927,67.88536567349655,0.9,4
3815554,BEL,2019-05-11,11,11,141,40.7162043278023,-73.7277340619723,600,T,FM ,164,MSW,62000.0,657,118,Joe Bravo,840,5,BEL_2019-05-11_11_11,0,BEL_2019-05-11_11,1449,Adios Amigos,2019-05-11 18:57:35.250,BEL_2019-05-11_11_1449,0.005016987539502623,72.24462056883777,0.43,2
237920,AQU,2019-02-09,3,3,3,40.6719714711989,-73.8317948142623,900,D,FT ,84,CLM,25000.0,156,114,Benjamin Hernandez,1220,2,AQU_2019-02-09_3_3,0,AQU_2019-02-09_3,535,Holy Week,2019-02-09 13:56:00.750,AQU_2019-02-09_3_535,0.0005917430024319931,8.521099235020701,0.0,1
4106577,BEL,2019-09-27,2,2,190,40.7141530259543,-73.7258590497868,600,D,FT ,56,CLM,36000.0,133,120,Kendrick Carmouche,820,4,BEL_2019-09-27_2_2,0,BEL_2019-09-27_2,3814,Bucked Tooth,2019-09-27 13:33:47.500,BEL_2019-09-27_2_3814,0.004843245550990045,69.74273593425664,0.67,3
921249,BEL,2019-10-18,4,7,18,40.7164841704941,-73.7202223649981,700,D,FT ,54,CLM,28000.0,259,124,Luis A. Rodriguez Castro,340,4,BEL_2019-10-18_4_7,0,BEL_2019-10-18_4,788,Sir Ballantine,2019-10-18 14:59:04.500,BEL_2019-10-18_4_788,0.00497332472527489,71.61587604395841,0.05,1
4484899,BEL,2019-10-05,6,1,16,40.7157466505903,-73.7201275533653,600,I,FM ,136,STK,150000.0,308,120,Jose Lezcano,65,1,BEL_2019-10-05_6_1,1,BEL_2019-10-05_6,3753,Alms,2019-10-05 15:08:04.000,BEL_2019-10-05_6_3753,0.004149839805508288,59.757693199319355,0.05,1
4822801,SAR,2019-08-04,4,6,13,43.0724290236552,-73.769772088621,850,T,FM ,102,MSW,90000.0,246,119,Luis Saez,600,5,SAR_2019-08-04_4_6,0,SAR_2019-08-04_4,4359,Swanage,2019-08-04 14:46:03.250,SAR_2019-08-04_4_4359,0.004145148940924414,59.690144749311564,0.03,1
3794484,SAR,2019-07-14,8,7,305,43.0730778526262,-73.7673563765152,850,I,FM ,28,AOC,92000.0,516,118,Luis Saez,2030,4,SAR_2019-07-14_8_7,0,SAR_2019-07-14_8,1777,Dance Till Dawn,2019-07-14 17:17:16.250,SAR_2019-07-14_8_1777,0.004856013088261425,69.92658847096452,0.78,4
3662214,AQU,2019-03-16,5,1,91,40.6704536951509,-73.8287301273025,800,D,FT ,54,MCL,35000.0,404,113,Benjamin Hernandez,1950,6,AQU_2019-03-16_5_1,0,AQU_2019-03-16_5,557,Boosted Ego,2019-03-16 16:04:22.750,AQU_2019-03-16_5_557,0.004970207859087768,71.57099317086386,0.2,1
5186121,BEL,2019-06-26,4,8,98,40.7174046287289,-73.7261262690171,600,T,FM ,72,AOC,82000.0,314,125,Javier Castellano,100,4,BEL_2019-06-26_4_8,0,BEL_2019-06-26_4,3488,Mutakatif (IRE),2019-06-26 15:14:24.500,BEL_2019-06-26_4_3488,0.005298710079978061,76.30142515168409,0.35,2
2356992,AQU,2019-11-22,7,6,162,40.6749792249347,-73.8273796707404,700,D,GD ,45,STR,55000.0,348,115,Benjamin Hernandez,760,4,AQU_2019-11-22_7_6,0,AQU_2019-11-22_7,591,Aunt Babe,2019-11-22 15:48:40.500,AQU_2019-11-22_7_591,0.0046523200435581195,66.99340862723692,0.48,2
4464964,SAR,2019-08-18,6,4,255,43.0726902350249,-73.7696297941937,650,D,FT ,72,MSW,90000.0,354,119,Ricardo Santana Jr.,315,2,SAR_2019-08-18_6_4,0,SAR_2019-08-18_6,4124,Finite,2019-08-18 15:55:03.750,SAR_2019-08-18_6_4124,0.004798610399100033,69.09998974704048,0.79,4
4703928,SAR,2019-08-01,1,3,8,43.0699838181552,-73.7694207440704,550,T,FM ,54,MSW,75000.0,103,120,Joel Rosario,230,1,SAR_2019-08-01_1_3,1,SAR_2019-08-01_1,4298,Frosted Rose,2019-08-01 13:03:02.000,SAR_2019-08-01_1_4298,0.0035368429057385025,50.930537842634436,0.03,1
4127326,BEL,2019-10-13,6,1,140,40.7155343454623,-73.7278664621046,600,D,FT ,58,CLM,42000.0,405,115,Benjamin Hernandez,650,6,BEL_2019-10-13_6_1,0,BEL_2019-10-13_6,1107,Sarahrini,2019-10-13 16:05:35.000,BEL_2019-10-13_6_1107,0.0048198996890751866,69.40655552268268,0.48,2
276654,BEL,2019-07-06,10,9,194,40.717117559591,-73.7228197402566,1000,D,FT ,72,STK,700000.0,620,117,Luis Saez,3050,4,BEL_2019-07-06_10_9,0,BEL_2019-07-06_10,2947,Realm,2019-07-06 18:20:48.500,BEL_2019-07-06_10_2947,0.004892929495282245,70.45818473206432,0.41,2
316461,SAR,2019-07-28,9,10,132,43.0735487136954,-73.7652711327342,550,T,FM ,54,STR,75000.0,529,119,Javier Castellano,900,5,SAR_2019-07-28_9_10,0,SAR_2019-07-28_9,3353,Maniacal,2019-07-28 17:29:33.000,SAR_2019-07-28_9_3353,0.005333722963857452,76.80561067954731,0.52,3
4009798,SAR,2019-07-11,3,6,353,43.0731058463961,-73.7686501411756,900,D,FT ,84,ALW,92000.0,213,120,Javier Castellano,410,2,SAR_2019-07-11_3_6,0,SAR_2019-07-11_3,4005,Growth Engine,2019-07-11 14:14:28.250,SAR_2019-07-11_3_4005,0.004703552924517215,67.7311621130479,0.83,4
2766070,BEL,2019-05-09,4,1,266,40.7149013023169,-73.727225264349,800,T,GD ,162,CLM,60000.0,440,118,Jose L. Ortiz,1040,7,BEL_2019-05-09_4_1,0,BEL_2019-05-09_4,1486,Traffic Stop,2019-05-09 16:41:06.500,BEL_2019-05-09_4_1486,0.00477703859196926,68.78935572435735,0.68,3
4306775,BEL,2019-05-16,8,5,313,40.7130709324912,-73.7217888094609,700,D,FT ,40,ALW,66000.0,647,120,Dylan Davis,250,1,BEL_2019-05-16_8_5,1,BEL_2019-05-16_8,1412,Freudnme,2019-05-16 18:48:18.250,BEL_2019-05-16_8_1412,0.003575992390777414,51.49429042719476,0.96,4
297487,AQU,2019-04-06,4,7,36,40.6695764179812,-73.8290983150887,700,D,FT ,44,CLM,28000.0,234,113,Benjamin Hernandez,2400,7,AQU_2019-04-06_4_7,0,AQU_2019-04-06_4,537,Avast Matey,2019-04-06 14:34:09.000,AQU_2019-04-06_4_537,0.005250127402757743,75.60183459971151,0.1,1
2350538,AQU,2019-01-10,3,2,150,40.6724012518501,-73.8278201913716,800,D,FT ,54,MCL,30000.0,200,123,Talbert Howell,3500,6,AQU_2019-01-10_3_2,0,AQU_2019-01-10_3,243,Linns Boy,2019-01-10 14:00:37.500,AQU_2019-01-10_3_243,0.005104026573605726,73.49798265992244,0.35,2
1296052,AQU,2019-04-11,6,2,186,40.6742939708563,-73.8303118363597,600,O,FM ,47,ALW,75000.0,410,124,Luis R. Reyes,610,3,AQU_2019-04-11_6_2,0,AQU_2019-04-11_6,1394,Helen's Tiger,2019-04-11 16:10:46.500,AQU_2019-04-11_6_1394,0.0049518978301922355,71.30732875476819,0.66,3
1895584,SAR,2019-08-14,4,8,388,43.0721238660908,-73.7704758426498,900,T,FM ,111,ALW,80000.0,226,123,Joel Rosario,2040,7,SAR_2019-08-14_4_8,0,SAR_2019-08-14_4,1019,Hokulea,2019-08-14 14:27:37.000,SAR_2019-08-14_4_1019,0.00502426897155305,72.34947319036392,0.9,4
2511130,BEL,2019-09-06,6,4,12,40.7154827325922,-73.7165194018587,850,D,SY ,40,MSW,75000.0,540,120,Javier Castellano,355,2,BEL_2019-09-06_6_4,0,BEL_2019-09-06_6,3235,Trial and Error,2019-09-06 17:40:03.000,BEL_2019-09-06_6_3235,0.0036801679918483463,52.99441908261619,0.03,1
727613,AQU,2019-03-24,8,7,319,40.672811910672,-73.8313879493894,800,D,FT ,54,ALW,70000.0,536,123,Dylan Davis,600,5,AQU_2019-03-24_8_7,0,AQU_2019-03-24_8,1234,Pink Twist,2019-03-24 17:37:19.750,AQU_2019-03-24_8_1234,0.004466245313579994,64.31393251555191,0.82,4
727881,AQU,2019-02-21,3,5,14,40.6670152086021,-73.8302462101801,800,D,SY ,54,CLM,36000.0,154,120,Eric Cancel,380,4,AQU_2019-02-21_3_5,0,AQU_2019-02-21_3,1011,Carlisle Belle,2019-02-21 13:54:03.500,AQU_2019-02-21_3_1011,0.0036434651371344434,52.46589797473599,0.03,1
4408733,SAR,2019-08-01,3,3,72,43.0715870478134,-73.7649746232088,550,D,FT ,54,MCL,52000.0,212,119,Dylan Davis,520,3,SAR_2019-08-01_3_3,0,SAR_2019-08-01_3,4046,Vaya Con Dios,2019-08-01 14:12:18.000,SAR_2019-08-01_3_4046,0.005493587699023691,79.10766286594115,0.27,2
1885076,BEL,2019-07-07,3,3,280,40.7130249312284,-73.7216531906299,600,D,FT ,60,MSW,62000.0,135,124,Junior Alvarado,420,4,BEL_2019-07-07_3_3,0,BEL_2019-07-07_3,745,Deputy Flag,2019-07-07 13:36:10.000,BEL_2019-07-07_3_745,0.003635260853170674,52.3477562856577,0.97,4
2787607,BEL,2019-06-29,8,2,326,40.7138827347798,-73.7248614784896,850,D,FT ,45,STK,250000.0,512,121,Jose Lezcano,1770,2,BEL_2019-06-29_8_2,0,BEL_2019-06-29_8,2517,Classic Fit,2019-06-29 17:13:21.500,BEL_2019-06-29_8_2517,0.0049796446932074395,71.70688358218713,0.82,4
1373513,BEL,2019-05-18,4,2,61,40.7158547268546,-73.7192147857771,800,T,GD ,108,AOC,85000.0,139,122,Junior Alvarado,325,1,BEL_2019-05-18_4_2,1,BEL_2019-05-18_4,3063,Say the Word,2019-05-18 13:39:15.250,BEL_2019-05-18_4_3063,0.004886774166016628,70.36954799063945,0.16,1
4561951,AQU,2019-11-02,2,8,79,40.6727607679059,-73.8280027312555,600,O,GD ,45,MSW,62000.0,1231,120,Kendrick Carmouche,680,3,AQU_2019-11-02_2_8,0,AQU_2019-11-02_2,1627,Power Up Paynter,2019-11-02 12:31:19.750,AQU_2019-11-02_2_1627,0.005482454632401681,78.9473467065842,0.25,2
2968264,BEL,2019-06-08,8,1,187,40.7150827928787,-73.7276506752494,700,D,FT ,50,STK,400000.0,406,115,Javier Castellano,200,6,BEL_2019-06-08_8_1,0,BEL_2019-06-08_8,3320,Honest Mischief,2019-06-08 16:06:46.750,BEL_2019-06-08_8_3320,0.0049910200447418306,71.87068864428235,0.58,3
4014316,AQU,2019-11-20,9,4,303,40.6704008162836,-73.8324284876306,600,D,FT ,38,MCL,33000.0,417,120,Dylan Davis,710,4,AQU_2019-11-20_9_4,0,AQU_2019-11-20_9,989,Da Berg,2019-11-20 16:18:15.750,AQU_2019-11-20_9_989,0.0031971313829184714,46.03869191402599,0.99,4
4448547,AQU,2019-12-14,8,11,273,40.6731136342493,-73.8312857718197,700,D,SY ,48,STK,500000.0,347,119,Kendrick Carmouche,3400,11,AQU_2019-12-14_8_11,0,AQU_2019-12-14_8,2003,Tercero,2019-12-14 15:48:08.250,AQU_2019-12-14_8_2003,0.004095032458999636,58.96846740959476,0.8,4
4949140,BEL,2019-09-26,1,1,37,40.7153971929127,-73.7180352135197,800,T,FM ,168,MCL,46000.0,102,119,Hector Rafael Diaz Jr.,4325,7,BEL_2019-09-26_1_1,0,BEL_2019-09-26_1,1841,Launch Sequence,2019-09-26 13:02:09.250,BEL_2019-09-26_1_1841,0.004925576824020385,70.92830626589354,0.09,1
3850161,BEL,2019-05-19,9,1,173,40.717142972785,-73.7241960377638,850,T,FM ,88,MCL,41000.0,556,118,Dylan Davis,780,9,BEL_2019-05-19_9_1,0,BEL_2019-05-19_9,823,Disquiet,2019-05-19 17:56:43.250,BEL_2019-05-19_9_823,0.00485981103307839,69.98127887632882,0.42,2
374826,BEL,2019-05-05,8,4,20,40.7158380872609,-73.7178585649504,800,D,SY ,54,STK,250000.0,518,117,Hector Rafael Diaz Jr.,2020,5,BEL_2019-05-05_8_4,0,BEL_2019-05-05_8,926,Frostie Anne,2019-05-05 17:18:05.000,BEL_2019-05-05_8_926,0.004702178086587513,67.71136444686019,0.05,1
3632300,AQU,2019-11-29,1,7,213,40.6746388145327,-73.8304819167033,650,D,FT ,52,MSW,62000.0,1150,122,Reylu Gutierrez,1310,3,AQU_2019-11-29_1_7,0,AQU_2019-11-29_1,1619,Clever Tale,2019-11-29 11:50:53.250,AQU_2019-11-29_1_1619,0.004589659822802283,66.09110144835287,0.67,3
5076370,BEL,2019-09-28,9,8,140,40.7167579494862,-73.7223998158902,850,T,FM ,166,STK,200000.0,516,120,Joel Rosario,730,4,BEL_2019-09-28_9_8,0,BEL_2019-09-28_9,1729,Famished,2019-09-28 17:16:35.000,BEL_2019-09-28_9_1729,0.005141288184009875,74.0345498497422,0.35,2
1536019,AQU,2019-01-11,1,1,73,40.6696472961418,-73.829099948284,800,D,FT ,54,MSW,68000.0,1250,123,Dylan Davis,420,5,AQU_2019-01-11_1_1,0,AQU_2019-01-11_1,259,Communal,2019-01-11 12:50:18.250,AQU_2019-01-11_1_259,0.005068043003674592,72.97981925291413,0.18,1
1291272,AQU,2019-01-06,6,8,71,40.6722023348913,-73.8278667355823,650,D,MY ,32,CLM,36000.0,327,123,Rajiv Maragh,2400,8,AQU_2019-01-06_6_8,0,AQU_2019-01-06_6,211,She'saprettylady,2019-01-06 15:27:17.750,AQU_2019-01-06_6_211,0.0051796387296966055,74.58679770763112,0.21,1
1905902,AQU,2019-01-27,5,4,111,40.6747768508732,-73.8272336784786,600,D,FT ,45,AOC,67000.0,232,123,Eric Cancel,1240,5,AQU_2019-01-27_5_4,0,AQU_2019-01-27_5,713,Five Star Bunt,2019-01-27 14:32:27.750,AQU_2019-01-27_5_713,0.004984633281985425,71.77871926059012,0.39,2
4604637,BEL,2019-10-12,6,10,250,40.713898809269,-73.7228682150553,600,I,FM ,164,MSW,62000.0,339,119,Dylan Davis,4650,3,BEL_2019-10-12_6_10,0,BEL_2019-10-12_6,1628,Our Troubadour,2019-10-12 15:40:02.500,BEL_2019-10-12_6_1628,0.004751039967917077,68.4149755380059,0.87,4
3915277,BEL,2019-06-15,10,12,16,40.7135270060411,-73.7173741604848,850,T,FM ,90,MCL,41000.0,625,118,Eric Cancel,4375,2,BEL_2019-06-15_10_12,0,BEL_2019-06-15_10,3200,Catorat,2019-06-15 18:25:04.000,BEL_2019-06-15_10_3200,0.0037941293832150814,54.635463118297174,0.04,1
1231598,AQU,2019-02-17,1,2,301,40.6711803896329,-73.832084619867,650,D,FT ,40,MSW,68000.0,1251,118,Reylu Gutierrez,45,3,AQU_2019-02-17_1_2,0,AQU_2019-02-17_1,970,Restructure,2019-02-17 12:52:15.250,AQU_2019-02-17_1_970,0.003818676616867492,54.98894328289188,0.94,4
3841907,BEL,2019-06-22,6,7,54,40.7175951347073,-73.7246742750485,600,D,FT ,45,MSW,62000.0,415,118,Eric Cancel,1450,2,BEL_2019-06-22_6_7,0,BEL_2019-06-22_6,1224,Bassman Dave,2019-06-22 16:15:13.500,BEL_2019-06-22_6_1224,0.005284042302510571,76.09020915615223,0.19,1
4171134,AQU,2019-12-07,2,8,317,40.6739147903173,-73.8301658633531,850,T,YL ,96,STK,150000.0,1201,120,Jose L. Ortiz,950,6,AQU_2019-12-07_2_8,0,AQU_2019-12-07_2,1764,Tass,2019-12-07 12:02:19.250,AQU_2019-12-07_2_1764,0.004429539212629953,63.78536466187133,0.78,4
4978961,AQU,2019-11-03,5,7,211,40.6735874076144,-73.8280012105788,800,T,GD ,76,STK,100000.0,155,122,Dylan Davis,1990,7,AQU_2019-11-03_5_7,0,AQU_2019-11-03_5,1479,Lady Fatima,2019-11-03 13:55:52.750,AQU_2019-11-03_5_1479,0.004691755213061815,67.56127506809014,0.52,3
2512905,BEL,2019-05-18,1,2,170,40.7176954205534,-73.7250225070313,850,D,FT ,44,CLM,45000.0,1200,118,Dylan Davis,1430,6,BEL_2019-05-18_1_2,0,BEL_2019-05-18_1,466,Ok Honey,2019-05-18 12:00:42.500,BEL_2019-05-18_1_466,0.004894601555783988,70.48226240328943,0.42,2
1389523,BEL,2019-05-26,3,1,214,40.7161079516508,-73.727919537178,800,D,FT ,52,ALW,66000.0,234,123,Dylan Davis,470,1,BEL_2019-05-26_3_1,1,BEL_2019-05-26_3,131,Turn and Bern,2019-05-26 14:34:53.500,BEL_2019-05-26_3_131,0.004886526444359008,70.36598079876973,0.57,3
4084947,SAR,2019-08-24,3,4,330,43.0729599311764,-73.768270713958,850,T,FM ,80,MSW,90000.0,1241,119,Rajiv Maragh,4250,5,SAR_2019-08-24_3_4,0,SAR_2019-08-24_3,4117,Sara Sea,2019-08-24 12:42:22.500,SAR_2019-08-24_3_4117,0.00484332861765749,69.74393209426786,0.81,4
4454236,SAR,2019-08-17,7,1,18,43.0693276396614,-73.7705977478822,650,D,FT ,72,MSW,90000.0,421,119,Javier Castellano,570,7,SAR_2019-08-17_7_1,0,SAR_2019-08-17_7,2635,Cost Basis,2019-08-17 16:21:04.500,SAR_2019-08-17_7_2635,0.004300486429198781,61.927004580462444,0.05,1
1938210,SAR,2019-08-08,4,6,296,43.0725116533488,-73.7702169968491,700,D,FT ,32,CLM,65000.0,244,125,Manuel Franco,890,5,SAR_2019-08-08_4_6,0,SAR_2019-08-08_4,672,I'm an Ocala Dude,2019-08-08 14:45:14.000,SAR_2019-08-08_4_672,0.004014630599970831,57.810680639579964,0.89,4
3553649,AQU,2019-02-08,5,6,19,40.6674501888115,-73.8300519183767,800,D,SY ,54,MSW,60000.0,257,120,Dylan Davis,710,7,AQU_2019-02-08_5_6,0,AQU_2019-02-08_5,151,Big Browning,2019-02-08 14:57:04.750,AQU_2019-02-08_5_151,0.00464236690623484,66.85008344978169,0.04,1
3721870,BEL,2019-05-24,9,3,298,40.7134899193069,-73.7234780150849,700,D,FT ,40,MCL,41000.0,551,118,Samuel Jimenez,6375,6,BEL_2019-05-24_9_3,0,BEL_2019-05-24_9,130,Sarah's Rainbow,2019-05-24 17:52:14.500,BEL_2019-05-24_9_130,0.003943489502779992,56.78624884003188,0.86,4
5195383,BEL,2019-09-06,7,8,154,40.7159736402821,-73.7273647903633,600,I,YL ,126,STK,100000.0,612,122,Joe Bravo,1830,6,BEL_2019-09-06_7_8,0,BEL_2019-09-06_7,1472,Queen of Bermuda (IRE),2019-09-06 18:12:38.500,BEL_2019-09-06_7_1472,0.004867565944270872,70.09294959750056,0.51,3
1508184,BEL,2019-09-14,9,1,73,40.7175733784081,-73.7246174396661,650,D,FT ,48,ALW,66000.0,518,121,Manuel Franco,1390,4,BEL_2019-09-14_9_1,0,BEL_2019-09-14_9,299,Foolish Ghost,2019-09-14 17:18:18.250,BEL_2019-09-14_9_299,0.005364965006848283,77.25549609861528,0.23,1
3745188,AQU,2019-03-09,3,1,121,40.6751952206479,-73.8275963490023,600,D,FT ,45,MCL,35000.0,125,115,Reylu Gutierrez,640,3,AQU_2019-03-09_3_1,0,AQU_2019-03-09_3,875,Karabessa,2019-03-09 13:25:30.250,AQU_2019-03-09_3_875,0.004777135788068021,68.7907553481795,0.4,2
3177049,AQU,2019-03-10,6,4,106,40.6712305805763,-73.8284000938776,800,D,SY ,54,MSW,68000.0,412,118,Eric Cancel,520,1,AQU_2019-03-10_6_4,1,AQU_2019-03-10_6,418,Erlich,2019-03-10 16:12:26.500,AQU_2019-03-10_6_418,0.0049669034883310864,71.52341023196765,0.27,2
3669396,AQU,2019-01-26,2,6,53,40.6712713653218,-73.828337536294,650,D,FT ,30,MCL,35000.0,1255,122,Dylan Davis,370,2,AQU_2019-01-26_2_6,0,AQU_2019-01-26_2,643,D Emcee,2019-01-26 12:55:13.250,AQU_2019-01-26_2_643,0.005478363036605028,78.8884277271124,0.16,1
1857158,SAR,2019-08-09,8,9,40,43.0716531285494,-73.7710005935394,800,I,FM ,30,AOC,95000.0,454,122,Luis Saez,330,3,SAR_2019-08-09_8_9,0,SAR_2019-08-09_8,2503,Andina Del Sur,2019-08-09 16:54:10.000,SAR_2019-08-09_8_2503,0.0053486575994063715,77.02066943145175,0.11,1
3944092,BEL,2019-07-04,6,7,167,40.7166008750698,-73.7275702735236,700,T,FM ,92,MCL,41000.0,416,118,Dylan Davis,5950,9,BEL_2019-07-04_6_7,0,BEL_2019-07-04_6,509,Controllingthegold,2019-07-04 16:16:41.750,BEL_2019-07-04_6_509,0.004849108711868691,69.82716545090915,0.51,3
2036645,SAR,2019-08-09,2,8,146,43.0698323023367,-73.76927176248,900,D,FT ,81,MCL,48000.0,134,124,Tyler Gaffalione,200,1,SAR_2019-08-09_2_8,1,SAR_2019-08-09_2,2321,Super Silver,2019-08-09 13:34:36.500,SAR_2019-08-09_2_2321,0.004575982766761818,65.89415184137019,0.33,2
3134789,BEL,2019-06-06,1,1,412,40.7144068729657,-73.7261551280476,1100,T,FM ,24,AOC,92000.0,305,118,Javier Castellano,460,2,BEL_2019-06-06_1_1,0,BEL_2019-06-06_1,3228,He's No Lemon,2019-06-06 15:06:43.000,BEL_2019-06-06_1_3228,0.005025369714325085,72.36532388628123,0.81,4
1258126,BEL,2019-09-26,8,5,332,40.7142680788139,-73.7245186575595,850,I,FM ,84,CLM,39000.0,444,122,Hector Rafael Diaz Jr.,1210,4,BEL_2019-09-26_8_5,0,BEL_2019-09-26_8,798,Phone Funky Munky,2019-09-26 16:45:23.000,BEL_2019-09-26_8_798,0.0045584412048920745,65.64155335044588,0.82,4
1220630,BEL,2019-10-10,3,2,216,40.7144376784446,-73.7268068579842,700,D,FT ,54,ALW,77000.0,223,121,Luis R. Reyes,880,4,BEL_2019-10-10_3_2,0,BEL_2019-10-10_3,328,Dark N Cloudy,2019-10-10 14:23:54.000,BEL_2019-10-10_3_328,0.004928425591370162,70.96932851573034,0.67,3
4263723,BEL,2019-10-13,6,6,282,40.7130630941743,-73.7220053838002,600,D,FT ,58,CLM,42000.0,405,119,Pablo Fragoso,1870,7,BEL_2019-10-13_6_6,0,BEL_2019-10-13_6,1104,G. T. Sonia,2019-10-13 16:06:10.500,BEL_2019-10-13_6_1104,0.0033464589852403373,48.18900938746086,0.98,4
1163570,AQU,2019-03-30,7,8,20,40.6700039948139,-73.8288598517435,650,D,FT ,30,SST,75000.0,450,120,Junior Alvarado,375,3,AQU_2019-03-30_7_8,0,AQU_2019-03-30_7,503,Clairvoyant Lady,2019-03-30 16:50:05.000,AQU_2019-03-30_7_503,0.004699776662792456,67.67678394421137,0.06,1
3032147,AQU,2019-12-15,9,10,189,40.6752326415231,-73.8300478509941,650,D,MY ,52,MCL,33000.0,414,122,Reylu Gutierrez,360,3,AQU_2019-12-15_9_10,0,AQU_2019-12-15_9,2777,Principal Dancer,2019-12-15 16:14:47.250,AQU_2019-12-15_9_2777,0.0045177328930332186,65.05535365967835,0.58,3
1199625,BEL,2019-09-11,4,4,162,40.7146218320429,-73.7271691581584,600,D,FT ,50,CLM,28000.0,436,123,Dylan Davis,225,1,BEL_2019-09-11_4_4,1,BEL_2019-09-11_4,593,Letmetakethiscall,2019-09-11 16:36:40.500,BEL_2019-09-11_4_593,0.00494444654520709,71.2000302509821,0.58,3
1856531,AQU,2019-11-29,5,9,25,40.6735891277269,-73.8302692585261,850,T,GD ,192,STK,150000.0,150,125,Javier Castellano,315,1,AQU_2019-11-29_5_9,1,AQU_2019-11-29_5,2503,Andina Del Sur,2019-11-29 13:50:06.250,AQU_2019-11-29_5_2503,0.00449910758573253,64.78714923454842,0.06,1
3671541,AQU,2019-04-13,4,6,234,40.6730021966162,-73.8312825204846,600,D,MY ,46,MCL,33000.0,304,120,Samuel Camacho Jr.,8075,3,AQU_2019-04-13_4_6,0,AQU_2019-04-13_4,1217,Central Time,2019-04-13 15:04:58.500,AQU_2019-04-13_4_1217,0.004226077293049278,60.85551301990961,0.75,3
3023103,AQU,2019-12-01,1,8,221,40.6742919815819,-73.8306337471636,650,D,FT ,54,MCL,30000.0,1221,122,Joey R. Martinez,1330,4,AQU_2019-12-01_1_8,0,AQU_2019-12-01_1,822,Two Graces,2019-12-01 12:21:55.250,AQU_2019-12-01_1_822,0.00465247725768327,66.99567251063908,0.65,3
2746867,SAR,2019-09-02,1,5,61,43.0711016433844,-73.7726912292376,900,D,SY ,81,MSW,90000.0,1232,120,Luis Saez,375,5,SAR_2019-09-02_1_5,0,SAR_2019-09-02_1,3842,Motataabeq,2019-09-02 12:32:15.250,SAR_2019-09-02_1_3842,0.004645671900379388,66.89767536546319,0.13,1
3244263,AQU,2019-12-30,3,6,377,40.6712032916249,-73.8321459873372,800,D,SY ,54,MSW,68000.0,129,121,Junior Alvarado,1330,2,AQU_2019-12-30_3_6,0,AQU_2019-12-30_3,1938,Road Home,2019-12-30 13:30:34.250,AQU_2019-12-30_3_1938,0.004026186205598074,57.97708136061227,0.89,4
3367316,BEL,2019-10-24,3,2,26,40.7149962552001,-73.7176507621183,800,T,GD ,144,CLM,60000.0,223,119,Jose L. Ortiz,185,1,BEL_2019-10-24_3_2,1,BEL_2019-10-24_3,2554,Tangled Web,2019-10-24 14:23:06.500,BEL_2019-10-24_3_2554,0.005154992090545154,74.23188610385021,0.07,1
4073703,AQU,2019-12-06,1,7,150,40.6755883759054,-73.8291152262468,600,D,FT ,48,MSW,70000.0,1151,122,Samuel Camacho Jr.,2950,3,AQU_2019-12-06_1_7,0,AQU_2019-12-06_1,1794,Hickory Made,2019-12-06 11:51:37.500,AQU_2019-12-06_1_1794,0.004583419815184621,66.00124533865855,0.5,2
1526698,AQU,2019-04-07,4,7,204,40.6737629130375,-73.8309153535259,600,D,FT ,45,CLM,28000.0,303,124,Samuel Camacho Jr.,480,1,AQU_2019-04-07_4_7,1,AQU_2019-04-07_4,435,Infield Is In,2019-04-07 15:03:51.000,AQU_2019-04-07_4_435,0.004574394042566868,65.8712742129629,0.7,3
2258597,SAR,2019-08-29,4,6,240,43.0718143010871,-73.7712364836423,550,T,FM ,52,STR,60000.0,239,124,Luis Saez,530,2,SAR_2019-08-29_4_6,0,SAR_2019-08-29_4,2022,Lundqvist,2019-08-29 14:40:00.000,SAR_2019-08-29_4_2022,0.004415994800784919,63.59032513130283,0.95,4
3569405,BEL,2019-10-26,5,5,75,40.7160964217541,-73.7200484846726,800,T,GD ,144,STK,100000.0,259,118,Irad Ortiz Jr.,3500,8,BEL_2019-10-26_5_5,0,BEL_2019-10-26_5,2087,Digital Footprint,2019-10-26 14:59:18.750,BEL_2019-10-26_5_2087,0.005025909916551887,72.37310279834718,0.2,1
3395125,BEL,2019-09-12,6,5,183,40.7167200674409,-73.7237701003235,850,I,FM ,63,CLM,70000.0,541,118,Manuel Franco,420,6,BEL_2019-09-12_6_5,0,BEL_2019-09-12_6,1859,Spinning Kitten,2019-09-12 17:41:45.750,BEL_2019-09-12_6_1859,0.004670355622929795,67.25312097018904,0.47,2
956400,BEL,2019-09-15,5,2,244,40.7151602965694,-73.7273742455663,800,T,FM ,108,CLM,44000.0,307,122,Kendrick Carmouche,1630,6,BEL_2019-09-15_5_2,0,BEL_2019-09-15_5,3156,Discreet Image,2019-09-15 15:08:01.000,BEL_2019-09-15_5_3156,0.004654534618203979,67.0252985021373,0.66,3
4463526,AQU,2019-12-08,5,4,301,40.6705704728458,-73.8323509585476,600,D,FT ,40,MSW,62000.0,149,119,Kendrick Carmouche,550,1,AQU_2019-12-08_5_4,1,AQU_2019-12-08_5,1595,Aubrey Tate,2019-12-08 13:50:15.250,AQU_2019-12-08_5_1595,0.0028584168228358744,41.161202248836595,0.96,4
1543962,AQU,2019-11-01,5,1,244,40.6754106106575,-73.8297159399941,800,D,GD ,54,AOC,70000.0,205,123,Kendrick Carmouche,305,4,AQU_2019-11-01_5_1,0,AQU_2019-11-01_5,1593,Makin' Out,2019-11-01 14:06:01.000,AQU_2019-11-01_5_1593,0.004511798121614714,64.96989295125188,0.64,3
4266491,AQU,2019-03-03,1,3,281,40.6711834878703,-73.8321356921417,600,D,FT ,48,MSW,68000.0,1250,112,Heman K. Harkie,3150,4,AQU_2019-03-03_1_3,0,AQU_2019-03-03_1,1104,G. T. Sonia,2019-03-03 12:51:10.250,AQU_2019-03-03_1_1104,0.0039028980408236367,56.20173178786037,0.98,4
4315139,BEL,2019-09-20,8,8,157,40.7152817181528,-73.7275279296698,600,T,FM ,126,MSW,62000.0,640,119,Dylan Davis,235,2,BEL_2019-09-20_8_8,0,BEL_2019-09-20_8,1645,Stanhope,2019-09-20 18:40:39.250,BEL_2019-09-20_8_1645,0.004970324544762732,71.57267344458334,0.53,3
5184651,BEL,2019-05-11,10,1,91,40.71334757757,-73.720635854001,1100,I,FM ,101,STK,700000.0,625,119,Michael Hussey,1210,4,BEL_2019-05-11_10_1,0,BEL_2019-05-11_10,3018,Hunting Horn (IRE),2019-05-11 18:25:22.750,BEL_2019-05-11_10_3018,0.00509835804764091,73.41635588602911,0.18,1
4650602,AQU,2019-12-29,2,6,134,40.6753164492356,-73.8277797088324,600,D,FT ,52,AOC,64000.0,1258,120,Junior Alvarado,440,2,AQU_2019-12-29_2_6,0,AQU_2019-12-29_2,1974,Violent Point,2019-12-29 12:58:33.500,AQU_2019-12-29_2_1974,0.004621107464737831,66.54394749222476,0.44,2
2775821,AQU,2019-01-01,3,7,57,40.6730343969461,-73.8274874299584,550,D,MY ,54,MCL,35000.0,121,120,Rajiv Maragh,2550,4,AQU_2019-01-01_3_7,0,AQU_2019-01-01_3,15,Caralicious,2019-01-01 13:21:14.250,AQU_2019-01-01_3_15,0.005306902426544952,76.41939494224731,0.2,1
4836182,SAR,2019-08-08,5,1,163,43.072635031095,-73.7643106471325,650,D,FT ,72,MSW,78000.0,319,119,Rajiv Maragh,3100,8,SAR_2019-08-08_5_1,0,SAR_2019-08-08_5,1756,Forever Wicked,2019-08-08 15:19:40.750,SAR_2019-08-08_5_1756,0.004911707426453917,70.72858694093641,0.49,2
1137835,BEL,2019-09-08,2,6,95,40.7169559060008,-73.7221613810566,800,D,FT ,78,CLM,28000.0,133,124,Eric Cancel,2370,3,BEL_2019-09-08_2_6,0,BEL_2019-09-08_2,998,First Dawn,2019-09-08 13:33:23.750,BEL_2019-09-08_2_998,0.0051946226032413695,74.80256548667572,0.24,1
1415622,BEL,2019-10-19,1,7,231,40.7169400959051,-73.7243437346369,900,I,FM ,236,ALW,66000.0,1220,122,Manuel Franco,5225,7,BEL_2019-10-19_1_7,0,BEL_2019-10-19_1,2192,Curlin's Legacy,2019-10-19 12:20:57.750,BEL_2019-10-19_1_2192,0.004766992691435398,68.64469475666974,0.53,3
927468,BEL,2019-06-26,2,2,20,40.7170227846762,-73.7224370628689,600,D,FT ,63,AOC,70000.0,205,121,Jose L. Ortiz,550,1,BEL_2019-06-26_2_2,1,BEL_2019-06-26_2,221,Sicilia Mike,2019-06-26 14:05:05.000,BEL_2019-06-26_2_221,0.00448807632098688,64.62829902221107,0.07,1
769038,AQU,2019-02-03,3,6,49,40.6719962948322,-73.828018848495,600,D,FT ,34,CLM,46000.0,150,121,Manuel Franco,80,2,AQU_2019-02-03_3_6,0,AQU_2019-02-03_3,818,Blue Belt,2019-02-03 13:50:12.250,AQU_2019-02-03_3_818,0.005371333236570736,77.34719860661859,0.17,1
5099336,SAR,2019-07-19,6,1,193,43.0709426463545,-73.7671125988544,850,T,FM ,130,STR,60000.0,404,125,Ricardo Santana Jr.,1220,9,SAR_2019-07-19_6_1,0,SAR_2019-07-19_6,4127,Tactical Pursuit (IRE),2019-07-19 16:04:48.250,SAR_2019-07-19_6_4127,0.0045998037936265165,66.23717462822184,0.47,2
4205945,BEL,2019-05-30,8,5,31,40.717262739278,-73.7233022788138,600,D,SY ,48,ALW,66000.0,640,120,Eric Cancel,500,1,BEL_2019-05-30_8_5,1,BEL_2019-05-30_8,427,Show Prince,2019-05-30 18:40:07.750,BEL_2019-05-30_8_427,0.005169408096250272,74.43947658600392,0.1,1
1051905,AQU,2019-04-05,2,1,66,40.6728620616046,-73.8276485953744,600,D,FT ,48,MSW,70000.0,201,125,Irad Ortiz Jr.,150,2,AQU_2019-04-05_2_1,0,AQU_2019-04-05_2,698,Gottahaveaholiday,2019-04-05 14:01:16.500,AQU_2019-04-05_2_698,0.005096218279252185,73.38554322123147,0.22,1
2559399,SAR,2019-07-28,3,1,158,43.0735292366403,-73.7669650297938,550,T,FM ,54,STR,60000.0,206,118,Dylan Davis,900,5,SAR_2019-07-28_3_1,0,SAR_2019-07-28_3,3198,Yes and Yes,2019-07-28 14:06:39.500,SAR_2019-07-28_3_3198,0.004981077437113203,71.72751509443012,0.62,3
4220200,BEL,2019-10-12,5,1A,268,40.7136591425203,-73.724131544151,700,D,FT ,54,CLM,55000.0,259,121,Eric Cancel,290,7,BEL_2019-10-12_5_1A,0,BEL_2019-10-12_5,2098,Booby Trap,2019-10-12 15:00:07.000,BEL_2019-10-12_5_2098,0.00455022425842496,65.52322932131942,0.82,4
2313989,BEL,2019-09-06,1,2,94,40.7168920289176,-73.7219846910343,800,D,SY ,72,ALW,66000.0,302,122,Jose Lezcano,215,1,BEL_2019-09-06_1_2,1,BEL_2019-09-06_1,184,I Love Jaxson,2019-09-06 15:02:23.500,BEL_2019-09-06_1_184,0.005082404299851937,73.1866219178679,0.23,1
227149,AQU,2019-01-10,1,1A,385,40.6712354518702,-73.8321153907243,800,D,FT ,54,STR,55000.0,1250,125,Jorge M. Perez,940,3,AQU_2019-01-10_1_1A,0,AQU_2019-01-10_1,229,Madame Barbarian,2019-01-10 12:51:36.250,AQU_2019-01-10_1_229,0.0037140774709874614,53.48271558221944,0.95,4
968370,BEL,2019-07-05,5,1,191,40.7140945948141,-73.7257479508035,600,D,FT ,54,STR,55000.0,340,123,Irad Ortiz Jr.,45,1,BEL_2019-07-05_5_1,1,BEL_2019-07-05_5,1105,Happy Farm,2019-07-05 15:40:47.750,BEL_2019-07-05_5_1105,0.004938728007882181,71.1176833135034,0.68,3
4137855,BEL,2019-05-05,9,1,93,40.7174490281927,-73.7268427006991,600,D,SY ,54,MSW,80000.0,552,118,Manuel Franco,1630,4,BEL_2019-05-05_9_1,0,BEL_2019-05-05_9,1741,Savvy Cairo,2019-05-05 17:52:23.250,BEL_2019-05-05_9_1741,0.004872645641904154,70.16609724341981,0.31,2
1249456,BEL,2019-06-22,8,4,185,40.7146223671416,-73.727170932084,650,D,FT ,56,ALW,66000.0,519,125,Junior Alvarado,1060,4,BEL_2019-06-22_8_4,0,BEL_2019-06-22_8,857,Light the Posse,2019-06-22 17:19:46.250,BEL_2019-06-22_8_857,0.004845914749939117,69.78117239912328,0.61,3
406041,AQU,2019-11-01,7,3,229,40.6755947472895,-73.8288543154077,800,D,FT ,54,ALW,75000.0,310,123,Joe Bravo,790,2,AQU_2019-11-01_7_3,0,AQU_2019-11-01_7,1602,Kodiak Katie,2019-11-01 15:10:57.250,AQU_2019-11-01_7_1602,0.00487111351600223,70.14403463043212,0.61,3
4294522,BEL,2019-10-06,9,5,218,40.7162109252888,-73.7279548930587,800,D,FT ,72,STK,400000.0,521,120,Manuel Franco,1570,4,BEL_2019-10-06_9_5,0,BEL_2019-10-06_9,3616,Ice Princess,2019-10-06 17:21:54.500,BEL_2019-10-06_9_3616,0.005194588693906818,74.80207719225818,0.58,3
1259633,AQU,2019-02-28,1,1,307,40.6713951809193,-73.8319897057088,650,D,FT ,36,MCL,30000.0,1250,123,Manuel Franco,500,4,AQU_2019-02-28_1_1,0,AQU_2019-02-28_1,853,Platinum Nugget,2019-02-28 12:51:16.750,AQU_2019-02-28_1_853,0.003640303043358421,52.42036382436127,0.92,4
4646415,BEL,2019-09-06,4,5,6,40.7164498779051,-73.7210092612533,600,T,YL ,78,MSW,75000.0,439,119,Manuel Franco,4225,6,BEL_2019-09-06_4_5,0,BEL_2019-09-06_4,1784,Happy Danza,2019-09-06 16:39:01.500,BEL_2019-09-06_4_1784,0.0036628488786652354,52.74502385277939,0.02,1
2621376,AQU,2019-11-30,4,5,165,40.6753576284361,-73.8293930743182,600,O,GD ,52,AOC,70000.0,125,120,Jose Lezcano,1070,7,AQU_2019-11-30_4_5,0,AQU_2019-11-30_4,1709,Bourbon Mission,2019-11-30 13:25:41.250,AQU_2019-11-30_4_1709,0.004859790483587525,69.98098296366037,0.57,3
3731740,AQU,2019-11-29,2,9,344,40.6719949628229,-73.8310911443882,800,T,GD ,117,CLM,44000.0,1220,120,Jose L. Ortiz,550,7,AQU_2019-11-29_2_9,0,AQU_2019-11-29_2,2488,Jerome Avenue,2019-11-29 12:21:26.000,AQU_2019-11-29_2_2488,0.004477363705674721,64.47403736171597,0.9,4
723178,BEL,2019-05-10,6,11,272,40.7137357502446,-73.7222962524507,600,I,GD ,144,MCL,41000.0,413,124,Eric Cancel,970,5,BEL_2019-05-10_6_11,0,BEL_2019-05-10_6,1505,Smart Throb,2019-05-10 16:14:08.000,BEL_2019-05-10_6_1505,0.004185809279245661,60.275653621137515,0.89,4
4578124,SAR,2019-08-03,1,5,404,43.0715308044289,-73.7719001920394,850,T,FM ,106,MSW,90000.0,100,119,Javier Castellano,450,5,SAR_2019-08-03_1_5,0,SAR_2019-08-03_1,3651,Brewmeister,2019-08-03 13:01:41.000,SAR_2019-08-03_1_3651,0.004387479071196432,63.179698625228625,1.0,4
4300414,AQU,2019-12-07,1,3,154,40.6729212457911,-73.8276034312564,800,D,FT ,54,MSW,70000.0,1130,119,Junior Alvarado,530,3,AQU_2019-12-07_1_3,0,AQU_2019-12-07_1,2636,Modernist,2019-12-07 11:30:38.500,AQU_2019-12-07_1_2636,0.004670544559294617,67.25584165384248,0.38,2
3508227,AQU,2019-01-20,1,7,116,40.6694524572349,-73.8294445805061,900,D,SY ,101,MCL,35000.0,1250,115,Joey R. Martinez,3225,3,AQU_2019-01-20_1_7,0,AQU_2019-01-20_1,540,Bumperdoo,2019-01-20 12:50:29.000,AQU_2019-01-20_1_540,0.004684774444890848,67.46075200642821,0.24,1
3638136,BEL,2019-05-11,8,10,169,40.7170279836986,-73.7234659787669,850,T,FM ,175,MSW,80000.0,522,118,Irad Ortiz Jr.,1310,4,BEL_2019-05-11_8_10,0,BEL_2019-05-11_8,3008,Mrs. Got Rocks,2019-05-11 17:22:42.250,BEL_2019-05-11_8_3008,0.004538537871384809,65.35494534794125,0.41,2
4674576,SAR,2019-08-30,7,8,147,43.073921065921,-73.7662611891452,550,D,FT ,52,MSW,90000.0,415,119,Manuel Franco,530,4,SAR_2019-08-30_7_8,0,SAR_2019-08-30_7,4030,Drop a Hint,2019-08-30 16:15:36.750,SAR_2019-08-30_7_4030,0.004866800834214332,70.08193201268638,0.55,3
905291,AQU,2019-02-01,4,4,240,40.6724201397362,-73.8315414159003,600,D,FT ,40,AOC,75000.0,223,121,Rafael Manuel Hernandez,590,2,AQU_2019-02-01_4_4,0,AQU_2019-02-01_4,630,Short Kakes,2019-02-01 14:24:00.000,AQU_2019-02-01_4_630,0.004211528761665281,60.64601416798005,0.81,4
3920133,AQU,2019-12-15,4,2,312,40.673640460283,-73.8310124149044,800,D,MY ,54,CLM,42000.0,156,122,Dylan Davis,830,7,AQU_2019-12-15_4_2,0,AQU_2019-12-15_4,2076,Soul Fight,2019-12-15 13:57:18.000,AQU_2019-12-15_4_2076,0.0039211518023701,56.46458595412945,0.79,4
2838227,AQU,2019-03-09,10,1,306,40.6732363031995,-73.8311717600032,800,D,FT ,54,STK,300000.0,511,118,Kendrick Carmouche,6675,5,AQU_2019-03-09_10_1,0,AQU_2019-03-09_10,49,Family Biz,2019-03-09 17:12:16.500,AQU_2019-03-09_10_49,0.004393179168567347,63.2617800273698,0.75,3
2945744,AQU,2019-12-28,9,9,297,40.6713663917797,-73.8320092898915,600,D,FT ,40,MCL,33000.0,415,122,Manuel Franco,2350,11,AQU_2019-12-28_9_9,0,AQU_2019-12-28_9,2045,Here Comes Meg,2019-12-28 16:16:14.250,AQU_2019-12-28_9_2045,0.0030545887768742273,43.98607838698887,0.96,4
1174785,SAR,2019-08-16,6,6,284,43.0736702466183,-73.7660029118424,850,T,FM ,98,CLM,50000.0,344,125,Jose Lezcano,2240,9,SAR_2019-08-16_6_6,0,SAR_2019-08-16_6,114,Promise Me Roses,2019-08-16 15:45:11.000,SAR_2019-08-16_6_114,0.004690493083936995,67.54310040869272,0.71,3
1913478,AQU,2019-12-07,6,4,321,40.6730346887558,-73.8313207301339,800,D,FT ,54,STK,250000.0,211,118,Eric Cancel,470,5,AQU_2019-12-07_6_4,0,AQU_2019-12-07_6,1447,Another Broad,2019-12-07 14:12:20.250,AQU_2019-12-07_6_1447,0.004734560341217624,68.1776689135338,0.85,4
4347019,SAR,2019-07-13,4,5,38,43.0706931385095,-73.7671271962083,550,D,FT ,50,MSW,90000.0,247,119,Dylan Davis,1130,6,SAR_2019-07-13_4_5,0,SAR_2019-07-13_4,4046,Vaya Con Dios,2019-07-13 14:47:09.500,SAR_2019-07-13_4_4046,0.005548919156318518,79.90443585098666,0.14,1
2823302,AQU,2019-12-05,2,5,154,40.6731824927162,-73.8274857426046,800,D,GD ,54,ALW,75000.0,1249,118,Eric Cancel,185,1,AQU_2019-12-05_2_5,1,AQU_2019-12-05_2,1965,Dark Storm,2019-12-05 12:49:38.500,AQU_2019-12-05_2_1965,0.004934054321171946,71.05038222487602,0.41,2
4245013,AQU,2019-01-18,5,4,177,40.6737297271793,-73.827267713168,800,D,FT ,54,MCL,35000.0,257,115,Benjamin Hernandez,3650,8,AQU_2019-01-18_5_4,0,AQU_2019-01-18_5,471,Emmy Knows,2019-01-18 14:57:44.250,AQU_2019-01-18_5_471,0.004442211506344281,63.96784569135765,0.43,2
3658811,AQU,2019-12-05,1,7,130,40.6753025917326,-73.8277419841982,600,D,GD ,36,MCL,41000.0,1221,122,Dylan Davis,270,2,AQU_2019-12-05_1_7,0,AQU_2019-12-05_1,1618,Pendolino,2019-12-05 12:21:32.500,AQU_2019-12-05_1_1618,0.004682632057018607,67.42990162106794,0.42,2
2305779,BEL,2019-05-11,6,2,132,40.7175298322906,-73.7267234606241,700,D,FT ,45,CLM,65000.0,417,123,Pablo Fragoso,3500,6,BEL_2019-05-11_6_2,0,BEL_2019-05-11_6,297,Vicar's Legend,2019-05-11 16:17:33.000,BEL_2019-05-11_6_297,0.0051955473438845675,74.81588175193777,0.41,2
2296516,AQU,2019-03-15,3,5,266,40.6718391946249,-73.8317782716885,600,D,FT ,45,MSW,60000.0,240,125,Hector Rafael Diaz Jr.,3825,7,AQU_2019-03-15_3_5,0,AQU_2019-03-15_3,757,Finlee,2019-03-15 14:41:06.500,AQU_2019-03-15_3_757,0.003941640361584936,56.759621206823084,0.89,4
3306728,BEL,2019-05-18,9,6,174,40.7166552233025,-73.723280566738,850,I,GD ,72,MCL,41000.0,418,113,Joey R. Martinez,6250,8,BEL_2019-05-18_9_6,0,BEL_2019-05-18_9,1212,Mysterioustraveler,2019-05-18 16:18:43.500,BEL_2019-05-18_9_1212,0.0046524591699879875,66.99541204782702,0.41,2
392237,SAR,2019-08-07,9,8,186,43.0706714388607,-73.7671573292518,900,D,FT ,78,STK,101200.0,507,122,Nazario Alvarado,3675,3,SAR_2019-08-07_9_8,0,SAR_2019-08-07_9,371,Winston's Chance,2019-08-07 17:07:46.500,SAR_2019-08-07_9_371,0.004873270430330751,70.17509419676281,0.4,2
1792042,AQU,2019-11-09,6,5,212,40.6738577314957,-73.8276031415738,850,O,FM ,35,AOC,80000.0,223,121,Irad Ortiz Jr.,290,3,AQU_2019-11-09_6_5,0,AQU_2019-11-09_6,1877,Instilled Regard,2019-11-09 14:23:53.000,AQU_2019-11-09_6_1877,0.0047009159335016995,67.69318944242447,0.54,3
2860078,AQU,2019-01-05,3,1,61,40.6691522649605,-73.8293228021574,800,D,SY ,54,MSW,60000.0,126,120,Dylan Davis,180,5,AQU_2019-01-05_3_1,0,AQU_2019-01-05_3,129,Winifred J,2019-01-05 13:26:15.250,AQU_2019-01-05_3_129,0.004937799376685132,71.10431102426591,0.15,1
3634398,AQU,2019-11-24,2,1,170,40.6737899676319,-73.8272014790921,800,D,SY ,54,MCL,41000.0,1250,121,Reylu Gutierrez,3225,7,AQU_2019-11-24_2_1,0,AQU_2019-11-24_2,661,Lorcan,2019-11-24 12:50:42.500,AQU_2019-11-24_2_661,0.004564748750365209,65.73238200525901,0.41,2
1434269,AQU,2019-01-06,6,1,298,40.6714841059998,-73.8319448980873,650,D,MY ,32,CLM,36000.0,327,123,Dylan Davis,870,6,AQU_2019-01-06_6_1,0,AQU_2019-01-06_6,209,Third Card Down,2019-01-06 15:28:14.500,AQU_2019-01-06_6_209,0.0037093677178169178,53.414895136563615,0.89,4
1504925,SAR,2019-08-18,10,8,45,43.071629142494,-73.772258246674,900,D,FT ,80,CLM,48000.0,608,125,Rajiv Maragh,900,5,SAR_2019-08-18_10_8,0,SAR_2019-08-18_10,113,Needs No Ice,2019-08-18 18:08:11.250,SAR_2019-08-18_10_113,0.0049210241596982455,70.86274789965474,0.1,1
1607480,SAR,2019-08-24,5,5,292,43.0722873463768,-73.7707802925559,700,D,FT ,32,STK,600000.0,148,118,Jose L. Ortiz,1110,5,SAR_2019-08-24_5_5,0,SAR_2019-08-24_5,157,Bon Raison,2019-08-24 13:49:13.000,SAR_2019-08-24_5_157,0.004132858037932369,59.51315574622611,0.92,4
1877774,AQU,2019-04-17,9,3,162,40.6752756362397,-73.8293301070443,600,O,GD ,60,MCL,41000.0,548,125,Samuel Camacho Jr.,1060,7,AQU_2019-04-17_9_3,0,AQU_2019-04-17_9,599,Peggy Sue,2019-04-17 17:48:40.500,AQU_2019-04-17_9_599,0.004887255167450065,70.37647441128094,0.56,3
950807,AQU,2019-12-06,4,2,138,40.6748576674971,-73.8272812276681,650,D,FT ,52,CLM,28000.0,117,119,Declan Carroll,175,1,AQU_2019-12-06_4_2,1,AQU_2019-12-06_4,2136,Keep Your Distance,2019-12-06 13:17:34.500,AQU_2019-12-06_4_2136,0.004777324004813637,68.79346566931638,0.43,2
181686,BEL,2019-05-30,1,2,218,40.7141359823868,-73.7258284062758,650,D,GD ,45,CLM,28000.0,305,125,Samuel Camacho Jr.,70,2,BEL_2019-05-30_1_2,0,BEL_2019-05-30_1,45,Moondance Joy,2019-05-30 15:05:54.500,BEL_2019-05-30_1_45,0.004601813467134641,66.26611392673883,0.69,3
2851472,AQU,2019-03-23,3,1,123,40.6717719916048,-73.8281502392483,800,D,FT ,54,MSW,60000.0,241,118,Jose Lezcano,670,4,AQU_2019-03-23_3_1,0,AQU_2019-03-23_3,664,Judge Stanton,2019-03-23 14:41:30.750,AQU_2019-03-23_3_664,0.0047656331496059275,68.62511735432535,0.31,2
4732243,BEL,2019-09-28,2,6,308,40.7129602409235,-73.7215949443935,650,D,FT ,44,MSW,62000.0,134,119,Junior Alvarado,1400,7,BEL_2019-09-28_2_6,0,BEL_2019-09-28_2,2761,Unrelenting Force,2019-09-28 13:35:17.000,BEL_2019-09-28_2_2761,0.003606193583261434,51.92918759896465,1.0,4
1656212,AQU,2019-12-13,3,7,334,40.672780796122,-73.8314227170125,800,D,GD ,54,CLM,36000.0,128,121,Manuel Franco,225,5,AQU_2019-12-13_3_7,0,AQU_2019-12-13_3,228,Smiles From Sadie,2019-12-13 13:29:23.500,AQU_2019-12-13_3_228,0.004139942912083577,59.615177934003505,0.85,4
379792,AQU,2019-03-30,8,2,154,40.6731256729805,-73.8275092311008,800,D,FT ,54,SST,60000.0,521,120,Eric Cancel,355,7,AQU_2019-03-30_8_2,0,AQU_2019-03-30_8,686,No Distortion,2019-03-30 17:21:38.500,AQU_2019-03-30_8_686,0.005012315860997017,72.17734839835705,0.36,2
4237237,AQU,2019-01-27,3,3,167,40.6754574879446,-73.8296273751877,600,D,FT ,45,MCL,35000.0,133,122,Samuel Camacho Jr.,1600,4,AQU_2019-01-27_3_3,0,AQU_2019-01-27_3,708,Mucho Lucky,2019-01-27 13:33:41.750,AQU_2019-01-27_3_708,0.004479843380221603,64.50974467519109,0.55,3
1750776,SAR,2019-08-03,7,1,58,43.0716479166135,-73.7710117546728,850,I,FM ,27,STK,100000.0,432,120,John R. Velazquez,1000,4,SAR_2019-08-03_7_1,0,SAR_2019-08-03_7,2440,Noble Indy,2019-08-03 16:32:14.500,SAR_2019-08-03_7_2440,0.005576153577746007,80.2966115195425,0.15,1
2697579,AQU,2019-03-08,8,9,243,40.6756166808013,-73.8290760881008,800,D,FT ,54,MCL,35000.0,444,122,Harry Hernandez,185,5,AQU_2019-03-08_8_9,0,AQU_2019-03-08_8,199,Dash for Dollars,2019-03-08 16:45:00.750,AQU_2019-03-08_8_199,0.0045409346565401425,65.38945905417805,0.61,3
2511567,BEL,2019-10-24,4,3,68,40.7162417120153,-73.7195530067034,850,D,FT ,52,MSW,75000.0,302,120,Javier Castellano,145,1,BEL_2019-10-24_4_3,1,BEL_2019-10-24_4,3235,Trial and Error,2019-10-24 15:02:17.000,BEL_2019-10-24_4_3235,0.005863009144897026,84.42733168651718,0.17,1
3605790,AQU,2019-03-22,6,3,178,40.6751446425181,-73.8301472701235,600,D,SY ,45,MCL,46000.0,422,121,Rajiv Maragh,4550,6,AQU_2019-03-22_6_3,0,AQU_2019-03-22_6,1027,Topline,2019-03-22 16:22:44.500,AQU_2019-03-22_6_1027,0.00433849167251886,62.474280084271584,0.59,3
3427376,SAR,2019-08-07,10,2,215,43.0722178533918,-73.770387434317,550,T,FM ,42,MCL,48000.0,537,119,Jose Lezcano,1510,4,SAR_2019-08-07_10_2,0,SAR_2019-08-07_10,1103,Jasminesque,2019-08-07 17:37:53.750,SAR_2019-08-07_10_1103,0.0048983473975445285,70.53620252464121,0.87,4
2115555,BEL,2019-05-04,10,8,297,40.7161421573345,-73.7274437631621,900,I,SF ,175,STK,150000.0,456,121,Eric Cancel,1430,7,BEL_2019-05-04_10_8,0,BEL_2019-05-04_10,1341,Maraud,2019-05-04 16:57:14.250,BEL_2019-05-04_10_1341,0.004687980533054105,67.5069196759791,0.66,3
4816249,SAR,2019-08-04,4,8,321,43.0731010510434,-73.7680331789988,850,T,FM ,102,MSW,90000.0,246,119,Jose L. Ortiz,295,3,SAR_2019-08-04_4_8,0,SAR_2019-08-04_4,1702,Sparkling Sky,2019-08-04 14:47:20.250,SAR_2019-08-04_4_1702,0.005166321973808943,74.39503642284878,0.8,4
4292363,AQU,2019-11-11,8,8,136,40.6701269261394,-73.8288923570143,900,D,FT ,74,MSW,70000.0,322,119,Junior Alvarado,1450,3,AQU_2019-11-11_8_8,0,AQU_2019-11-11_8,2028,Mo and Go,2019-11-11 15:22:34.000,AQU_2019-11-11_8_2028,0.00429693218307779,61.875823436320175,0.27,2
2808858,AQU,2019-01-26,3,6,251,40.6752608033009,-73.8299852774488,800,D,FT ,54,AOC,64000.0,128,117,Reylu Gutierrez,70,1,AQU_2019-01-26_3_6,1,AQU_2019-01-26_3,649,Shelley Ann,2019-01-26 13:29:02.750,AQU_2019-01-26_3_649,0.004614082734819272,66.44279138139751,0.66,3
4662117,SAR,2019-07-13,3,3,189,43.0735246939044,-73.7676291429683,600,D,FT ,45,STK,150000.0,210,120,Tyler Gaffalione,330,4,SAR_2019-07-13_3_3,0,SAR_2019-07-13_3,3438,Cucina,2019-07-13 14:10:47.250,SAR_2019-07-13_3_3438,0.004920358827679346,70.85316711858258,0.68,3
1393649,BEL,2019-05-18,12,8,64,40.7145733530984,-73.7178649054857,850,I,GD ,72,MCL,41000.0,605,125,Dylan Davis,470,8,BEL_2019-05-18_12_8,0,BEL_2019-05-18_12,8,Legion Storm,2019-05-18 18:05:16.000,BEL_2019-05-18_12_8,0.004732273491017613,68.14473827065363,0.15,1
4523200,AQU,2019-11-16,4,2,124,40.6751948494837,-73.8275950406066,600,D,FT ,38,MSW,70000.0,125,119,Dylan Davis,1130,4,AQU_2019-11-16_4_2,0,AQU_2019-11-16_4,2183,Ikeisgreat,2019-11-16 13:25:31.000,AQU_2019-11-16_4_2183,0.004643088831437583,66.86047917270119,0.41,2
1404278,AQU,2019-03-23,3,8,219,40.6753749774065,-73.8278221832552,800,D,FT ,54,MSW,60000.0,241,119,Joey R. Martinez,10075,6,AQU_2019-03-23_3_8,0,AQU_2019-03-23_3,236,Scrutinize,2019-03-23 14:41:54.750,AQU_2019-03-23_3_236,0.004572417943003174,65.84281837924571,0.56,3
4317064,AQU,2019-12-08,1,5,213,40.6748116335887,-73.8303984544431,650,D,FT ,52,MSW,70000.0,1152,119,Eric Cancel,430,5,AQU_2019-12-08_1_5,0,AQU_2019-12-08_1,1842,Shine Like Bobby,2019-12-08 11:52:53.250,AQU_2019-12-08_1_1842,0.004306951759775651,62.020105340769376,0.65,3
121807,SAR,2019-08-04,6,12,103,43.0717617231768,-73.7646432152866,600,D,FT ,48,CLM,52000.0,406,122,Jose L. Ortiz,1020,4,SAR_2019-08-04_6_12,0,SAR_2019-08-04_6,286,Gypsum Johnny,2019-08-04 16:06:25.750,SAR_2019-08-04_6_286,0.004809889042972417,69.2624022188028,0.36,2
3847977,BEL,2019-09-26,4,6,285,40.7129627749275,-73.7214570618495,600,D,FT ,48,MCL,33000.0,236,121,Jose Lezcano,125,2,BEL_2019-09-26_4_6,0,BEL_2019-09-26_4,990,Freudian Sip,2019-09-26 14:37:11.250,BEL_2019-09-26_4_990,0.003285003375424413,47.30404860611154,0.96,4
3954955,BEL,2019-05-16,2,2,220,40.7164360950035,-73.7275751308384,800,T,YL ,108,MSW,80000.0,336,118,Manuel Franco,1350,3,BEL_2019-05-16_2_2,0,BEL_2019-05-16_2,3037,La Vida,2019-05-16 15:36:55.000,BEL_2019-05-16_2_3037,0.00473759110757829,68.22131194912738,0.57,3
1173545,BEL,2019-05-31,1,5,208,40.7138834343419,-73.7248296946719,600,D,FT ,54,CLM,38000.0,130,125,Irad Ortiz Jr.,345,5,BEL_2019-05-31_1_5,0,BEL_2019-05-31_1,114,Promise Me Roses,2019-05-31 13:30:52.000,BEL_2019-05-31_1_114,0.004820884677142003,69.42073935084484,0.76,4
2634130,BEL,2019-06-30,3,6,258,40.7135494407997,-73.7235953014973,650,D,FT ,54,CLM,36000.0,234,113,Heman K. Harkie,5750,5,BEL_2019-06-30_3_6,0,BEL_2019-06-30_3,447,Trance,2019-06-30 14:35:04.500,BEL_2019-06-30_3_447,0.004473909898389541,64.42430253680938,0.8,4
2004395,SAR,2019-08-02,8,1,167,43.0703503172643,-73.7679782928476,900,D,FT ,74,STK,100000.0,515,120,John R. Velazquez,1340,2,SAR_2019-08-02_8_1,0,SAR_2019-08-02_8,3590,Wooderson,2019-08-02 17:15:41.750,SAR_2019-08-02_8_3590,0.004933244905739719,71.03872664265195,0.39,2
3749851,AQU,2019-12-15,4,7,285,40.6742908617408,-73.8306435398027,800,D,MY ,54,CLM,42000.0,156,122,Junior Alvarado,345,2,AQU_2019-12-15_4_7,0,AQU_2019-12-15_4,2087,Digital Footprint,2019-12-15 13:57:11.250,AQU_2019-12-15_4_2087,0.004561140080295649,65.68041715625733,0.72,3
4438343,AQU,2019-11-08,5,2,68,40.6723982548899,-73.8282952184355,600,O,FM ,72,MSW,70000.0,220,119,Kendrick Carmouche,2750,4,AQU_2019-11-08_5_2,0,AQU_2019-11-08_5,1811,Coin the Phrase,2019-11-08 14:20:17.000,AQU_2019-11-08_5_1811,0.005701619114733855,82.10331525216752,0.23,1
1963935,SAR,2019-08-31,11,4,321,43.0736543929398,-73.7672836273943,900,D,FT ,80,STK,750000.0,602,118,Luis Saez,2800,5,SAR_2019-08-31_11_4,0,SAR_2019-08-31_11,4617,Mongolian Groom,2019-08-31 18:03:20.250,SAR_2019-08-31_11_4617,0.005089328011651256,73.28632336777808,0.77,4
1050145,AQU,2019-04-05,5,4,52,40.6712077817669,-73.8283553795022,650,D,FT ,36,ALW,66000.0,338,126,Reylu Gutierrez,630,3,AQU_2019-04-05_5_4,0,AQU_2019-04-05_5,28,Passporttovictory,2019-04-05 15:38:13.000,AQU_2019-04-05_5_28,0.005173185721151959,74.49387438458821,0.16,1
3804303,AQU,2019-03-16,7,1,195,40.6743446861072,-73.8306180436021,600,D,FT ,45,CLM,50000.0,505,121,Junior Alvarado,345,5,AQU_2019-03-16_7_1,0,AQU_2019-03-16_7,981,Thesis,2019-03-16 17:05:48.750,AQU_2019-03-16_7_981,0.004609416928321477,66.37560376782926,0.67,3
1174305,SAR,2019-08-02,2,6,129,43.0713340651422,-73.7654786394677,700,D,FT ,30,CLM,32000.0,136,124,Luis Saez,255,2,SAR_2019-08-02_2_6,0,SAR_2019-08-02_2,114,Promise Me Roses,2019-08-02 13:36:32.250,SAR_2019-08-02_2_114,0.005021099350392364,72.30383064565004,0.38,2
2220481,BEL,2019-09-27,8,1,194,40.7145059602921,-73.7252791230049,600,I,FM ,98,CLM,39000.0,444,121,Eric Cancel,350,2,BEL_2019-09-27_8_1,0,BEL_2019-09-27_8,1944,Brockmoninoff,2019-09-27 16:44:48.500,BEL_2019-09-27_8_1944,0.00494926827677399,71.26946318554545,0.71,3
193456,SAR,2019-07-21,11,9,183,43.0731202483547,-73.768014921135,550,T,FM ,88,STK,200000.0,616,118,Manuel Franco,3025,7,SAR_2019-07-21_11_9,0,SAR_2019-07-21_11,0,Jc's Shooting Star,2019-07-21 18:16:45.750,SAR_2019-07-21_11_0,0.005230393315843479,75.31766374814609,0.72,3
2249610,SAR,2019-09-02,9,4,182,43.0707136699644,-73.7684761266645,850,I,SF ,22,STK,250000.0,507,116,Luis Saez,1070,3,SAR_2019-09-02_9_4,0,SAR_2019-09-02_9,1155,Dream Friend,2019-09-02 17:07:45.500,SAR_2019-09-02_9_1155,0.004606704819436259,66.33654939988213,0.45,2
220950,AQU,2019-12-28,2,5,206,40.6747781401826,-73.8304354948202,650,D,FT ,52,CLM,36000.0,1259,124,Junior Alvarado,115,2,AQU_2019-12-28_2_5,0,AQU_2019-12-28_2,1641,Getoffmyback,2019-12-28 12:59:51.500,AQU_2019-12-28_2_1641,0.004608236659362782,66.35860789482406,0.64,3
3747854,AQU,2019-03-17,4,4,36,40.6697376084612,-73.8290464510062,700,D,FT ,44,MSW,68000.0,320,120,Manuel Franco,205,5,AQU_2019-03-17_4_4,0,AQU_2019-03-17_4,1180,Superhighway,2019-03-17 15:20:09.000,AQU_2019-03-17_4_1180,0.0049105304054282125,70.71163783816625,0.1,1
3233238,BEL,2019-10-02,5,1,234,40.7135129492215,-73.7235107586769,600,D,FT ,56,SOC,50000.0,332,120,Manuel Franco,20,2,BEL_2019-10-02_5_1,0,BEL_2019-10-02_5,647,Dark Money,2019-10-02 15:32:58.500,BEL_2019-10-02_5_647,0.0049448500081516016,71.20584011738306,0.84,4
4585097,AQU,2019-12-07,9,4,98,40.6690943788543,-73.8304824303358,900,D,FT ,70,STK,250000.0,345,118,Joel Rosario,410,2,AQU_2019-12-07_9_4,0,AQU_2019-12-07_9,2675,Ajaaweed,2019-12-07 15:45:24.500,AQU_2019-12-07_9_2675,0.005123956183344951,73.7849690401673,0.22,1
4630779,BEL,2019-10-23,4,6,25,40.7165250511042,-73.7205202825738,700,D,MY ,54,MSW,62000.0,257,119,Luis R. Reyes,1090,3,BEL_2019-10-23_4_6,0,BEL_2019-10-23_4,2151,Keypit,2019-10-23 14:57:06.250,BEL_2019-10-23_4_2151,0.004746569916500398,68.35060679760574,0.07,1
1235543,BEL,2019-10-04,6,8,195,40.7173176565929,-73.7264856803516,800,T,GD ,76,AOC,70000.0,405,124,Manuel Franco,155,2,BEL_2019-10-04_6_8,0,BEL_2019-10-04_6,1539,Classic Lady,2019-10-04 16:05:48.750,BEL_2019-10-04_6_1539,0.004951017005025922,71.29464487237327,0.53,3
158927,BEL,2019-09-27,6,6,243,40.7158230180636,-73.7279348640998,850,D,FT ,48,ALW,66000.0,342,119,Benjamin Hernandez,4650,5,BEL_2019-09-27_6_6,0,BEL_2019-09-27_6,2596,Kerry Boy,2019-09-27 15:43:00.750,BEL_2019-09-27_6_2596,0.004525594732702273,65.16856415091273,0.61,3
3751189,AQU,2019-02-24,1,2,125,40.675625277406,-73.8288581382667,550,D,SY ,48,MSW,68000.0,1251,118,Hector Rafael Diaz Jr.,1930,5,AQU_2019-02-24_1_2,0,AQU_2019-02-24_1,1059,Camouflaged Kisser,2019-02-24 12:51:31.250,AQU_2019-02-24_1_1059,0.004840138821514237,69.697999029805,0.45,2
4734520,AQU,2019-11-29,3,9,255,40.6722948604172,-73.8313321846504,600,O,GD ,52,MSW,62000.0,1248,114,Heman K. Harkie,14175,8,AQU_2019-11-29_3_9,0,AQU_2019-11-29_3,1962,Luzmaria,2019-11-29 12:49:03.750,AQU_2019-11-29_3_1962,0.004180834932837756,60.20402303286369,0.84,4
3007887,SAR,2019-07-28,7,8,187,43.0711739125687,-73.7671111502789,800,I,FM ,84,MSW,90000.0,423,118,Jose Lezcano,1230,6,SAR_2019-07-28_7_8,0,SAR_2019-07-28_7,4263,Shurakaa,2019-07-28 16:23:46.750,SAR_2019-07-28_7_4263,0.004961127104974052,71.44023031162635,0.49,2
3026384,BEL,2019-09-06,5,5,259,40.7134056557535,-73.7231806349971,600,D,SY ,76,AOC,70000.0,508,118,Dylan Davis,890,4,BEL_2019-09-06_5_5,0,BEL_2019-09-06_5,1055,Forgotten Hero,2019-09-06 17:09:04.750,BEL_2019-09-06_5_1055,0.0037751521134650017,54.362190433896025,0.86,4
3229141,AQU,2019-11-29,9,9,49,40.6706341768152,-73.8321077301297,850,O,GD ,20,STK,150000.0,346,118,Dylan Davis,2950,6,AQU_2019-11-29_9_9,0,AQU_2019-11-29_9,2524,Pioneer Man,2019-11-29 15:46:12.250,AQU_2019-11-29_9_2524,0.0049304212204327215,70.99806557423119,0.12,1
2064811,BEL,2019-04-28,8,2,262,40.7132000344843,-73.7223096131801,600,D,FT ,52,ALW,66000.0,518,123,Eric Cancel,1880,6,BEL_2019-04-28_8_2,0,BEL_2019-04-28_8,27,Gentle Annie,2019-04-28 17:19:05.500,BEL_2019-04-28_8_27,0.0040316913569461675,58.05635554002481,0.94,4
4108860,BEL,2019-10-12,2,6,263,40.7157190798725,-73.7273584059547,850,I,FM ,54,CLM,60000.0,118,123,Michael J. Luzzi,400,3,BEL_2019-10-12_2_6,0,BEL_2019-10-12_2,3914,Seaside Dancer,2019-10-12 13:19:05.750,BEL_2019-10-12_2_3914,0.004936533793098375,71.0860866206166,0.67,3
3596587,SAR,2019-07-11,10,6,236,43.0712014895809,-73.765884910715,900,D,SY ,81,MCL,48000.0,625,118,Joel Rosario,145,3,SAR_2019-07-11_10_6,0,SAR_2019-07-11_10,898,Bizness Beauty,2019-07-11 18:25:59.000,SAR_2019-07-11_10_898,0.0041774509887455595,60.155294237936054,0.52,3
1733267,AQU,2019-04-19,5,9,153,40.6702758509135,-73.8297334465737,850,T,FM ,88,ALW,66000.0,337,124,Dylan Davis,1750,7,AQU_2019-04-19_5_9,0,AQU_2019-04-19_5,1000,Summer Squeeze,2019-04-19 15:37:38.250,AQU_2019-04-19_5_1000,0.004560337476448736,65.6688596608618,0.37,2
1595329,BEL,2019-07-07,2,5,270,40.7137072339419,-73.7235393549385,700,T,FM ,90,ALW,82000.0,103,125,Joel Rosario,255,5,BEL_2019-07-07_2_5,0,BEL_2019-07-07_2,3054,Mango M,2019-07-07 13:04:07.500,BEL_2019-07-07_2_3054,0.004948870382699327,71.26373351087031,0.86,4
3398386,BEL,2019-09-11,8,4,389,40.7132207035891,-73.7213690924891,850,T,FM ,90,MSW,62000.0,645,113,Benjamin Hernandez,3850,8,BEL_2019-09-11_8_4,0,BEL_2019-09-11_8,2239,Double Happiness,2019-09-11 18:46:37.250,BEL_2019-09-11_8_2239,0.004017658931884196,57.854288619132426,0.97,4
939106,AQU,2019-03-24,7,6,298,40.672156951279,-73.8317012800092,700,D,FT ,44,ALW,64000.0,503,121,Carlos J. Hernandez,2950,5,AQU_2019-03-24_7_6,0,AQU_2019-03-24_7,182,Latin Love Bug,2019-03-24 17:04:14.500,AQU_2019-03-24_7_182,0.004390228329322974,63.21928794225082,0.88,4
2642838,SAR,2019-08-16,2,4,244,43.0732203032331,-73.7682799416242,700,D,FT ,32,CLM,80000.0,134,120,Javier Castellano,510,1,SAR_2019-08-16_2_4,1,SAR_2019-08-16_2,3839,Olympic Village,2019-08-16 13:35:01.000,SAR_2019-08-16_2_3839,0.005187769216665447,74.70387671998243,0.76,4
4104943,AQU,2019-03-17,4,1,249,40.6740173392641,-73.830777567268,700,D,FT ,44,MSW,68000.0,320,120,Harry Hernandez,13450,6,AQU_2019-03-17_4_1,0,AQU_2019-03-17_4,767,Halstaat,2019-03-17 15:21:02.250,AQU_2019-03-17_4_767,0.004426631442467752,63.74349277153563,0.74,3
4167943,AQU,2019-12-12,6,11,227,40.6748551956197,-73.8304088149335,700,D,GD ,48,ALW,64000.0,302,120,Dylan Davis,850,4,AQU_2019-12-12_6_11,0,AQU_2019-12-12_6,1607,Love and Love,2019-12-12 15:02:56.750,AQU_2019-12-12_6_1607,0.004399540779584244,63.35338722601311,0.6,3
123641,AQU,2019-03-15,8,6,341,40.6719521593646,-73.8317679540532,800,D,FT ,54,AOC,67000.0,524,121,Reylu Gutierrez,660,5,AQU_2019-03-15_8_6,0,AQU_2019-03-15_8,104,Papa Shot,2019-03-15 17:25:25.250,AQU_2019-03-15_8_104,0.004121713680192463,59.35267699477147,0.89,4
1241754,AQU,2019-03-09,2,6,49,40.6684775882069,-73.8296322144854,800,D,FT ,52,CLM,36000.0,1252,124,Javier Castellano,75,2,AQU_2019-03-09_2_6,0,AQU_2019-03-09_2,498,Incubator,2019-03-09 12:52:12.250,AQU_2019-03-09_2_498,0.005013676368135163,72.19693970114635,0.13,1
4707876,AQU,2019-11-17,7,4,96,40.6703352968962,-73.8316268850554,850,T,FM ,138,MSW,70000.0,256,119,John R. Velazquez,650,4,AQU_2019-11-17_7_4,0,AQU_2019-11-17_7,2264,Candy Tycoon,2019-11-17 14:56:24.000,AQU_2019-11-17_7_2264,0.0048866543429445485,70.3678225384015,0.21,1
515262,AQU,2019-04-17,6,2,247,40.6737327263465,-73.8308999519798,700,D,FT ,44,CLM,36000.0,409,124,Manuel Franco,155,2,AQU_2019-04-17_6_2,0,AQU_2019-04-17_6,1092,Surface Strike,2019-04-17 16:10:01.750,AQU_2019-04-17_6_1092,0.004413214382873685,63.55028711338107,0.74,3
1288378,BEL,2019-07-05,9,7,6,40.7142923095167,-73.7169753579502,800,T,FM ,166,MCL,41000.0,556,125,Dylan Davis,2330,11,BEL_2019-07-05_9_7,0,BEL_2019-07-05_9,3560,Royalbonnielegacy,2019-07-05 17:56:01.500,BEL_2019-07-05_9_3560,0.0009367180302426749,13.488739635494518,0.01,1
847547,BEL,2019-09-14,5,3,326,40.7140474134194,-73.7245478241697,850,T,FM ,90,CLM,39000.0,307,122,Javier Castellano,440,2,BEL_2019-09-14_5_3,0,BEL_2019-09-14_5,1658,No Regrets,2019-09-14 15:08:21.500,BEL_2019-09-14_5_1658,0.004986032669787388,71.79887044493839,0.83,4
2774097,SAR,2019-09-01,10,4,263,43.0721745553721,-73.7709663767408,600,D,FT ,54,STR,60000.0,539,118,John R. Velazquez,350,5,SAR_2019-09-01_10_4,0,SAR_2019-09-01_10,4222,Olive Kat,2019-09-01 17:40:05.750,SAR_2019-09-01_10_4222,0.003951762902751947,56.905385799628036,0.9,4
4964940,AQU,2019-11-22,4,5,258,40.6752418694014,-73.8280565331041,850,O,GD ,45,MSW,70000.0,219,114,Benjamin Hernandez,1440,3,AQU_2019-11-22_4_5,0,AQU_2019-11-22_4,2062,Cherokee Song,2019-11-22 14:20:04.500,AQU_2019-11-22_4_2062,0.004485913999625612,64.5971615946088,0.61,3
18723,AQU,2019-11-17,1,4,191,40.6728546707164,-73.8284373133042,800,T,FM ,72,CLM,44000.0,1200,121,Joey R. Martinez,1280,6,AQU_2019-11-17_1_4,0,AQU_2019-11-17_1,532,River Knight,2019-11-17 12:00:47.750,AQU_2019-11-17_1_532,0.0045095792115606775,64.93794064647376,0.5,2
5181914,BEL,2019-07-06,9,9,201,40.7161477881201,-73.7215899545574,1000,I,FM ,38,STK,1000000.0,545,122,Wayne Lordan,1130,8,BEL_2019-07-06_9_9,0,BEL_2019-07-06_9,3582,Cape of Good Hope (IRE),2019-07-06 17:45:50.250,BEL_2019-07-06_9_3582,0.004692124781486058,67.56659685339923,0.45,2
2481279,BEL,2019-06-21,9,6,189,40.713826511187,-73.724798807375,550,D,SY ,74,MCL,30000.0,551,118,Irad Ortiz Jr.,1270,3,BEL_2019-06-21_9_6,0,BEL_2019-06-21_9,2443,Dr. Devera's Way,2019-06-21 17:51:47.250,BEL_2019-06-21_9_2443,0.004774519719564608,68.75308396173035,0.71,3
480390,AQU,2019-11-20,5,7,111,40.6710466536517,-73.8284903440373,800,D,FT ,54,CLM,28000.0,220,124,Jose L. Ortiz,315,1,AQU_2019-11-20_5_7,1,AQU_2019-11-20_5,237,Run for Boston,2019-11-20 14:20:27.750,AQU_2019-11-20_5_237,0.004971894208481735,71.59527660213698,0.28,2
1131813,BEL,2019-05-16,7,7,136,40.7147897593841,-73.7179702738937,1000,I,YL ,90,AOC,90000.0,614,122,Javier Castellano,210,3,BEL_2019-05-16_7_7,0,BEL_2019-05-16_7,3044,Bird's Eye View,2019-05-16 18:14:34.000,BEL_2019-05-16_7_3044,0.004457403127043562,64.18660502942728,0.28,2
3947541,AQU,2019-11-30,3,3,240,40.673749696374,-73.8280192868973,850,T,GD ,98,MSW,70000.0,1255,121,Dylan Davis,3525,6,AQU_2019-11-30_3_3,0,AQU_2019-11-30_3,2542,Begonia,2019-11-30 12:56:00.000,AQU_2019-11-30_3_2542,0.0047872384962883326,68.93623434655198,0.58,3
4369014,AQU,2019-11-10,9,9,11,40.6698413191258,-73.8294226466422,600,O,FM ,58,STK,100000.0,351,120,Jose L. Ortiz,2875,6,AQU_2019-11-10_9_9,0,AQU_2019-11-10_9,1973,A Freud of Mama,2019-11-10 15:51:02.750,AQU_2019-11-10_9_1973,0.004143227130025408,59.66247067236588,0.04,1
1598454,AQU,2019-02-01,8,11,45,40.672693848386,-73.827608751837,550,D,FT ,52,MCL,33000.0,419,123,Michael J. Luzzi,950,6,AQU_2019-02-01_8_11,0,AQU_2019-02-01_8,109,Frosty Linz,2019-02-01 16:19:11.250,AQU_2019-02-01_8_109,0.0051263242405357795,73.81906906371522,0.16,1
1298290,AQU,2019-11-29,5,6,350,40.6729670169615,-73.8305942867294,850,T,GD ,192,STK,150000.0,150,121,Eric Cancel,1960,6,AQU_2019-11-29_5_6,0,AQU_2019-11-29_5,2508,Too Charming,2019-11-29 13:51:27.500,AQU_2019-11-29_5_2508,0.004741774107190434,68.28154714354226,0.85,4
101027,AQU,2019-11-21,6,1,170,40.6719073713524,-73.828451016869,850,O,GD ,41,CLM,46000.0,319,124,Jose Lezcano,265,1,AQU_2019-11-21_6_1,1,AQU_2019-11-21_6,1310,Wicked Freud,2019-11-21 15:19:42.500,AQU_2019-11-21_6_1310,0.004762685440504191,68.58267034326036,0.42,2
2301134,BEL,2019-10-03,5,9,256,40.7136204800447,-73.724183908568,650,D,SY ,48,MCL,33000.0,335,124,Harry Hernandez,4075,7,BEL_2019-10-03_5_9,0,BEL_2019-10-03_5,2116,Firestormy,2019-10-03 15:36:04.000,BEL_2019-10-03_5_2116,0.004255971000426146,61.285982406136505,0.81,4
3091449,SAR,2019-08-11,9,7,233,43.0719488892853,-73.771109692689,550,T,FM ,54,STK,100000.0,421,124,Jose Lezcano,830,9,SAR_2019-08-11_9_7,0,SAR_2019-08-11_9,4453,Elsa,2019-08-11 16:21:58.250,SAR_2019-08-11_9_4453,0.004174582634132182,60.113989931503426,0.94,4
1588041,SAR,2019-08-03,5,5,236,43.0718300050479,-73.7712453278338,550,T,FM ,90,STK,200000.0,321,124,Alex Cintron,275,4,SAR_2019-08-03_5_5,0,SAR_2019-08-03_5,4338,Wet Your Whistle,2019-08-03 15:21:59.000,SAR_2019-08-03_5_4338,0.004248890844119001,61.18402815531362,0.96,4
5091007,AQU,2019-02-28,7,5,198,40.675051185022,-73.8302310529225,650,D,FT ,36,STR,55000.0,408,124,Luis R. Reyes,1850,3,AQU_2019-02-28_7_5,0,AQU_2019-02-28_7,560,Bootlegger (FR),2019-02-28 16:08:49.500,AQU_2019-02-28_7_560,0.004565588288857487,65.74447135954782,0.63,3
4260070,AQU,2019-11-20,1,6,130,40.6752841484719,-73.8276982946467,600,D,GD ,38,MCL,30000.0,1220,117,Benjamin Hernandez,8725,5,AQU_2019-11-20_1_6,0,AQU_2019-11-20_1,543,Bridgetothefuture,2019-11-20 12:20:32.500,AQU_2019-11-20_1_543,0.004723804170105082,68.02278004951317,0.43,2
3831681,AQU,2019-04-20,9,10,75,40.6725885373125,-73.8277314147898,650,D,SY ,38,STK,200000.0,548,118,Eric Cancel,3475,7,AQU_2019-04-20_9_10,0,AQU_2019-04-20_9,1069,Captain Frost,2019-04-20 17:48:18.750,AQU_2019-04-20_9_1069,0.005431742255864868,78.2170884844541,0.23,1
1110272,AQU,2019-03-22,7,2,57,40.6723659983419,-73.8278505455202,600,D,SY ,45,CLM,36000.0,452,120,Carlos J. Hernandez,600,3,AQU_2019-03-22_7_2,0,AQU_2019-03-22_7,300,Quest for Fire,2019-03-22 16:52:14.250,AQU_2019-03-22_7_300,0.005631777463365214,81.09759547245909,0.19,1
4146064,BEL,2019-06-16,9,1,281,40.7132935336374,-73.7228222618677,650,D,FT ,56,MCL,33000.0,556,118,Manuel Franco,710,3,BEL_2019-06-16_9_1,0,BEL_2019-06-16_9,3419,The Confidante,2019-06-16 17:57:10.250,BEL_2019-06-16_9_3419,0.004278969010353307,61.61715374908763,0.75,3
4134823,BEL,2019-05-02,6,2,179,40.7149025417703,-73.72663133001,600,I,GD ,98,MCL,41000.0,412,118,Dylan Davis,620,4,BEL_2019-05-02_6_2,0,BEL_2019-05-02_6,1087,Amistad,2019-05-02 16:12:44.750,BEL_2019-05-02_6_1087,0.0043602908828344,62.78818871281536,0.61,3
2236347,BEL,2019-10-18,5,1,2,40.7126642354723,-73.7193017651998,850,I,GD ,76,CLM,39000.0,334,122,Manuel Franco,395,4,BEL_2019-10-18_5_1,0,BEL_2019-10-18_5,3068,Ascender,2019-10-18 15:34:00.500,BEL_2019-10-18_5_3068,0.0008625231474297471,12.420333322988359,0.0,1
4560521,BEL,2019-10-14,5,9,6,40.7126794324481,-73.7192015335065,850,I,FM ,66,MCL,46000.0,332,119,Eric Cancel,2975,4,BEL_2019-10-14_5_9,0,BEL_2019-10-14_5,1835,Lookn Fine as Wine,2019-10-14 15:32:01.500,BEL_2019-10-14_5_1835,0.0026496749510839177,38.155319295608415,0.01,1
3830089,BEL,2019-10-18,1,2,333,40.7130669698057,-73.7210588416385,700,T,GD ,90,MCL,52000.0,116,120,Luis Saez,2050,6,BEL_2019-10-18_1_2,0,BEL_2019-10-18_1,3942,Bad Dude,2019-10-18 13:17:23.250,BEL_2019-10-18_1_3942,0.004258054812564505,61.31598930092888,0.99,4
355643,AQU,2019-03-16,3,5,108,40.6747457276615,-73.8272114977201,600,D,FT ,45,STK,100000.0,240,118,Junior Alvarado,285,1,AQU_2019-03-16_3_5,1,AQU_2019-03-16_3,961,Startwithsilver,2019-03-16 14:40:27.000,AQU_2019-03-16_3_961,0.004945791833177286,71.21940239775292,0.38,2
4507376,SAR,2019-07-21,8,9,139,43.0733561673691,-73.7646271831923,600,D,FT ,50,MSW,90000.0,433,119,Rajiv Maragh,4750,10,SAR_2019-07-21_8_9,0,SAR_2019-07-21_8,4172,He's Super Lucky,2019-07-21 16:33:34.750,SAR_2019-07-21_8_4172,0.0049705773775499534,71.57631423671933,0.47,2
889246,BEL,2019-05-18,7,5,223,40.71644372512,-73.7275681073188,800,T,GD ,108,ALW,66000.0,310,124,Kendrick Carmouche,1190,11,BEL_2019-05-18_7_5,0,BEL_2019-05-18_7,116,Got the Gist,2019-05-18 15:10:55.750,BEL_2019-05-18_7_116,0.004566656624621547,65.75985539455027,0.55,3
3561016,BEL,2019-07-06,1,2,77,40.7176950615851,-73.7260779533174,600,D,FT ,65,CLM,36000.0,102,118,Dylan Davis,60,1,BEL_2019-07-06_1_2,1,BEL_2019-07-06_1,655,Malibu Mischief,2019-07-06 13:02:19.250,BEL_2019-07-06_1_655,0.004981072794075403,71.72744823468581,0.27,2
4253022,AQU,2019-02-23,2,8,72,40.673137154847,-73.8274930350652,600,D,FT ,45,MSW,60000.0,121,120,Hector Rafael Diaz Jr.,2220,2,AQU_2019-02-23_2_8,0,AQU_2019-02-23_2,832,Alphadora,2019-02-23 13:21:18.000,AQU_2019-02-23_2_832,0.005299778245068395,76.31680672898489,0.25,2
3997530,SAR,2019-07-28,12,3,178,43.0731891043013,-73.7678816513538,550,T,FM ,54,MCL,48000.0,712,119,Luis Saez,450,8,SAR_2019-07-28_12_3,0,SAR_2019-07-28_12,2923,Traci's Girl,2019-07-28 19:12:44.500,SAR_2019-07-28_12_2923,0.004810454393897893,69.27054327212966,0.58,3
2247675,BEL,2019-06-29,7,1,287,40.714223349988,-73.7250973927842,800,T,FM ,76,STK,100000.0,445,117,Jose L. Ortiz,570,2,BEL_2019-06-29_7_1,0,BEL_2019-06-29_7,2900,Mrs. Ramona G.,2019-06-29 16:46:11.750,BEL_2019-06-29_7_2900,0.005277023636430163,75.98914036459435,0.8,4
1357538,AQU,2019-04-19,7,3,46,40.6710744853505,-73.828901602294,600,O,FM ,58,CLM,62000.0,442,122,Hector Rafael Diaz Jr.,1050,6,AQU_2019-04-19_7_3,0,AQU_2019-04-19_7,391,Coltandmississippi,2019-04-19 16:42:11.500,AQU_2019-04-19_7_391,0.005340457755030337,76.90259167243684,0.16,1
1060956,BEL,2019-10-19,9,1,73,40.715134362996,-73.7182864299251,850,I,FM ,76,STK,200000.0,448,121,Luis Saez,2600,2,BEL_2019-10-19_9_1,0,BEL_2019-10-19_9,1538,Wish Upon,2019-10-19 16:48:18.250,BEL_2019-10-19_9_1538,0.004784476100578702,68.8964558483333,0.18,1
1187763,AQU,2019-12-22,7,7,240,40.6732535673285,-73.8312132730233,650,D,FT ,54,CLM,55000.0,251,124,Jorge A. Vargas Jr.,710,5,AQU_2019-12-22_7_7,0,AQU_2019-12-22_7,119,Monteleone,2019-12-22 14:52:00.000,AQU_2019-12-22_7_119,0.00430715756251685,62.023068900242635,0.78,4
2801606,SAR,2019-08-01,6,1,28,43.0720389345586,-73.7713217065141,900,D,FT ,78,CLM,35000.0,407,120,Irad Ortiz Jr.,325,3,SAR_2019-08-01_6_1,0,SAR_2019-08-01_6,975,Eddy Dirt,2019-08-01 16:07:07.000,SAR_2019-08-01_6_975,0.004385246601734068,63.14755106497058,0.06,1
151983,AQU,2019-01-01,9,4,67,40.6726529009206,-73.8277345772051,600,D,GD ,48,CLM,25000.0,420,122,Joel Sone,335,6,AQU_2019-01-01_9_4,0,AQU_2019-01-01_9,58,Dancetrack,2019-01-01 16:20:16.750,AQU_2019-01-01_9_58,0.00536765547040136,77.29423877377958,0.22,1
3054815,SAR,2019-08-28,10,10,140,43.0736390871659,-73.7657329121118,550,T,FM ,54,MCL,48000.0,542,119,Joe Bravo,600,6,SAR_2019-08-28_10_10,0,SAR_2019-08-28_10,4594,Zip It Jess,2019-08-28 17:42:35.000,SAR_2019-08-28_10_4594,0.0050773912555059164,73.1144340792852,0.55,3
1145506,AQU,2019-02-10,6,3,68,40.6726966001671,-73.8277170412315,600,D,FT ,54,CLM,43000.0,329,121,Manuel Franco,230,1,AQU_2019-02-10_6_3,1,AQU_2019-02-10_6,593,Letmetakethiscall,2019-02-10 15:29:17.000,AQU_2019-02-10_6_593,0.005065154199148664,72.93822046774076,0.23,1
3298266,BEL,2019-05-11,8,3,259,40.7163984167694,-73.7276573766582,850,T,FM ,175,MSW,80000.0,522,118,Javier Castellano,125,1,BEL_2019-05-11_8_3,1,BEL_2019-05-11_8,3006,Varenka,2019-05-11 17:23:04.750,BEL_2019-05-11_8_3006,0.004754170968590737,68.46006194770662,0.63,3
3682268,AQU,2019-11-14,7,2,48,40.6684311011848,-73.8296486201701,800,D,FT ,54,CLM,42000.0,318,118,Junior Alvarado,3400,8,AQU_2019-11-14_7_2,0,AQU_2019-11-14_7,668,Chuckles,2019-11-14 15:18:12.000,AQU_2019-11-14_7_668,0.005098786362611388,73.42252362160399,0.12,1
5042090,BEL,2019-10-26,6,8,222,40.7169617302945,-73.7245810697073,900,I,GD ,189,MSW,75000.0,337,124,Luis A. Rodriguez Castro,8200,9,BEL_2019-10-26_6_8,0,BEL_2019-10-26_6,2296,Azzedine (FR),2019-10-26 15:37:55.500,BEL_2019-10-26_6_2296,0.004611306818840646,66.4028181913053,0.5,2
2601203,SAR,2019-07-18,6,2,111,43.0693676274256,-73.770918360103,900,D,FT ,78,MSW,90000.0,404,118,Irad Ortiz Jr.,410,5,SAR_2019-07-18_6_2,0,SAR_2019-07-18_6,2220,Kelleycanrun,2019-07-18 16:04:27.750,SAR_2019-07-18_6_2220,0.004577083837100796,65.91000725425145,0.24,1
1649213,AQU,2019-02-07,8,6,343,40.6721490225149,-73.8316409176915,800,D,MY ,52,CLM,16000.0,433,116,Reylu Gutierrez,1410,4,AQU_2019-02-07_8_6,0,AQU_2019-02-07_8,99,Fifty,2019-02-07 16:34:25.750,AQU_2019-02-07_8_99,0.003907592729831673,56.26933530957609,0.88,4
1629949,BEL,2019-05-05,1,3,55,40.716072102707,-73.718996445192,850,D,SY ,44,CLM,28000.0,130,123,Luis R. Reyes,265,1,BEL_2019-05-05_1_3,1,BEL_2019-05-05_1,499,Call Me,2019-05-05 13:30:13.750,BEL_2019-05-05_1_499,0.005142272423488358,74.04872289823236,0.13,1
1839272,AQU,2019-11-14,2,10,73,40.672799752862,-73.8280558691382,600,O,FM ,44,CLM,44000.0,1250,122,Joel Rosario,130,7,AQU_2019-11-14_2_10,0,AQU_2019-11-14_2,2056,Stonefactor,2019-11-14 12:50:18.250,AQU_2019-11-14_2_2056,0.005410398313121336,77.90973570894724,0.26,2
306775,SAR,2019-08-03,4,7,100,43.0698176678458,-73.7714296061817,800,I,FM ,82,WCL,67000.0,246,124,Javier Castellano,300,5,SAR_2019-08-03_4_7,0,SAR_2019-08-03_4,1881,Hay Dakota,2019-08-03 14:46:25.000,SAR_2019-08-03_4_1881,0.005060723390904311,72.87441682902208,0.27,2
4326908,BEL,2019-10-25,2,4,53,40.7142796066463,-73.7178793013564,850,I,GD ,76,MSW,62000.0,149,119,Irad Ortiz Jr.,145,4,BEL_2019-10-25_2_4,0,BEL_2019-10-25_2,3975,Las Ramblas,2019-10-25 13:49:13.250,BEL_2019-10-25_2_3975,0.004322900317303756,62.24976456917409,0.13,1
531528,AQU,2019-11-11,6,2,69,40.6715616038429,-73.831168439275,850,T,FM ,88,CLM,38000.0,223,115,Heman K. Harkie,9950,11,AQU_2019-11-11_6_2,0,AQU_2019-11-11_6,1198,Da Meister,2019-11-11 14:23:17.250,AQU_2019-11-11_6_1198,0.004869657629283964,70.12306986168907,0.17,1
4516047,AQU,2019-12-28,6,4,150,40.6753542679842,-73.8278308928749,650,D,FT ,52,MSW,60000.0,252,119,Kendrick Carmouche,1580,1,AQU_2019-12-28_6_4,1,AQU_2019-12-28_6,1631,Notorious Flirt,2019-12-28 14:52:37.500,AQU_2019-12-28_6_1631,0.004583573690899271,66.0034611489495,0.36,2
1647878,AQU,2019-01-05,7,1,93,40.6741164291776,-73.8271133689448,600,D,SY ,48,ALW,70000.0,327,121,Rajiv Maragh,285,2,AQU_2019-01-05_7_1,0,AQU_2019-01-05_7,155,Wegotoldyougotsold,2019-01-05 15:27:23.250,AQU_2019-01-05_7_155,0.005187898256437434,74.70573489269904,0.3,2
793834,BEL,2019-06-16,8,1,276,40.7143448605972,-73.7256789393839,800,T,FM ,108,STK,300000.0,518,116,Javier Castellano,185,5,BEL_2019-06-16_8_1,0,BEL_2019-06-16_8,3415,Clyde's Image,2019-06-16 17:19:09.000,BEL_2019-06-16_8_3415,0.005393272565482007,77.6631249429409,0.77,4
5067683,BEL,2019-10-11,7,3,297,40.717170202078,-73.7258530582654,1000,I,GD ,92,AOC,77000.0,444,126,Junior Alvarado,115,1,BEL_2019-10-11_7_3,1,BEL_2019-10-11_7,2566,Pivotal Connection (GB),2019-10-11 16:45:14.250,BEL_2019-10-11_7_2566,0.0045478175774427716,65.48857311517591,0.63,3
1261967,AQU,2019-11-03,8,2,160,40.6742751200355,-73.8299630710041,1200,T,GD ,123,STK,125000.0,321,118,Eric Cancel,8725,5,AQU_2019-11-03_8_2,0,AQU_2019-11-03_8,1720,Not in Jeopardy,2019-11-03 15:21:40.000,AQU_2019-11-03_8_1720,0.004355203506462705,62.71493049306296,0.26,2
508268,SAR,2019-08-04,2,6,195,43.0738915205067,-73.7664830922251,650,D,FT ,72,CLM,34000.0,136,122,Irad Ortiz Jr.,1330,7,SAR_2019-08-04_2_6,0,SAR_2019-08-04_2,740,Adulation,2019-08-04 13:36:48.750,SAR_2019-08-04_2_740,0.004896665342909219,70.51198093789276,0.61,3
1711553,BEL,2019-05-31,1,3,40,40.7173616714919,-73.7237636136048,600,D,FT ,54,CLM,38000.0,130,125,Hector Rafael Diaz Jr.,260,4,BEL_2019-05-31_1_3,0,BEL_2019-05-31_1,633,Simona,2019-05-31 13:30:10.000,BEL_2019-05-31_1_633,0.0052500694829228515,75.60100055408905,0.14,1
4171230,AQU,2019-12-07,2,8,221,40.6734197023673,-73.8280470451009,850,T,YL ,96,STK,150000.0,1201,120,Jose L. Ortiz,950,6,AQU_2019-12-07_2_8,0,AQU_2019-12-07_2,1764,Tass,2019-12-07 12:01:55.250,AQU_2019-12-07_2_1764,0.004979849599145528,71.70983422769561,0.54,3
2289555,AQU,2019-01-25,7,4,288,40.6744187990073,-73.8306062063208,800,D,GD ,52,AOC,67000.0,328,123,Junior Alvarado,480,3,AQU_2019-01-25_7_4,0,AQU_2019-01-25_7,164,Starlite Mission,2019-01-25 15:29:12.000,AQU_2019-01-25_7_164,0.004464930657581297,64.29500146917069,0.72,3
1660221,AQU,2019-11-29,6,6,111,40.6745167218637,-73.8273693356306,600,O,GD ,52,ALW,75000.0,220,120,Jorge A. Vargas Jr.,2525,7,AQU_2019-11-29_6_6,0,AQU_2019-11-29_6,2132,La Piu Bella,2019-11-29 14:20:27.750,AQU_2019-11-29_6_2132,0.0048682436103268355,70.10270798870643,0.38,2
2122636,BEL,2019-05-19,4,4,259,40.716875610148,-73.7242146813027,1000,I,FM ,92,AOC,90000.0,309,122,Javier Castellano,180,4,BEL_2019-05-19_4_4,0,BEL_2019-05-19_4,3083,Osare,2019-05-19 15:10:04.750,BEL_2019-05-19_4_3083,0.004915779849882943,70.78722983831437,0.56,3
1566120,AQU,2019-04-12,8,1,215,40.6730472439112,-73.8308863265318,600,O,FM ,45,ALW,66000.0,515,126,Manuel Franco,170,7,AQU_2019-04-12_8_1,0,AQU_2019-04-12_8,856,Big Engine,2019-04-12 17:15:53.750,AQU_2019-04-12_8_856,0.004385155034536401,63.14623249732417,0.76,4
2714638,AQU,2019-01-26,2,9,117,40.6741376944186,-73.8271069735883,650,D,FT ,30,MCL,35000.0,1255,122,Ruben Silvera,810,5,AQU_2019-01-26_2_9,0,AQU_2019-01-26_2,37,Simbasalltrouble,2019-01-26 12:55:29.250,AQU_2019-01-26_2_37,0.005077215957199546,73.11190978367345,0.35,2
3113528,BEL,2019-07-06,7,4,186,40.715904250665,-73.7207054861988,1000,I,FM ,38,STK,750000.0,430,121,Julien R. Leparoux,290,1,BEL_2019-07-06_7_4,1,BEL_2019-07-06_7,3572,Concrete Rose,2019-07-06 16:30:46.500,BEL_2019-07-06_7_3572,0.004628261761919921,66.64696937164686,0.41,2
1132988,SAR,2019-08-15,1,6,149,43.0700796015915,-73.7693685211231,850,T,FM ,96,CLM,52000.0,102,123,Luis R. Reyes,1980,5,SAR_2019-08-15_1_6,0,SAR_2019-08-15_1,2068,Princess Victoria,2019-08-15 13:02:37.250,SAR_2019-08-15_1_2068,0.004821238318453433,69.42583178572944,0.37,2
3030162,BEL,2019-10-19,11,10,237,40.7142486623113,-73.7256094384606,700,T,FM ,90,MSW,62000.0,553,121,Javier Castellano,305,2,BEL_2019-10-19_11_10,0,BEL_2019-10-19_11,2472,Klickitat,2019-10-19 17:53:59.250,BEL_2019-10-19_11_2472,0.00450166165465122,64.82392782697757,0.73,3
1130074,BEL,2019-05-17,5,1,288,40.7139382607679,-73.7251227535899,800,D,FT ,52,AOC,85000.0,338,122,Jose Lezcano,920,4,BEL_2019-05-17_5_1,0,BEL_2019-05-17_5,3056,Giuseppe the Great,2019-05-17 15:39:12.000,BEL_2019-05-17_5_3056,0.004452049908373234,64.10951868057457,0.78,4
1461060,BEL,2019-06-27,2,6,101,40.7169978896878,-73.7236787076745,700,T,FM ,96,CLM,42000.0,336,117,Joey R. Martinez,3150,4,BEL_2019-06-27_2_6,0,BEL_2019-06-27_2,253,Party in the Sand,2019-06-27 15:36:25.250,BEL_2019-06-27_2_253,0.005151892628950907,74.18725385689307,0.31,2
795494,AQU,2019-01-10,1,1,170,40.6734303587192,-73.8273154146062,800,D,FT ,54,STR,55000.0,1250,125,Luis A. Rodriguez Castro,940,4,AQU_2019-01-10_1_1,0,AQU_2019-01-10_1,230,She'sakittykat,2019-01-10 12:50:42.500,AQU_2019-01-10_1_230,0.004770308329944221,68.69243995119679,0.42,2
4117386,AQU,2019-11-01,8,8,234,40.6755796435516,-73.8292505085273,800,D,FT ,54,ALW,66000.0,344,120,Hector Rafael Diaz Jr.,1030,2,AQU_2019-11-01_8_8,0,AQU_2019-11-01_8,1607,Love and Love,2019-11-01 15:44:58.500,AQU_2019-11-01_8_1607,0.004743491332964729,68.3062751946921,0.61,3
3644961,AQU,2019-02-28,3,5,10,40.666919628052,-73.8302871927608,800,D,FT ,54,MSW,60000.0,154,122,Kendrick Carmouche,255,1,AQU_2019-02-28_3_5,1,AQU_2019-02-28_3,1068,Whistling Birds,2019-02-28 13:54:02.500,AQU_2019-02-28_3_1068,0.002558240745613152,36.83866673682939,0.02,1
2986865,BEL,2019-10-26,7,1,122,40.7164764748111,-73.7215468394601,850,T,GD ,135,ALW,77000.0,414,120,Jose Lezcano,1310,7,BEL_2019-10-26_7_1,0,BEL_2019-10-26_7,1344,On the Town,2019-10-26 16:14:30.500,BEL_2019-10-26_7_1344,0.004627583947568878,66.63720884499185,0.3,2
948505,AQU,2019-04-12,3,2,76,40.6704161546448,-73.8316214051858,800,T,FM ,74,AOC,80000.0,230,120,Jose Lezcano,1120,2,AQU_2019-04-12_3_2,0,AQU_2019-04-12_3,1405,Harlan's Harmony,2019-04-12 14:30:19.000,AQU_2019-04-12_3_1405,0.004833428170305694,69.601365652402,0.2,1
2453560,AQU,2019-12-22,8,6,79,40.6697469559319,-73.829042915606,800,D,FT ,54,ALW,70000.0,319,114,Declan Carroll,5750,9,AQU_2019-12-22_8_6,0,AQU_2019-12-22_8,1605,Hollywood Glory,2019-12-22 15:19:19.750,AQU_2019-12-22_8_1605,0.004838692020700803,69.67716509809156,0.2,1
2312842,AQU,2019-02-02,10,4,86,40.6728486563331,-73.8276641407253,650,D,FT ,34,CLM,28000.0,503,122,Dylan Davis,375,2,AQU_2019-02-02_10_4,0,AQU_2019-02-02_10,184,I Love Jaxson,2019-02-02 17:03:21.500,AQU_2019-02-02_10_184,0.005447152235541876,78.43899219180302,0.27,2
5122264,BEL,2019-06-06,3,3,283,40.7164490252619,-73.7273703542076,900,I,FM ,243,STK,200000.0,407,123,Irad Ortiz Jr.,15,2,BEL_2019-06-06_3_3,0,BEL_2019-06-06_3,3230,Newspaperofrecord (IRE),2019-06-06 16:08:10.750,BEL_2019-06-06_3_3230,0.005228615153154091,75.29205820541891,0.67,3
1623159,BEL,2019-05-31,4,5,6,40.7168889869164,-73.7218390021016,600,D,FT ,54,CLM,39000.0,308,123,Jose L. Ortiz,650,4,BEL_2019-05-31_4_5,0,BEL_2019-05-31_4,414,All Clear,2019-05-31 15:08:01.500,BEL_2019-05-31_4_414,0.002230917253004431,32.12520844326381,0.02,1
2036154,SAR,2019-07-19,10,4,200,43.0709534659661,-73.7664817227556,900,D,FT ,78,MCL,48000.0,625,124,Tyler Gaffalione,690,2,SAR_2019-07-19_10_4,0,SAR_2019-07-19_10,2321,Super Silver,2019-07-19 18:25:50.000,SAR_2019-07-19_10_2321,0.004699546355783897,67.67346752328811,0.46,2
1709819,BEL,2019-05-26,5,8,261,40.7156508583372,-73.7276694261563,850,T,FM ,130,CLM,44000.0,341,124,Manuel Franco,3150,7,BEL_2019-05-26_5_8,0,BEL_2019-05-26_5,444,Blissful Breeze,2019-05-26 15:42:05.250,BEL_2019-05-26_5_444,0.004848609103404535,69.8199710890253,0.66,3
2816736,AQU,2019-04-20,9,7,224,40.6738802154931,-73.8309147654792,650,D,SY ,38,STK,200000.0,548,119,Samuel Camacho Jr.,4450,6,AQU_2019-04-20_9_7,0,AQU_2019-04-20_9,564,Bebe Banker,2019-04-20 17:48:56.000,AQU_2019-04-20_9_564,0.004328932773493112,62.33663193830082,0.69,3
1419249,AQU,2019-01-18,4,3,227,40.6755949029089,-73.8286335075073,800,D,FT ,54,CLM,57000.0,227,126,Eric Cancel,1610,8,AQU_2019-01-18_4_3,0,AQU_2019-01-18_4,465,In a Fog,2019-01-18 14:27:56.750,AQU_2019-01-18_4_465,0.0044031846243960835,63.405858591303605,0.57,3
123847,AQU,2019-03-15,8,6,127,40.6720505041808,-73.8279927957265,800,D,FT ,54,AOC,67000.0,524,121,Reylu Gutierrez,660,5,AQU_2019-03-15_8_6,0,AQU_2019-03-15_8,104,Papa Shot,2019-03-15 17:24:31.750,AQU_2019-03-15_8_104,0.004954826631275513,71.34950349036738,0.33,2
2480373,SAR,2019-07-24,10,12,148,43.0721517754232,-73.7643836374457,700,D,FT ,32,ALW,92000.0,620,120,Irad Ortiz Jr.,620,3,SAR_2019-07-24_10_12,0,SAR_2019-07-24_10,2815,Proximity Bias,2019-07-24 18:20:37.000,SAR_2019-07-24_10_2815,0.005077211143745933,73.11184046994143,0.44,2
3488884,SAR,2019-08-11,7,1,22,43.0729982984463,-73.7675211239516,900,I,FM ,63,ALW,80000.0,414,120,Irad Ortiz Jr.,840,5,SAR_2019-08-11_7_1,0,SAR_2019-08-11_7,3487,Graded On a Curve,2019-08-11 16:14:05.500,SAR_2019-08-11_7_3487,0.004499059328217578,64.78645432633311,0.05,1
2131345,BEL,2019-06-15,5,3,339,40.714234735451,-73.7240950486071,850,I,FM ,56,STR,55000.0,347,124,Irad Ortiz Jr.,770,8,BEL_2019-06-15_5_3,0,BEL_2019-06-15_5,2179,Hills Pond,2019-06-15 15:48:24.750,BEL_2019-06-15_5_2179,0.004638352184933321,66.79227146303982,0.85,4
412,AQU,2019-04-19,7,2,166,40.6750017049547,-73.8298157408882,600,O,FM ,58,CLM,62000.0,442,120,Manuel Franco,335,2,AQU_2019-04-19_7_2,0,AQU_2019-04-19_7,1547,Spring to the Sky,2019-04-19 16:42:41.500,AQU_2019-04-19_7_1547,0.005159503916026637,74.29685639078357,0.6,3
3056555,SAR,2019-08-09,2,7,40,43.071665498849,-73.7722460699727,900,D,FT ,81,MCL,48000.0,134,118,Eric Cancel,630,5,SAR_2019-08-09_2_7,0,SAR_2019-08-09_2,1052,Freedom Prince,2019-08-09 13:34:10.000,SAR_2019-08-09_2_1052,0.0049000851046757535,70.56122550733085,0.09,1
3797638,BEL,2019-05-10,7,6,84,40.7174697096457,-73.7241042152375,700,D,FT ,40,ALW,82000.0,445,118,Reylu Gutierrez,5400,7,BEL_2019-05-10_7_6,0,BEL_2019-05-10_7,446,Thousand Percent,2019-05-10 16:45:21.000,BEL_2019-05-10_7_446,0.005609510977138099,80.77695807078862,0.25,2
3262810,AQU,2019-01-19,4,1,41,40.6680845554619,-73.829844785267,800,D,FT ,54,MCL,41000.0,201,120,Manuel Franco,180,3,AQU_2019-01-19_4_1,0,AQU_2019-01-19_4,507,Redouble,2019-01-19 14:01:10.250,AQU_2019-01-19_4_507,0.004997167702336878,71.95921491365104,0.1,1
3790596,BEL,2019-09-12,4,11,262,40.7153244839447,-73.7275190707665,850,T,FM ,92,MCL,52000.0,437,120,Kendrick Carmouche,420,5,BEL_2019-09-12_4_11,0,BEL_2019-09-12_4,1981,Lookin At Roses,2019-09-12 16:38:05.500,BEL_2019-09-12_4_1981,0.005069886624562364,73.00636739369804,0.64,3
3007859,SAR,2019-07-28,7,8,219,43.0718300618789,-73.7654289436105,800,I,FM ,84,MSW,90000.0,423,118,Jose Lezcano,1230,6,SAR_2019-07-28_7_8,0,SAR_2019-07-28_7,4263,Shurakaa,2019-07-28 16:23:54.750,SAR_2019-07-28_7_4263,0.004915547589803845,70.78388529317536,0.57,3
3568421,BEL,2019-09-28,3,5,297,40.7134066667536,-73.7223928286454,700,T,FM ,90,ALW,77000.0,204,118,Irad Ortiz Jr.,1610,3,BEL_2019-09-28_3_5,0,BEL_2019-09-28_3,2087,Digital Footprint,2019-09-28 14:05:14.250,BEL_2019-09-28_3_2087,0.0043200869671461955,62.209252326905215,0.93,4
46759,AQU,2019-11-03,6,8,22,40.6704206139385,-73.829048685395,600,O,GD ,64,AOC,70000.0,223,124,Irad Ortiz Jr.,160,1,AQU_2019-11-03_6_8,1,AQU_2019-11-03_6,1707,Dowse's Beach,2019-11-03 14:23:05.500,AQU_2019-11-03_6_1707,0.00497176153915724,71.59336616386425,0.07,1
2582195,BEL,2019-05-17,2,6,185,40.7147264528441,-73.7272847487464,650,D,FT ,60,CLM,50000.0,201,118,Jose Lezcano,70,3,BEL_2019-05-17_2_6,0,BEL_2019-05-17_2,811,Running Violence,2019-05-17 14:01:46.250,BEL_2019-05-17_2_811,0.004803275424430667,69.1671661118016,0.6,3
1718551,AQU,2019-02-23,7,2,168,40.6754038113138,-73.8279313322392,700,D,FT ,44,AOC,75000.0,357,121,Manuel Franco,235,4,AQU_2019-02-23_7_2,0,AQU_2019-02-23_7,157,Bon Raison,2019-02-23 15:57:42.000,AQU_2019-02-23_7_157,0.004764778516728735,68.61281064089378,0.51,3
4238787,AQU,2019-04-07,9,4,182,40.6749628735363,-73.8302900738398,600,D,FT ,45,MCL,35000.0,550,119,Michael J. Luzzi,3925,10,AQU_2019-04-07_9_4,0,AQU_2019-04-07_9,471,Emmy Knows,2019-04-07 17:50:45.500,AQU_2019-04-07_9_471,0.004637166579861414,66.77519875000436,0.58,3
3375248,BEL,2019-09-28,11,2,279,40.7144058597892,-73.7260635927287,800,T,FM ,172,MSW,75000.0,628,120,Rajiv Maragh,2725,6,BEL_2019-09-28_11_2,0,BEL_2019-09-28_11,2586,Superfan,2019-09-28 18:29:09.750,BEL_2019-09-28_11_2586,0.004798705431050598,69.10135820712861,0.75,3
3990111,BEL,2019-06-06,5,4,292,40.7142688659775,-73.7255839794626,800,T,FM ,153,MSW,90000.0,511,118,Luis Saez,750,6,BEL_2019-06-06_5_4,0,BEL_2019-06-06_5,1792,Blahnik,2019-06-06 17:12:13.000,BEL_2019-06-06_5_1792,0.005057055419148128,72.82159803573305,0.78,4
3358276,BEL,2019-06-07,2,11,65,40.7164318468743,-73.7227490957115,600,I,FM ,152,MSW,72000.0,123,118,Kendrick Carmouche,550,5,BEL_2019-06-07_2_11,0,BEL_2019-06-07_2,2820,Memories Eternal,2019-06-07 13:23:16.250,BEL_2019-06-07_2_2820,0.005483638004155468,78.96438725983874,0.23,1
4651688,SAR,2019-09-02,6,2,93,43.0721388649294,-73.7644026413969,550,D,SY ,49,MSW,90000.0,320,119,Luis Saez,2400,7,SAR_2019-09-02_6_2,0,SAR_2019-09-02_6,4633,Clifton Park,2019-09-02 15:20:23.250,SAR_2019-09-02_6_4633,0.005176910891189422,74.54751683312767,0.34,2
984895,BEL,2019-10-16,8,9,319,40.7140013622036,-73.7253646638468,850,D,MY ,50,CLM,39000.0,459,124,Tzeonn Chang,1280,2,BEL_2019-10-16_8_9,0,BEL_2019-10-16_8,854,Smidge,2019-10-16 17:00:19.750,BEL_2019-10-16_8_854,0.0042530860913299155,61.24443971515078,0.77,4
4464023,AQU,2019-12-31,3,6,222,40.6736206981385,-73.8272560225007,900,D,SY ,82,MSW,68000.0,132,119,Jose Lezcano,35,1,AQU_2019-12-31_3_6,1,AQU_2019-12-31_3,2027,Portos,2019-12-31 13:32:55.500,AQU_2019-12-31_3_2027,0.004740159836073901,68.25830163946418,0.49,2
498217,AQU,2019-11-09,8,8,150,40.671623882056,-73.8290700299772,800,T,FM ,20,STK,150000.0,320,125,Feargal Lynch,375,2,AQU_2019-11-09_8_8,0,AQU_2019-11-09_8,1889,Caribou Club,2019-11-09 15:20:37.500,AQU_2019-11-09_8_1889,0.005227467898787297,75.27553774253707,0.41,2
4107819,AQU,2019-11-01,1,3,319,40.6712097030121,-73.8321168383891,650,D,MY ,36,CLM,28000.0,1200,120,Kendrick Carmouche,460,7,AQU_2019-11-01_1_3,0,AQU_2019-11-01_1,495,Shanghai Bonnie,2019-11-01 12:01:19.750,AQU_2019-11-01_1_495,0.0025019729558137293,36.0284105637177,0.99,4
117263,AQU,2019-11-02,5,2,40,40.6717758970846,-73.8281381249746,600,D,FT ,40,CLM,28000.0,207,115,Benjamin Hernandez,3000,6,AQU_2019-11-02_5_2,0,AQU_2019-11-02_5,1643,Brimstone,2019-11-02 14:07:10.000,AQU_2019-11-02_5_1643,0.005505016438179795,79.27223670978906,0.14,1
4339687,BEL,2019-10-11,4,5,116,40.7170896039386,-73.7269998709151,600,T,GD ,101,MSW,62000.0,257,114,Benjamin Hernandez,5200,7,BEL_2019-10-11_4_5,0,BEL_2019-10-11_4,3704,Ama Is a Rock,2019-10-11 14:57:29.000,BEL_2019-10-11_4_3704,0.005162921655396851,74.34607183771466,0.4,2
3420459,BEL,2019-06-19,5,5,187,40.7142395653512,-73.7263352036223,600,D,GD ,66,MCL,41000.0,340,118,Junior Alvarado,365,3,BEL_2019-06-19_5_5,0,BEL_2019-06-19_5,2078,Monmouth Dr,2019-06-19 15:40:46.750,BEL_2019-06-19_5_2078,0.004510371215000084,64.9493454960012,0.65,3
3440178,BEL,2019-05-25,3,3,217,40.7138333550598,-73.7248091148104,600,D,FT ,58,MCL,33000.0,235,118,Joel Rosario,520,3,BEL_2019-05-25_3_3,0,BEL_2019-05-25_3,402,Wisecrack,2019-05-25 14:35:54.250,BEL_2019-05-25_3_402,0.004560405003134083,65.6698320451308,0.73,3
4848855,BEL,2019-10-26,2,8,314,40.7147461338396,-73.7260039075598,850,I,GD ,78,MSW,62000.0,119,114,Joey R. Martinez,2210,10,BEL_2019-10-26_2_8,0,BEL_2019-10-26_2,2164,Neuro,2019-10-26 13:20:18.500,BEL_2019-10-26_2_2164,0.00482847828001257,69.53008723218102,0.77,4
3716131,AQU,2019-12-12,4,7,288,40.6708020621827,-73.8323252273332,600,D,GD ,45,STR,55000.0,158,120,Kendrick Carmouche,380,7,AQU_2019-12-12_4_7,0,AQU_2019-12-12_4,2721,Oh Danny Bear,2019-12-12 13:59:12.000,AQU_2019-12-12_4_2721,0.003716404700219398,53.51622768315933,0.97,4
2090594,BEL,2019-04-28,7,2,35,40.7166350359604,-73.7209916645752,700,D,FT ,41,MSW,80000.0,446,124,Junior Alvarado,700,1,BEL_2019-04-28_7_2,1,BEL_2019-04-28_7,742,Tiz Morning,2019-04-28 16:46:08.750,BEL_2019-04-28_7_742,0.005208169842058482,74.99764572564214,0.09,1
4851926,BEL,2019-10-25,1,1,301,40.7142380874947,-73.7262423133307,850,D,FT ,50,MSW,75000.0,115,119,Jose L. Ortiz,25,2,BEL_2019-10-25_1_1,0,BEL_2019-10-25_1,2108,Mrs. S,2019-10-25 13:16:15.250,BEL_2019-10-25_1_2108,0.004739003740137994,68.2416538579871,0.73,3
1530242,AQU,2019-12-22,6,1,69,40.6694319551451,-73.8292226409358,800,D,FT ,54,AOC,67000.0,223,116,Julio Correa,1220,3,AQU_2019-12-22_6_1,0,AQU_2019-12-22_6,890,Cathy Naz,2019-12-22 14:23:17.250,AQU_2019-12-22_6_890,0.005250166269105684,75.60239427512184,0.18,1
3643175,AQU,2019-12-22,10,13,273,40.6719341893972,-73.8318054163384,650,D,FT ,54,CLM,36000.0,416,120,Luis A. Rodriguez Castro,245,2,AQU_2019-12-22_10_13,0,AQU_2019-12-22_10,1191,Impunity,2019-12-22 16:17:08.250,AQU_2019-12-22_10_1191,0.004583381011617958,66.0006865672986,0.85,4
3277650,BEL,2019-05-18,12,6,42,40.7138239143305,-73.717963743562,850,I,GD ,72,MCL,41000.0,605,118,Reylu Gutierrez,1120,5,BEL_2019-05-18_12_6,0,BEL_2019-05-18_12,1559,Sporting Art,2019-05-18 18:05:10.500,BEL_2019-05-18_12_1559,0.004948052164920569,71.25195117485619,0.1,1
3428839,AQU,2019-12-28,9,8,4,40.6702360149591,-73.8287116609501,600,D,FT ,40,MCL,33000.0,415,117,Declan Carroll,2825,7,AQU_2019-12-28_9_8,0,AQU_2019-12-28_9,778,Take It All Back,2019-12-28 16:15:01.000,AQU_2019-12-28_9_778,0.0006164916752177468,8.877480123135554,0.01,1
2388523,BEL,2019-09-27,1,1,244,40.7159837291205,-73.7279502066239,850,D,FT ,48,MCL,30000.0,100,113,Joey R. Martinez,315,6,BEL_2019-09-27_1_1,0,BEL_2019-09-27_1,3813,Dealin' Stelen,2019-09-27 13:01:01.000,BEL_2019-09-27_1_3813,0.004377265668259247,63.03262562293316,0.6,3
3155640,AQU,2019-02-08,5,4,18,40.6673867286866,-73.8301011432021,800,D,SY ,54,MSW,60000.0,257,120,Junior Alvarado,570,3,AQU_2019-02-08_5_4,0,AQU_2019-02-08_5,886,Daring Disguise,2019-02-08 14:57:04.500,AQU_2019-02-08_5_886,0.004384118561230045,63.13130728171265,0.04,1
3561050,BEL,2019-07-06,1,2,39,40.7173549585012,-73.7237391050114,600,D,FT ,65,CLM,36000.0,102,118,Dylan Davis,60,1,BEL_2019-07-06_1_2,1,BEL_2019-07-06_1,655,Malibu Mischief,2019-07-06 13:02:09.750,BEL_2019-07-06_1_655,0.005525596174019253,79.56858490587724,0.13,1
1094601,AQU,2019-03-30,10,11,180,40.6755970644798,-73.8284740200677,700,D,FT ,44,SST,80000.0,624,124,Junior Alvarado,220,10,AQU_2019-03-30_10_11,0,AQU_2019-03-30_10,284,Bavaro,2019-03-30 18:24:45.000,AQU_2019-03-30_10_284,0.004939656482134555,71.13105334273759,0.53,3
1909178,BEL,2019-10-03,7,7,198,40.7174332128218,-73.7268598971962,850,D,SY ,52,AOC,85000.0,440,122,Joel Rosario,310,4,BEL_2019-10-03_7_7,0,BEL_2019-10-03_7,3865,High North,2019-10-03 16:40:49.500,BEL_2019-10-03_7_3865,0.0048515161206641065,69.86183213756313,0.49,2
668716,BEL,2019-05-24,5,1,269,40.7148703550348,-73.7274298607237,850,D,FT ,44,MCL,33000.0,340,124,Luis R. Reyes,3550,3,BEL_2019-05-24_5_1,0,BEL_2019-05-24_5,239,Well in Tune,2019-05-24 15:41:07.250,BEL_2019-05-24_5_239,0.004396336972617577,63.307252405693106,0.67,3
636694,AQU,2019-11-03,3,7,100,40.6735702071941,-73.8273308307799,650,D,FT ,38,CLM,48000.0,1257,122,Dylan Davis,80,1,AQU_2019-11-03_3_7,1,AQU_2019-11-03_3,738,Aristocratic,2019-11-03 12:57:25.000,AQU_2019-11-03_3_738,0.005377397914470549,77.4345299683759,0.32,2
642491,AQU,2019-04-10,6,4,24,40.6704479320398,-73.829113497868,600,O,FM ,45,MSW,62000.0,422,125,Joe Bravo,240,5,AQU_2019-04-10_6_4,0,AQU_2019-04-10_6,1371,Andretta,2019-04-10 16:22:06.000,AQU_2019-04-10_6_1371,0.004940823504579764,71.1478584659486,0.08,1
4298811,BEL,2019-06-07,7,7,119,40.7155644403937,-73.7278629783134,550,D,FT ,63,STK,150000.0,408,121,Ricardo Santana Jr.,205,5,BEL_2019-06-07_7_7,0,BEL_2019-06-07_7,3278,Memorable,2019-06-07 16:08:29.750,BEL_2019-06-07_7_3278,0.004965445390093672,71.50241361734888,0.45,2
3683736,BEL,2019-06-08,7,7,367,40.7128913881531,-73.7212170710347,800,D,FT ,46,STK,700000.0,324,115,Jose L. Ortiz,190,1,BEL_2019-06-08_7_7,1,BEL_2019-06-08_7,3310,Guarana,2019-06-08 15:25:31.750,BEL_2019-06-08_7_3310,0.0031958743132499625,46.02059011079946,0.99,4
3752908,SAR,2019-07-17,4,7,209,43.073939380369,-73.7661148554008,700,D,SY ,30,CLM,65000.0,251,118,Tyler Gaffalione,720,7,SAR_2019-07-17_4_7,0,SAR_2019-07-17_4,4094,Hijacker,2019-07-17 14:51:52.250,SAR_2019-07-17_4_4094,0.004539049833742558,65.36231760589284,0.63,3
143365,SAR,2019-08-04,2,2,279,43.0721819596744,-73.7709753551677,650,D,FT ,72,CLM,34000.0,136,122,Manuel Franco,105,1,SAR_2019-08-04_2_2,1,SAR_2019-08-04_2,1998,Data Driven,2019-08-04 13:37:09.750,SAR_2019-08-04_2_1998,0.0043900703684932605,63.21701330630295,0.88,4
2191275,AQU,2019-02-07,3,8,248,40.6743474263183,-73.8306607897721,700,D,MY ,44,MSW,60000.0,153,114,Joey R. Martinez,1260,7,AQU_2019-02-07_3_8,0,AQU_2019-02-07_3,859,Celtic Mission,2019-02-07 13:54:02.000,AQU_2019-02-07_3_859,0.0045028069814842435,64.8404205333731,0.72,3
912429,BEL,2019-10-25,3,4,384,40.7130734397748,-73.7219328285268,850,D,FT ,50,AOC,85000.0,223,123,John R. Velazquez,245,5,BEL_2019-10-25_3_4,0,BEL_2019-10-25_3,3341,You're to Blame,2019-10-25 14:24:36.000,BEL_2019-10-25_3_3341,0.003989079098835052,57.442739023224746,0.98,4
3188048,BEL,2019-05-11,8,9,152,40.7168172729502,-73.7226211925837,850,T,FM ,175,MSW,80000.0,522,118,John R. Velazquez,690,7,BEL_2019-05-11_8_9,0,BEL_2019-05-11_8,3011,Tip At Tapit,2019-05-11 17:22:38.000,BEL_2019-05-11_8_3011,0.004554651614728251,65.58698325208681,0.37,2
4665801,SAR,2019-08-18,5,7,136,43.0739083866414,-73.7658494682235,550,D,FT ,44,MCL,60000.0,319,119,Tyler Gaffalione,1020,4,SAR_2019-08-18_5_7,0,SAR_2019-08-18_5,2618,Speed Talks,2019-08-18 15:19:34.000,SAR_2019-08-18_5_2618,0.005343599057321915,76.94782642543557,0.52,3
1336295,BEL,2019-06-09,8,6,54,40.7157242470533,-73.7187491327162,800,T,FM ,72,ALW,66000.0,519,124,Rajiv Maragh,1610,5,BEL_2019-06-09_8_6,0,BEL_2019-06-09_8,2193,Steelersfanforlife,2019-06-09 17:19:13.500,BEL_2019-06-09_8_2193,0.005092051014952791,73.3255346153202,0.15,1
1874360,BEL,2019-05-16,6,2,407,40.7131634647223,-73.7212690924721,850,T,YL ,92,MCL,41000.0,542,125,Javier Castellano,175,2,BEL_2019-05-16_6_2,0,BEL_2019-05-16_6,1460,Duncastle,2019-05-16 17:43:41.750,BEL_2019-05-16_6_1460,0.003543299640038883,51.02351481655992,1.0,4
3596579,SAR,2019-07-11,10,6,252,43.0714967488113,-73.7651326750965,900,D,SY ,81,MCL,48000.0,625,118,Joel Rosario,145,3,SAR_2019-07-11_10_6,0,SAR_2019-07-11_10,898,Bizness Beauty,2019-07-11 18:26:03.000,SAR_2019-07-11_10_898,0.004438092720382546,63.90853517350867,0.56,3
1180282,BEL,2019-09-22,1,5,245,40.7133596316364,-73.7229183406962,600,D,FT ,68,CLM,50000.0,101,121,Irad Ortiz Jr.,590,2,BEL_2019-09-22_1_5,0,BEL_2019-09-22_1,1498,We Should Talk,2019-09-22 13:02:01.250,BEL_2019-09-22_1_1498,0.004611721174751098,66.40878491641581,0.86,4
778122,AQU,2019-04-07,5,4,14,40.6731249532172,-73.8304509307617,800,T,FM ,63,STK,100000.0,336,118,Dylan Davis,420,2,AQU_2019-04-07_5_4,0,AQU_2019-04-07_5,1340,Multiplier,2019-04-07 15:36:03.500,AQU_2019-04-07_5_1340,0.0035331492799076897,50.87734963067073,0.04,1
341303,BEL,2019-05-16,8,2,2,40.7162759726833,-73.7195633369402,700,D,FT ,40,ALW,66000.0,647,125,Harry Hernandez,280,3,BEL_2019-05-16_8_2,0,BEL_2019-05-16_8,295,Ro Bear,2019-05-16 18:47:00.500,BEL_2019-05-16_8_295,0.002000285398336143,28.804109736040456,0.0,1
2686900,BEL,2019-09-08,6,7,48,40.7163296871926,-73.722207370976,600,I,FM ,126,ALW,66000.0,342,120,Joel Rosario,190,1,BEL_2019-09-08_6_7,1,BEL_2019-09-08_6,3218,Andarta,2019-09-08 15:42:12.000,BEL_2019-09-08_6_3218,0.005151279509217836,74.17842493273685,0.17,1
3375987,BEL,2019-09-12,4,6,292,40.7144785035752,-73.7261460093298,850,T,FM ,92,MCL,52000.0,437,120,Dylan Davis,2425,2,BEL_2019-09-12_4_6,0,BEL_2019-09-12_4,3049,Teachable Moment,2019-09-12 16:38:13.000,BEL_2019-09-12_4_3049,0.004918284675427263,70.82329932615258,0.71,3
1673872,AQU,2019-04-05,3,5,167,40.6756023458509,-73.8285171186324,650,D,FT ,36,CLM,38000.0,230,126,Hector Rafael Diaz Jr.,1330,7,AQU_2019-04-05_3_5,0,AQU_2019-04-05_3,206,Zecha,2019-04-05 14:30:41.750,AQU_2019-04-05_3_206,0.004736085372792251,68.19962936820842,0.52,3
1685796,BEL,2019-10-18,1,3,246,40.7142068075674,-73.7253742611578,700,T,GD ,90,MCL,52000.0,116,123,Javier Castellano,490,1,BEL_2019-10-18_1_3,1,BEL_2019-10-18_1,2084,Road to Meath,2019-10-18 13:17:01.500,BEL_2019-10-18_1_2084,0.005162287604901994,74.33694151058872,0.73,3
2794057,SAR,2019-07-19,2,6,119,43.07129998575,-73.7655793155744,700,D,FT ,30,CLM,52000.0,137,119,Kendrick Carmouche,145,1,SAR_2019-07-19_2_6,1,SAR_2019-07-19_2,2707,Carrizo,2019-07-19 13:37:29.750,SAR_2019-07-19_2_2707,0.0051797766770349625,74.58878414930346,0.36,2
1582436,SAR,2019-07-19,7,6,31,43.0717072133484,-73.7657857279075,1100,I,FM ,225,AOC,95000.0,441,124,Luis Saez,850,6,SAR_2019-07-19_7_6,0,SAR_2019-07-19_7,4131,Midnight Tea Time,2019-07-19 16:41:07.750,SAR_2019-07-19_7_4131,0.00495654614158388,71.37426443880787,0.06,1
4077149,SAR,2019-09-01,4,8,196,43.0726222738893,-73.7691981087716,550,T,FM ,24,ALW,92000.0,211,120,Manuel Franco,315,1,SAR_2019-09-01_4_8,1,SAR_2019-09-01_4,2412,I'llhandalthecash,2019-09-01 14:11:49.000,SAR_2019-09-01_4_2412,0.005149127462777691,74.14743546399875,0.79,4
2957992,SAR,2019-07-26,9,6,152,43.0698799894214,-73.7692327616807,900,D,MY ,77,STK,100000.0,551,118,Luis Saez,2950,6,SAR_2019-07-26_9_6,0,SAR_2019-07-26_9,52,Direct Order,2019-07-26 17:51:38.000,SAR_2019-07-26_9_52,0.004474857805625559,64.43795240100805,0.35,2
4571471,BEL,2019-06-06,7,7,65,40.7176819471054,-73.7261578389281,550,D,FT ,68,STK,150000.0,615,120,Angel Suarez,4675,5,BEL_2019-06-06_7_7,0,BEL_2019-06-06_7,3249,Punk Rock Princess,2019-06-06 18:15:16.250,BEL_2019-06-06_7_3249,0.005221645159143623,75.19169029166818,0.24,1
5220971,BEL,2019-09-15,7,10,208,40.7161512712122,-73.7215013571332,1000,I,FM ,95,MSW,90000.0,416,119,Jose L. Ortiz,255,3,BEL_2019-09-15_7_10,0,BEL_2019-09-15_7,3713,Shennan (IRE),2019-09-15 16:16:52.000,BEL_2019-09-15_7_3713,0.004913542229089261,70.75500809888537,0.45,2
3589608,BEL,2019-05-25,4,3,274,40.7154957864041,-73.727329570911,850,I,FM ,70,CLM,39000.0,308,120,Javier Castellano,205,2,BEL_2019-05-25_4_3,0,BEL_2019-05-25_4,2919,Sundrenched,2019-05-25 15:09:08.500,BEL_2019-05-25_4_2919,0.005031064812261199,72.44733329656127,0.69,3
1332157,AQU,2019-02-28,7,4,273,40.6722833277735,-73.8316157142279,650,D,FT ,36,STR,55000.0,408,122,Kendrick Carmouche,350,6,AQU_2019-02-28_7_4,0,AQU_2019-02-28_7,473,Much Trouble,2019-02-28 16:09:08.250,AQU_2019-02-28_7_473,0.004286712285929851,61.72865691738985,0.87,4
3066884,SAR,2019-07-14,8,5,5,43.0726820031702,-73.768458647802,850,I,FM ,28,AOC,92000.0,516,122,John R. Velazquez,2800,8,SAR_2019-07-14_8_5,0,SAR_2019-07-14_8,3766,Ebullient,2019-07-14 17:16:01.250,SAR_2019-07-14_8_3766,0.0032031039119618187,46.12469633225019,0.01,1
2857856,SAR,2019-08-31,12,2,5,43.069624760324,-73.7697871991287,600,D,FT ,48,MSW,90000.0,636,119,Irad Ortiz Jr.,1830,3,SAR_2019-08-31_12_2,0,SAR_2019-08-31_12,4618,New Frontier,2019-08-31 18:36:01.250,SAR_2019-08-31_12_4618,0.001892693649811214,27.25478855728148,0.01,1
1550632,SAR,2019-07-12,3,1A,317,43.0733466218403,-73.7674295270386,850,T,YL ,126,AOC,95000.0,212,122,Rajiv Maragh,1420,5,SAR_2019-07-12_3_1A,0,SAR_2019-07-12_3,163,Pauseforthecause,2019-07-12 14:13:19.250,SAR_2019-07-12_3_163,0.0045007856298227185,64.81131306944715,0.76,4
4600997,BEL,2019-09-14,7,6,44,40.7155646451681,-73.7183102167167,800,T,FM ,108,MSW,75000.0,412,119,Dylan Davis,1040,7,BEL_2019-09-14_7_6,0,BEL_2019-09-14_7,3694,Windfall Profit,2019-09-14 16:12:11.000,BEL_2019-09-14_7_3694,0.005276244463975225,75.97792028124324,0.11,1
1001013,BEL,2019-05-09,8,2,2,40.7126828015328,-73.7205521747119,1100,D,FT ,36,STK,100000.0,646,118,Junior Alvarado,1010,5,BEL_2019-05-09_8_2,0,BEL_2019-05-09_8,986,Twisted Tom,2019-05-09 18:46:00.500,BEL_2019-05-09_8_986,0.0018795449555590279,27.06544736005,0.0,1
4198749,BEL,2019-05-09,7,3,265,40.7139843425845,-73.7244729216299,700,T,GD ,82,MSW,80000.0,614,118,Kendrick Carmouche,230,8,BEL_2019-05-09_7_3,0,BEL_2019-05-09_7,417,Pickle Rick,2019-05-09 18:15:06.250,BEL_2019-05-09_7_417,0.004367926026082729,62.8981347755913,0.79,4
3675500,AQU,2019-04-05,2,7,157,40.6755775538909,-73.829144492603,600,D,FT ,48,MSW,70000.0,201,118,Manuel Franco,720,4,AQU_2019-04-05_2_7,0,AQU_2019-04-05_2,1278,Inspector Havers,2019-04-05 14:01:39.250,AQU_2019-04-05_2_1278,0.004793588459032611,69.0276738100696,0.52,3
4142711,SAR,2019-07-12,10,3,145,43.073904851366,-73.7658866808726,550,D,FT ,45,MCL,48000.0,625,119,Luis R. Reyes,1980,5,SAR_2019-07-12_10_3,0,SAR_2019-07-12_10,3946,Don't Tell Flora,2019-07-12 18:25:36.250,SAR_2019-07-12_10_3946,0.004863091339353435,70.02851528668947,0.54,3
1024718,SAR,2019-07-28,9,3,200,43.0727032883024,-73.7690652683977,550,T,FM ,54,STR,75000.0,529,119,Jose L. Ortiz,830,9,SAR_2019-07-28_9_3,0,SAR_2019-07-28_9,4268,So Conflated,2019-07-28 17:29:50.000,SAR_2019-07-28_9_4268,0.004939308114826619,71.12603685350331,0.79,4
792250,AQU,2019-11-24,5,5,254,40.6721438735757,-73.8317233347905,600,D,SY ,40,CLM,36000.0,219,117,Declan Carroll,530,3,AQU_2019-11-24_5_5,0,AQU_2019-11-24_5,2442,Our Stormin Norman,2019-11-24 14:20:03.500,AQU_2019-11-24_5_2442,0.004229982619432011,60.91174971982096,0.84,4
2180129,BEL,2019-09-28,3,8,58,40.7166178952548,-73.7217246779598,700,T,FM ,90,ALW,77000.0,204,123,Javier Castellano,185,5,BEL_2019-09-28_3_8,0,BEL_2019-09-28_3,2082,Everyonelovesjames,2019-09-28 14:04:14.500,BEL_2019-09-28_3_2082,0.00512767623392128,73.83853776846644,0.18,1
4656021,AQU,2019-11-23,2,8,282,40.6711185498348,-73.8318232773987,600,O,GD ,58,MSW,62000.0,1228,119,Javier Castellano,420,4,AQU_2019-11-23_2_8,0,AQU_2019-11-23_2,1596,Chouchou de Boo,2019-11-23 12:29:10.500,AQU_2019-11-23_2_1596,0.00395370060694955,56.933288740073515,0.95,4
4615275,SAR,2019-07-27,4,4,224,43.0725068483501,-73.7701165705982,550,D,FT ,50,MSW,90000.0,247,119,Junior Alvarado,1560,7,SAR_2019-07-27_4_4,0,SAR_2019-07-27_4,4237,Acre,2019-07-27 14:47:56.000,SAR_2019-07-27_4_4237,0.004078544839614004,58.73104569044166,0.85,4
241328,BEL,2019-10-19,5,1,345,40.7138259865722,-73.7247393504461,900,D,FT ,20,STK,300000.0,234,117,Rajiv Maragh,3375,4,BEL_2019-10-19_5_1,0,BEL_2019-10-19_5,101,Blugrascat's Smile,2019-10-19 14:35:26.250,BEL_2019-10-19_5_101,0.004400901924023112,63.372987705932815,0.83,4
158872,BEL,2019-09-27,6,6,296,40.7142483015945,-73.7262199061341,850,D,FT ,48,ALW,66000.0,342,119,Benjamin Hernandez,4650,5,BEL_2019-09-27_6_6,0,BEL_2019-09-27_6,2596,Kerry Boy,2019-09-27 15:43:14.000,BEL_2019-09-27_6_2596,0.00449668139993614,64.75221215908041,0.74,3
2152310,SAR,2019-07-19,6,3,38,43.0719120805926,-73.7710371333866,850,T,FM ,130,STR,60000.0,404,125,Javier Castellano,1890,3,SAR_2019-07-19_6_3,0,SAR_2019-07-19_6,2426,Red Right Hand,2019-07-19 16:04:09.500,SAR_2019-07-19_6_2426,0.00499046904036941,71.8627541813195,0.09,1
3255318,AQU,2019-03-09,10,3,50,40.6685830423698,-73.829598491629,800,D,FT ,54,STK,300000.0,511,123,John R. Velazquez,580,2,AQU_2019-03-09_10_3,0,AQU_2019-03-09_10,47,Mind Control,2019-03-09 17:11:12.500,AQU_2019-03-09_10_47,0.005416450755918361,77.99689088522439,0.12,1
132301,SAR,2019-07-28,6,4,397,43.0723238411684,-73.7706315516696,900,D,FT ,78,CLM,65000.0,346,123,Joel Rosario,660,5,SAR_2019-07-28_6_4,0,SAR_2019-07-28_6,704,Starship Zeus,2019-07-28 15:47:39.250,SAR_2019-07-28_6_704,0.004073563122200599,58.65930895968863,0.93,4
3198383,SAR,2019-07-27,11,6,400,43.0721763684014,-73.7709460694852,900,D,FT ,76,STK,600000.0,651,124,Tyler Gaffalione,320,5,SAR_2019-07-27_11_6,0,SAR_2019-07-27_11,3336,War of Will,2019-07-27 18:52:40.000,SAR_2019-07-27_11_3336,0.004143956097590611,59.67296780530479,0.95,4
4820011,AQU,2019-12-13,8,4,174,40.6755951086225,-73.8290758744751,650,D,MY ,52,MCL,46000.0,400,119,Dylan Davis,740,9,AQU_2019-12-13_8_4,0,AQU_2019-12-13_8,2740,Big's Gray Day,2019-12-13 16:00:43.500,AQU_2019-12-13_8_2740,0.004291812239981362,61.80209625573161,0.52,3
3548471,SAR,2019-07-31,1,5,335,43.0734507046033,-73.7677591960358,900,D,FT ,76,STR,60000.0,103,120,Irad Ortiz Jr.,355,1,SAR_2019-07-31_1_5,1,SAR_2019-07-31_1,773,Team Win,2019-07-31 13:04:23.750,SAR_2019-07-31_1_773,0.004672803732854923,67.28837375311089,0.75,3
547519,SAR,2019-08-04,7,5,182,43.0729492286689,-73.7683426747942,550,T,FM ,90,AOC,95000.0,452,124,Manuel Franco,1880,7,SAR_2019-08-04_7_5,0,SAR_2019-08-04_7,3505,Tibr,2019-08-04 16:52:45.500,SAR_2019-08-04_7_3505,0.005524890965449547,79.55842990247348,0.72,3
4652612,SAR,2019-07-17,10,9,77,43.0716898782452,-73.7647934102911,550,D,MY ,50,MSW,78000.0,620,119,John R. Velazquez,110,1,SAR_2019-07-17_10_9,1,SAR_2019-07-17_10,1974,Violent Point,2019-07-17 18:20:19.250,SAR_2019-07-17_10_1974,0.005103655759319299,73.4926429341979,0.28,2
3225600,SAR,2019-08-23,10,10,229,43.0715995342813,-73.7648959903056,900,D,FT ,80,STK,250000.0,552,118,Kendrick Carmouche,2600,7,SAR_2019-08-23_10_10,0,SAR_2019-08-23_10,428,Kazmania,2019-08-23 17:52:57.250,SAR_2019-08-23_10_428,0.005082032056366434,73.18126161167666,0.52,3
2460630,BEL,2019-05-27,1,5,195,40.7140686007035,-73.7256019746597,600,D,FT ,48,ALW,66000.0,130,120,Kendrick Carmouche,930,4,BEL_2019-05-27_1_5,0,BEL_2019-05-27_1,3164,Lost in Manhattan,2019-05-27 13:30:48.750,BEL_2019-05-27_1_3164,0.004850169841547512,69.84244571828417,0.69,3
398610,AQU,2019-04-13,8,4,309,40.6752203437605,-73.8300153877412,900,D,MY ,85,STK,200000.0,521,118,Hector Rafael Diaz Jr.,510,4,AQU_2019-04-13_8_4,0,AQU_2019-04-13_8,926,Frostie Anne,2019-04-13 17:22:17.250,AQU_2019-04-13_8_926,0.004561323890264518,65.68306401980907,0.7,3
722019,AQU,2019-02-02,1,2,19,40.6674301793788,-73.8301317165658,800,D,FT ,54,SHP,45000.0,1220,125,Manuel Franco,100,3,AQU_2019-02-02_1_2,0,AQU_2019-02-02_1,274,Stay Fond,2019-02-02 12:20:04.750,AQU_2019-02-02_1_274,0.004428398503042523,63.768938443812324,0.05,1
1650724,BEL,2019-06-27,2,1,65,40.7165081148992,-73.7218251666554,700,T,FM ,96,CLM,42000.0,336,119,Benjamin Hernandez,380,2,BEL_2019-06-27_2_1,0,BEL_2019-06-27_2,971,Appreciate,2019-06-27 15:36:16.250,BEL_2019-06-27_2_971,0.005327956213162298,76.72256946953709,0.2,1
4034991,SAR,2019-08-02,2,1,161,43.0723901116545,-73.7643447428237,700,D,FT ,30,CLM,32000.0,136,120,Tyler Gaffalione,250,4,SAR_2019-08-02_2_1,0,SAR_2019-08-02_2,1623,Cover Photo,2019-08-02 13:36:40.250,SAR_2019-08-02_2_1623,0.0048465485107538515,69.79029855485547,0.48,2
3657886,SAR,2019-08-22,7,1,163,43.0729910637282,-73.7643994685074,700,D,FT ,32,MSW,78000.0,408,118,Nazario Alvarado,3750,6,SAR_2019-08-22_7_1,0,SAR_2019-08-22_7,3372,Tax Me Naught,2019-08-22 16:08:40.750,SAR_2019-08-22_7_3372,0.004834142657764885,69.61165427181434,0.47,2
1147220,BEL,2019-05-23,7,1,269,40.7163338834642,-73.7221066009358,1100,I,GD ,235,MSW,90000.0,625,124,John R. Velazquez,600,4,BEL_2019-05-23_7_1,0,BEL_2019-05-23_7,1768,Monhegan,2019-05-23 18:26:07.250,BEL_2019-05-23_7_1768,0.004565382557687179,65.74150883069538,0.51,3
2100232,BEL,2019-07-07,8,2,81,40.7165165962007,-73.7205845195808,850,D,FT ,45,STK,100000.0,418,124,John R. Velazquez,550,1,BEL_2019-07-07_8_2,1,BEL_2019-07-07_8,2948,Prince Lucky,2019-07-07 16:18:20.250,BEL_2019-07-07_8_2948,0.005349878073785548,77.03824426251188,0.21,1
3512831,SAR,2019-08-24,13,10,347,43.0723172481536,-73.769476704349,850,I,FM ,28,MSW,90000.0,657,118,Joel Rosario,690,5,SAR_2019-08-24_13_10,0,SAR_2019-08-24_13,1851,Keepme in Thegame,2019-08-24 18:58:26.750,SAR_2019-08-24_13_1851,0.005056000864993152,72.8064124559014,0.83,4
5045373,AQU,2019-04-20,6,4,87,40.6695723153009,-73.8312399990739,850,O,YL ,22,STK,100000.0,410,120,Irad Ortiz Jr.,265,1,AQU_2019-04-20_6_4,1,AQU_2019-04-20_6,1564,Clint Maroon (GB),2019-04-20 16:10:21.750,AQU_2019-04-20_6_1564,0.004475996209551813,64.45434541754611,0.21,1
38661,AQU,2019-02-24,7,6,256,40.6751871094214,-73.8275207217336,900,D,SY ,92,AOC,64000.0,358,121,Andre Shivnarine Worrie,580,1,AQU_2019-02-24_7_6,1,AQU_2019-02-24_7,528,Broadway Bay,2019-02-24 15:59:04.000,AQU_2019-02-24_7_528,0.00469745767197262,67.64339047640573,0.58,3
4659555,SAR,2019-07-31,3,7,85,43.0712007617614,-73.7657208509056,600,D,FT ,45,MSW,78000.0,216,119,Joel Rosario,1020,5,SAR_2019-07-31_3_7,0,SAR_2019-07-31_3,4279,Sister Beauty,2019-07-31 14:16:21.250,SAR_2019-07-31_3_4279,0.005068966667866362,72.99312001727561,0.27,2
1212085,AQU,2019-01-01,1,3,197,40.6751271919795,-73.8301336490715,650,D,MY ,36,AOC,80000.0,1220,118,Jose Lezcano,180,4,AQU_2019-01-01_1_3,0,AQU_2019-01-01_1,3,Friend of Liberty,2019-01-01 12:20:49.250,AQU_2019-01-01_1_3,0.004400177382247901,63.36255430436977,0.62,3
1179790,BEL,2019-06-27,3,2,57,40.7169036469623,-73.7220872334335,700,D,FT ,48,CLM,28000.0,407,119,Benjamin Hernandez,130,3,BEL_2019-06-27_3_2,0,BEL_2019-06-27_3,408,Desert Lights,2019-06-27 16:07:14.250,BEL_2019-06-27_3_408,0.0050337380296565475,72.48582762705428,0.17,1
2713029,SAR,2019-07-19,1,5,135,43.0716877900714,-73.764807944392,700,D,FT ,30,MCL,42000.0,100,119,Irad Ortiz Jr.,80,1,SAR_2019-07-19_1_5,1,SAR_2019-07-19_1,1709,Bourbon Mission,2019-07-19 13:00:33.750,SAR_2019-07-19_1_1709,0.004972844425574581,71.60895972827397,0.41,2
1413778,AQU,2019-11-27,3,2,338,40.6724156017906,-73.8316005377348,800,D,FT ,54,AOC,70000.0,117,116,Julio Correa,1420,4,AQU_2019-11-27_3_2,0,AQU_2019-11-27_3,890,Cathy Naz,2019-11-27 13:18:24.500,AQU_2019-11-27_3_890,0.004438056555967805,63.90801440593639,0.88,4
2906177,BEL,2019-09-29,5,6,18,40.7167435597438,-73.721139843152,650,D,FT ,44,ALW,66000.0,307,120,Jose L. Ortiz,770,8,BEL_2019-09-29_5_6,0,BEL_2019-09-29_5,826,Take Me to Hardoon,2019-09-29 15:07:04.500,BEL_2019-09-29_5_826,0.004349636329819882,62.6347631494063,0.05,1
3134223,BEL,2019-05-27,1,4,33,40.7172089068023,-73.7230977025952,600,D,FT ,48,ALW,66000.0,130,120,Javier Castellano,570,6,BEL_2019-05-27_1_4,0,BEL_2019-05-27_1,3165,Market Bubble,2019-05-27 13:30:08.250,BEL_2019-05-27_1_3165,0.005179212043222572,74.58065342240504,0.11,1
2125242,BEL,2019-09-12,8,4,131,40.7169086061943,-73.7232774586386,800,T,FM ,108,MCL,41000.0,645,124,Rajiv Maragh,780,4,BEL_2019-09-12_8_4,0,BEL_2019-09-12_8,112,Big Expense,2019-09-12 18:45:32.750,BEL_2019-09-12_8_112,0.005138681060125913,73.99700726581315,0.3,2
1117297,BEL,2019-05-18,10,11,109,40.7175127034126,-73.7267343669958,650,D,FT ,40,AOC,70000.0,457,114,Benjamin Hernandez,440,5,BEL_2019-05-18_10_11,0,BEL_2019-05-18_10,320,Archumybaby,2019-05-18 16:57:27.250,BEL_2019-05-18_10_320,0.0050951100412637085,73.3695845941974,0.36,2
5118575,SAR,2019-07-27,1,2,107,43.0724154669749,-73.7646064573286,550,T,GD ,74,MCL,48000.0,102,117,Heman K. Harkie,6075,8,SAR_2019-07-27_1_2,0,SAR_2019-07-27_1,2296,Azzedine (FR),2019-07-27 13:02:26.750,SAR_2019-07-27_1_2296,0.005193828941584467,74.79113675881632,0.4,2
1670573,BEL,2019-10-11,3,4,2,40.7168848261051,-73.7217574093215,600,D,FT ,60,CLM,28000.0,223,116,Heman K. Harkie,1340,5,BEL_2019-10-11_3_4,0,BEL_2019-10-11_3,758,Dazzling Speed,2019-10-11 14:23:00.500,BEL_2019-10-11_3_758,0.00162557332911894,23.408255939312735,0.0,1
3030883,AQU,2019-03-15,3,3,123,40.6752225984708,-73.8276250620426,600,D,FT ,45,MSW,60000.0,240,118,Manuel Franco,175,5,AQU_2019-03-15_3_3,0,AQU_2019-03-15_3,268,Awillaway,2019-03-15 14:40:30.750,AQU_2019-03-15_3_268,0.004839818836137284,69.69339124037688,0.41,2
712887,BEL,2019-09-19,6,6,216,40.7169761921075,-73.7275045360993,850,D,FT ,45,AOC,70000.0,537,122,Eric Cancel,320,3,BEL_2019-09-19_6_6,0,BEL_2019-09-19_6,641,Carthon,2019-09-19 17:37:54.000,BEL_2019-09-19_6_641,0.004737031012504624,68.21324658006658,0.55,3
726012,BEL,2019-10-02,6,1,280,40.7134457110026,-73.7231770360432,700,D,FT ,45,CLM,55000.0,405,121,Dylan Davis,420,4,BEL_2019-10-02_6_1,0,BEL_2019-10-02_6,738,Aristocratic,2019-10-02 16:06:10.000,BEL_2019-10-02_6_738,0.0043729344594959085,62.970256216741085,0.87,4
912232,BEL,2019-06-08,13,7,16,40.7131093674515,-73.7223142910617,1200,D,FT ,78,STK,400000.0,800,119,Jose L. Ortiz,280,5,BEL_2019-06-08_13_7,0,BEL_2019-06-08_13,3341,You're to Blame,2019-06-08 20:00:04.000,BEL_2019-06-08_13_3341,0.004249144523263951,61.187681135000894,0.03,1
1998122,SAR,2019-08-16,7,1,293,43.073234459478,-73.7669804488829,850,I,FM ,20,AOC,98000.0,414,118,Joel Rosario,135,1,SAR_2019-08-16_7_1,1,SAR_2019-08-16_7,4494,Up the Ante,2019-08-16 16:15:13.250,SAR_2019-08-16_7_4494,0.005472554375581036,78.80478300836693,0.77,4
559511,AQU,2019-11-30,4,11,237,40.6725072216637,-73.8313047576943,600,O,GD ,52,AOC,70000.0,125,122,Junior Alvarado,1110,6,AQU_2019-11-30_4_11,0,AQU_2019-11-30_4,2548,Discretionary Marq,2019-11-30 13:25:59.250,AQU_2019-11-30_4_2548,0.004749974613788948,68.39963443856085,0.81,4
1429400,SAR,2019-07-31,1,7,380,43.0729191365556,-73.7692666936185,900,D,FT ,76,STR,60000.0,103,125,Jose Lezcano,100,5,SAR_2019-07-31_1_7,0,SAR_2019-07-31_1,1360,Keota,2019-07-31 13:04:35.000,SAR_2019-07-31_1_1360,0.003305119087544301,47.59371486063793,0.85,4
1018493,AQU,2019-12-22,10,1,95,40.6731648021975,-73.8275114583703,650,D,FT ,54,CLM,36000.0,416,122,Oscar Gomez,3450,9,AQU_2019-12-22_10_1,0,AQU_2019-12-22_10,744,Givetheman a Cigar,2019-12-22 16:16:23.750,AQU_2019-12-22_10_744,0.005263253869805452,75.79085572519851,0.29,2
410309,BEL,2019-09-12,1,3,74,40.7151020456714,-73.7182359692185,850,I,FM ,63,CLM,50000.0,302,122,Jose Lezcano,85,1,BEL_2019-09-12_1_3,1,BEL_2019-09-12_1,2218,Bareeqa,2019-09-12 15:02:18.500,BEL_2019-09-12_1_2218,0.004750203834179381,68.40293521218308,0.19,1
2735951,AQU,2019-02-09,6,1,37,40.6715884801756,-73.8282200213744,600,D,FT ,50,MCL,35000.0,335,122,Eric Cancel,195,1,AQU_2019-02-09_6_1,1,AQU_2019-02-09_6,553,Stirred Not Shakin,2019-02-09 15:35:09.250,AQU_2019-02-09_6_553,0.005512497658338333,79.379966280072,0.12,1
2010367,AQU,2019-01-12,7,5,164,40.6733629099517,-73.827419726625,800,D,FT ,54,ALW,70000.0,331,123,Dylan Davis,1840,9,AQU_2019-01-12_7_5,0,AQU_2019-01-12_7,363,Westerdale,2019-01-12 15:31:41.000,AQU_2019-01-12_7_363,0.004994548629222951,71.9215002608105,0.56,3
906449,AQU,2019-03-17,1,4,238,40.6756057842275,-73.8288416132299,800,D,FT ,54,STR,55000.0,130,122,Jose Lezcano,990,3,AQU_2019-03-17_1_4,0,AQU_2019-03-17_1,120,Trustworthy,2019-03-17 13:30:59.500,AQU_2019-03-17_1_120,0.0046596504368475655,67.09896629060495,0.62,3
4797477,AQU,2019-11-16,2,12,373,40.6720779431637,-73.8313366059268,850,O,FM ,171,MSW,62000.0,1230,119,Javier Castellano,800,4,AQU_2019-11-16_2_12,0,AQU_2019-11-16_2,2163,Aintitfunkynow,2019-11-16 12:31:33.250,AQU_2019-11-16_2_2163,0.004776901622278094,68.78738336080455,0.89,4
5079946,SAR,2019-08-31,1,6,293,43.0734352040873,-73.7662614964862,850,I,FM ,20,MSW,90000.0,1232,119,Junior Alvarado,220,2,SAR_2019-08-31_1_6,0,SAR_2019-08-31_1,3893,Sul Moon,2019-08-31 12:33:13.250,SAR_2019-08-31_1_3893,0.004846271001259442,69.78630241813597,0.74,3
581422,BEL,2019-05-19,7,7,3,40.712693270465,-73.7192364716213,850,I,FM ,70,CLM,60000.0,451,126,Joel Rosario,340,4,BEL_2019-05-19_7_7,0,BEL_2019-05-19_7,2621,Harv Won't Tap,2019-05-19 16:51:00.750,BEL_2019-05-19_7_2621,0.0019180082792989944,27.61931922190552,0.01,1
786514,AQU,2019-04-13,5,3,306,40.6710737371622,-73.8321880310833,650,D,MY ,38,CLM,48000.0,337,122,Dylan Davis,910,2,AQU_2019-04-13_5_3,0,AQU_2019-04-13_5,41,Timely Tradition,2019-04-13 15:38:16.500,AQU_2019-04-13_5_41,0.003223255781343385,46.41488325134474,0.96,4
3204312,BEL,2019-06-22,2,1,150,40.7173240835123,-73.7266043219764,700,T,GD ,50,MSW,80000.0,202,118,Rajiv Maragh,60,6,BEL_2019-06-22_2_1,0,BEL_2019-06-22_2,3451,Muntahez,2019-06-22 14:02:37.500,BEL_2019-06-22_2_3451,0.00493300899800382,71.035329571255,0.45,2
208372,AQU,2019-11-22,7,1,212,40.6753121868054,-73.8298688979253,700,D,GD ,45,STR,55000.0,348,124,Dylan Davis,490,6,AQU_2019-11-22_7_1,0,AQU_2019-11-22_7,2373,Breaking Bread,2019-11-22 15:48:53.000,AQU_2019-11-22_7_2373,0.004511189134028065,64.96112353000414,0.63,3
5092887,SAR,2019-07-27,5,9,200,43.0711206463847,-73.7673858473901,850,I,GD ,28,AOC,95000.0,320,124,Ricardo Santana Jr.,490,4,SAR_2019-07-27_5_9,0,SAR_2019-07-27_5,4241,Keep Quiet (FR),2019-07-27 15:20:50.000,SAR_2019-07-27_5_4241,0.004802379067488927,69.15425857184054,0.51,3
5129461,BEL,2019-06-06,1,2,126,40.7136644676174,-73.7176910458585,1100,T,FM ,24,AOC,92000.0,305,126,Joel Rosario,145,1,BEL_2019-06-06_1_2,1,BEL_2019-06-06_1,3227,Pillar Mountain (IRE),2019-06-06 15:05:31.500,BEL_2019-06-06_1_3227,0.004708905604932164,67.80824071102316,0.25,2
3106637,SAR,2019-07-21,6,6,156,43.0707563413978,-73.7682154694506,800,I,FM ,74,CLM,48000.0,322,120,Irad Ortiz Jr.,305,11,SAR_2019-07-21_6_6,0,SAR_2019-07-21_6,3161,Mamma Dee,2019-07-21 15:22:39.000,SAR_2019-07-21_6_3161,0.004754454831281328,68.46414957045111,0.42,2
3400097,SAR,2019-08-11,7,11,92,43.0715403540968,-73.7712575736375,900,I,FM ,63,ALW,80000.0,414,120,Junior Alvarado,810,8,SAR_2019-08-11_7_11,0,SAR_2019-08-11_7,1416,El Hermano,2019-08-11 16:14:23.000,SAR_2019-08-11_7_1416,0.004917194611383751,70.80760240392601,0.22,1
1671370,AQU,2019-11-24,4,1,214,40.6752283256019,-73.8300048944433,700,D,SY ,45,CLM,40000.0,150,119,Joel Rosario,490,4,AQU_2019-11-24_4_1,0,AQU_2019-11-24_4,1436,Karen's Gem,2019-11-24 13:50:53.500,AQU_2019-11-24_4_1436,0.004513283660709028,64.99128471421001,0.63,3
2749217,AQU,2019-01-04,1,3,344,40.6723035786027,-73.8315765029987,800,D,FT ,54,MSW,68000.0,1250,120,Rajiv Maragh,345,3,AQU_2019-01-04_1_3,0,AQU_2019-01-04_1,64,Fancy That,2019-01-04 12:51:26.000,AQU_2019-01-04_1_64,0.0043381527629023425,62.46939978579373,0.87,4
4714954,AQU,2019-12-13,8,6,7,40.6694546987976,-73.8291290739115,650,D,MY ,52,MCL,46000.0,400,119,Eric Cancel,1300,1,AQU_2019-12-13_8_6,1,AQU_2019-12-13_8,2738,Rejected Again,2019-12-13 16:00:01.750,AQU_2019-12-13_8_2738,0.00240012005172487,34.56172874483813,0.02,1
626046,SAR,2019-08-09,5,6,12,43.0723002277543,-73.7708129177425,900,D,FT ,76,AOC,95000.0,321,124,Luis Saez,670,6,SAR_2019-08-09_5_6,0,SAR_2019-08-09_5,2710,Control Group,2019-08-09 15:21:03.000,SAR_2019-08-09_5_2710,0.00359635443314333,51.787503837263955,0.02,1
4920850,SAR,2019-08-08,5,4,104,43.0712313187165,-73.7657325867928,650,D,FT ,72,MSW,78000.0,319,119,Tyler Gaffalione,1130,7,SAR_2019-08-08_5_4,0,SAR_2019-08-08_5,3872,Perpetrate,2019-08-08 15:19:26.000,SAR_2019-08-08_5_3872,0.005018036029695961,72.25971882762184,0.31,2
2890748,SAR,2019-07-11,9,4,218,43.0724178548562,-73.7697945564515,550,T,YL ,85,STK,100000.0,548,122,Joel Rosario,140,1,SAR_2019-07-11_9_4,1,SAR_2019-07-11_9,4019,Listing,2019-07-11 17:48:54.500,SAR_2019-07-11_9_4019,0.004757165333219322,68.50318079835823,0.82,4
1328413,AQU,2019-04-14,6,8,125,40.6702113866513,-73.8293342025502,850,O,GD ,18,MCL,41000.0,409,126,Jose Lezcano,375,4,AQU_2019-04-14_6_8,0,AQU_2019-04-14_6,1466,Mr. Vincent,2019-04-14 16:09:31.250,AQU_2019-04-14_6_1466,0.004688099656842625,67.5086350585338,0.3,2
4864415,BEL,2019-09-21,4,7,403,40.7131706345287,-73.7212986342661,850,T,FM ,148,MSW,75000.0,236,119,Kendrick Carmouche,325,5,BEL_2019-09-21_4_7,0,BEL_2019-09-21_4,2694,Glynn County,2019-09-21 14:37:40.750,BEL_2019-09-21_4_2694,0.003846910592831672,55.395512536776074,0.98,4
48913,AQU,2019-04-05,7,7,58,40.6687651128216,-73.8294677931536,800,D,FT ,54,AOC,70000.0,443,120,Junior Alvarado,560,6,AQU_2019-04-05_7_7,0,AQU_2019-04-05_7,364,Uncle Sigh,2019-04-05 16:43:14.500,AQU_2019-04-05_7_364,0.005031201630547795,72.44930347988826,0.15,1
549097,BEL,2019-05-18,10,10,215,40.7140812297614,-73.7255980559704,650,D,FT ,40,AOC,70000.0,457,121,Luis R. Reyes,640,8,BEL_2019-05-18_10_10,0,BEL_2019-05-18_10,162,Playinwiththeboys,2019-05-18 16:57:53.750,BEL_2019-05-18_10_162,0.004511697840375426,64.96844890140613,0.71,3
3505349,AQU,2019-03-09,11,4,328,40.6725616523069,-73.8315155523148,800,D,FT ,54,STK,250000.0,544,118,Dylan Davis,2210,6,AQU_2019-03-09_11_4,0,AQU_2019-03-09_11,728,Enliven,2019-03-09 17:45:22.000,AQU_2019-03-09_11_728,0.004062077512528298,58.493916180407496,0.85,4
164017,SAR,2019-09-01,12,3,48,43.0719149267142,-73.7702163630646,850,I,FM ,22,ALW,80000.0,641,121,John R. Velazquez,1080,7,SAR_2019-09-01_12_3,0,SAR_2019-09-01_12,1688,Risky Sour,2019-09-01 18:41:12.000,SAR_2019-09-01_12_1688,0.005178049215431204,74.56390870220933,0.12,1
4256666,BEL,2019-05-17,8,6,290,40.7138166212127,-73.7236001072285,700,T,GD ,120,AOC,82000.0,512,122,Michael J. Luzzi,1290,4,BEL_2019-05-17_8_6,0,BEL_2019-05-17_8,145,Hushion,2019-05-17 17:13:12.500,BEL_2019-05-17_8_145,0.003935762995889638,56.674987140810785,0.86,4
4254818,AQU,2019-03-16,8,7,143,40.675191059678,-73.8275672864482,650,D,FT ,38,AOC,64000.0,540,120,Michael J. Luzzi,650,1,AQU_2019-03-16_8_7,1,AQU_2019-03-16_8,145,Hushion,2019-03-16 17:40:35.750,AQU_2019-03-16_8_145,0.0047444738562328545,68.3204235297531,0.45,2
2189293,BEL,2019-05-24,6,9,85,40.7169529042929,-73.7244503711001,600,I,FM ,90,AOC,85000.0,412,121,Jose Lezcano,75,2,BEL_2019-05-24_6_9,0,BEL_2019-05-24_6,2505,Sweet Bye and Bye,2019-05-24 16:12:21.250,BEL_2019-05-24_6_2505,0.005162370252637546,74.33813163798065,0.3,2
1398970,AQU,2019-04-19,5,2,293,40.6748795795137,-73.8294855822734,850,T,FM ,88,ALW,66000.0,337,124,Junior Alvarado,3000,8,AQU_2019-04-19_5_2,0,AQU_2019-04-19_5,1543,Adorable Song,2019-04-19 15:38:13.250,AQU_2019-04-19_5_1543,0.004798105983650918,69.09272616457322,0.72,3
2084922,BEL,2019-10-06,8,1,414,40.7140452110341,-73.7234340954791,1000,I,FM ,42,STK,500000.0,447,119,Junior Alvarado,4375,6,BEL_2019-10-06_8_1,0,BEL_2019-10-06_8,3082,Ferdinanda,2019-10-06 16:48:43.500,BEL_2019-10-06_8_3082,0.004837588099645865,69.66126863490045,0.9,4
3219188,SAR,2019-07-28,12,7,286,43.0711395318464,-73.772634726258,550,T,FM ,54,MCL,48000.0,712,119,Joel Rosario,165,2,SAR_2019-07-28_12_7,0,SAR_2019-07-28_12,2043,Fusi,2019-07-28 19:13:11.500,SAR_2019-07-28_12_2043,0.0029533423711230757,42.52813014417229,0.94,4
1672585,SAR,2019-08-17,5,3,89,43.0734666189523,-73.7657399297918,1100,I,GD ,270,AOC,95000.0,316,124,Joel Rosario,360,6,SAR_2019-08-17_5_3,0,SAR_2019-08-17_5,4502,Stella d'Oro,2019-08-17 15:16:22.250,SAR_2019-08-17_5_4502,0.004607039265460247,66.34136542262756,0.17,1
5043998,BEL,2019-05-16,7,2,329,40.7165317717854,-73.7272515616533,1000,I,YL ,90,AOC,90000.0,614,124,Irad Ortiz Jr.,210,1,BEL_2019-05-16_7_2,1,BEL_2019-05-16_7,1876,Devamani (FR),2019-05-16 18:15:22.250,BEL_2019-05-16_7_1876,0.00488631448322834,70.3629285584881,0.69,3
3154704,SAR,2019-07-28,4,3,90,43.0705979943754,-73.767325258507,700,D,FT ,32,ALW,80000.0,240,118,Irad Ortiz Jr.,370,3,SAR_2019-07-28_4_3,0,SAR_2019-07-28_4,2513,Bustin Hoffman,2019-07-28 14:40:22.500,SAR_2019-07-28_4_2513,0.005208762214366691,75.00617588688034,0.27,2
4323899,BEL,2019-09-06,2,4,279,40.7133237586652,-73.7228913001198,600,D,SY ,76,MSW,62000.0,335,119,Rajiv Maragh,2800,10,BEL_2019-09-06_2_4,0,BEL_2019-09-06_2,2498,Big Bounty,2019-09-06 15:36:09.750,BEL_2019-09-06_2_2498,0.0021677094006781455,31.215015369765293,0.89,4
3754835,SAR,2019-08-17,6,8,203,43.0723846145033,-73.7697163289793,550,T,FM ,90,ALW,92000.0,349,120,Javier Castellano,80,5,SAR_2019-08-17_6_8,0,SAR_2019-08-17_6,2970,Sayyaaf,2019-08-17 15:49:50.750,SAR_2019-08-17_6_2970,0.004626676279916916,66.62413843080358,0.82,4
2325975,BEL,2019-09-29,9,8,297,40.7134556336385,-73.7226469310561,700,T,FM ,90,MCL,41000.0,517,124,Joel Rosario,100,4,BEL_2019-09-29_9_8,0,BEL_2019-09-29_9,1734,What's to Blame,2019-09-29 17:18:14.250,BEL_2019-09-29_9_1734,0.004541525178976612,65.39796257726321,0.89,4
2054042,BEL,2019-10-12,3,4,202,40.7140141013554,-73.7254409930073,600,D,FT ,65,CLM,50000.0,151,121,Manuel Franco,820,5,BEL_2019-10-12_3_4,0,BEL_2019-10-12_3,1056,O Shea Can U See,2019-10-12 13:51:50.500,BEL_2019-10-12_3_1056,0.005085047729808583,73.22468730924359,0.72,3
5007369,BEL,2019-09-13,2,4,151,40.7153775921115,-73.7275225697715,600,T,FM ,108,MSW,62000.0,334,119,Irad Ortiz Jr.,560,2,BEL_2019-09-13_2_4,0,BEL_2019-09-13_2,2491,Mazal Eighteen,2019-09-13 15:34:37.750,BEL_2019-09-13_2_2491,0.005112828896813815,73.62473611411893,0.53,3
3276509,BEL,2019-05-12,9,8,90,40.7169453161733,-73.7221067825233,800,D,SY ,52,MSW,62000.0,552,119,Samuel Camacho Jr.,6900,8,BEL_2019-05-12_9_8,0,BEL_2019-05-12_9,884,Bank Gala,2019-05-12 17:52:22.500,BEL_2019-05-12_9_884,0.005107634791871519,73.54994100294986,0.21,1
2592733,AQU,2019-03-02,6,5,84,40.6744376627209,-73.8271004133329,550,D,FT ,52,MCL,35000.0,347,122,Eric Cancel,365,6,AQU_2019-03-02_6_5,0,AQU_2019-03-02_6,1096,Mama's Funky Baby,2019-03-02 15:47:21.000,AQU_2019-03-02_6_1096,0.004917120399688883,70.80653375551992,0.29,2
2298985,AQU,2019-01-25,3,7,125,40.6752278090098,-73.8275756879843,600,D,MY ,45,MSW,60000.0,127,123,Eric Cancel,750,3,AQU_2019-01-25_3_7,0,AQU_2019-01-25_3,132,Anne's Song,2019-01-25 13:27:31.250,AQU_2019-01-25_3_132,0.004911251502074385,70.72202162987114,0.41,2
3338598,SAR,2019-09-01,9,3,202,43.071725513177,-73.7658597466522,800,I,FM ,18,CLM,80000.0,507,122,Irad Ortiz Jr.,165,2,SAR_2019-09-01_9_3,0,SAR_2019-09-01_9,3698,Connectivity,2019-09-01 17:07:50.500,SAR_2019-09-01_9_3698,0.004847427382319134,69.80295430539553,0.55,3
166965,AQU,2019-11-23,4,7,49,40.6710959474218,-73.8283985542881,650,D,FT ,54,CLM,28000.0,123,120,Dylan Davis,3275,8,AQU_2019-11-23_4_7,0,AQU_2019-11-23_4,769,Gorelli,2019-11-23 13:23:12.250,AQU_2019-11-23_4_769,0.005347595119733016,77.00536972415543,0.15,1
3101836,BEL,2019-10-25,9,8,132,40.7168605450419,-73.7269610718309,600,I,GD ,138,MCL,41000.0,543,121,Dylan Davis,9900,8,BEL_2019-10-25_9_8,0,BEL_2019-10-25_9,2469,Jet for Andy,2019-10-25 17:43:33.000,BEL_2019-10-25_9_2469,0.004793166008662854,69.0215905247451,0.44,2
4128476,BEL,2019-10-25,5,1,240,40.7138128640932,-73.7247196332688,650,D,FT ,48,STR,55000.0,335,118,Junior Alvarado,185,4,BEL_2019-10-25_5_1,0,BEL_2019-10-25_5,2435,Girl of Tosconova,2019-10-25 15:36:00.000,BEL_2019-10-25_5_2435,0.004974720197112835,71.63597083842483,0.78,4
3378540,BEL,2019-05-16,1,3,336,40.7135142494958,-73.7234931728503,800,D,FT ,52,MSW,62000.0,305,118,Jose Lezcano,395,4,BEL_2019-05-16_1_3,0,BEL_2019-05-16_1,1441,Singular Sensation,2019-05-16 15:06:24.000,BEL_2019-05-16_1_1441,0.004008712042558212,57.725453412838256,0.88,4
503618,AQU,2019-02-23,3,1,256,40.6732802848571,-73.8311130895132,700,D,FT ,44,AOC,67000.0,151,119,Manuel Franco,400,1,AQU_2019-02-23_3_1,1,AQU_2019-02-23_3,224,Arthur's Hope,2019-02-23 13:52:04.000,AQU_2019-02-23_3_224,0.00463844694785412,66.79363604909933,0.77,4
1064664,BEL,2019-09-29,7,5,198,40.7175656817733,-73.7266556217954,850,D,FT ,48,AOC,80000.0,411,124,Irad Ortiz Jr.,1620,3,BEL_2019-09-29_7_5,0,BEL_2019-09-29_7,3847,Bonus Points,2019-09-29 16:11:49.500,BEL_2019-09-29_7_3847,0.004875949930404937,70.2136789978311,0.5,2
4208602,AQU,2019-03-31,6,1,270,40.6719936251821,-73.8317324233339,600,D,GD ,45,MCL,46000.0,429,121,Oscar Gomez,3450,8,AQU_2019-03-31_6_1,0,AQU_2019-03-31_6,1272,Wilson's Holiday,2019-03-31 16:30:07.500,AQU_2019-03-31_6_1272,0.004170929489897855,60.061384654529114,0.8,4
2478031,SAR,2019-09-01,3,3,238,43.072521505549,-73.7701501670975,600,D,FT ,54,CLM,45000.0,140,120,Ricardo Santana Jr.,105,1,SAR_2019-09-01_3_3,1,SAR_2019-09-01_3,1461,Northern Haze,2019-09-01 13:40:59.500,SAR_2019-09-01_3_1461,0.004616864684591595,66.48285145811897,0.86,4
698089,BEL,2019-06-07,9,4,77,40.7131633441103,-73.7195592791465,1000,I,FM ,76,STK,600000.0,519,119,Kendrick Carmouche,2500,8,BEL_2019-06-07_9_4,0,BEL_2019-06-07_9,1724,Lady Montdore,2019-06-07 17:19:19.250,BEL_2019-06-07_9_1724,0.00467779191234819,67.36020353781393,0.17,1
2017730,BEL,2019-06-16,1,4,107,40.717071874009,-73.7274225002039,600,D,FT ,62,CLM,28000.0,130,115,Andrea C. Rodriguez,1220,5,BEL_2019-06-16_1_4,0,BEL_2019-06-16_1,453,Equal the Score,2019-06-16 13:30:26.750,BEL_2019-06-16_1_453,0.005015122548186067,72.21776469387937,0.36,2
3239603,BEL,2019-10-12,9,1,249,40.7171694035387,-73.726033122802,900,I,FM ,128,STK,200000.0,514,118,Jose Lezcano,430,5,BEL_2019-10-12_9_1,0,BEL_2019-10-12_9,3110,Dyna Passer,2019-10-12 17:15:02.250,BEL_2019-10-12_9_3110,0.005020469660353084,72.29476310908441,0.59,3
2716687,SAR,2019-08-10,6,9,143,43.0737463356237,-73.7660917913247,550,T,FM ,48,ALW,92000.0,401,120,Dylan Davis,1180,2,SAR_2019-08-10_6_9,0,SAR_2019-08-10_6,4051,Paper Clip,2019-08-10 16:01:35.750,SAR_2019-08-10_6_4051,0.005170067346541212,74.44896979019344,0.57,3
2880157,AQU,2019-11-21,3,5,264,40.6746142326064,-73.8278271624251,850,T,GD ,162,STR,55000.0,150,119,Eric Cancel,1090,7,AQU_2019-11-21_3_5,0,AQU_2019-11-21_3,270,Alvernia,2019-11-21 13:51:06.000,AQU_2019-11-21_3_270,0.004749922669040533,68.39888643418368,0.63,3
3650395,AQU,2019-04-10,6,5,40,40.6710971890726,-73.8288672497083,600,O,FM ,45,MSW,62000.0,422,118,Javier Castellano,980,9,AQU_2019-04-10_6_5,0,AQU_2019-04-10_6,1373,Summer Fantasy,2019-04-10 16:22:10.000,AQU_2019-04-10_6_1373,0.005167518813168749,74.41227090962998,0.14,1
894298,BEL,2019-06-19,4,5,131,40.7174438429349,-73.7240035896143,800,D,GD ,52,MCL,33000.0,308,125,Luis R. Reyes,4900,5,BEL_2019-06-19_4_5,0,BEL_2019-06-19_4,239,Well in Tune,2019-06-19 15:08:32.750,BEL_2019-06-19_4_239,0.004732091157839742,68.14211267289228,0.32,2
4409031,SAR,2019-09-01,5,6,210,43.0728088193175,-73.7693933038277,550,D,FT ,45,MCL,52000.0,244,119,Dylan Davis,395,2,SAR_2019-09-01_5_6,0,SAR_2019-09-01_5,4046,Vaya Con Dios,2019-09-01 14:44:52.500,SAR_2019-09-01_5_4046,0.004673672313747097,67.3008813179582,0.78,4
2454546,SAR,2019-07-31,8,11,224,43.0721538110524,-73.7704813902982,550,T,GD ,58,ALW,80000.0,516,120,Luis Saez,600,9,SAR_2019-07-31_8_11,0,SAR_2019-07-31_8,3120,Jaded Lady,2019-07-31 17:16:56.000,SAR_2019-07-31_8_3120,0.00417039888966623,60.053744011193714,0.89,4
4529945,BEL,2019-09-27,5,8,27,40.7161675602414,-73.7210902331113,600,I,FM ,98,MSW,75000.0,312,119,Christopher P. DeCarlo,670,3,BEL_2019-09-27_5_8,0,BEL_2019-09-27_5,3127,Now Is,2019-09-27 15:12:06.750,BEL_2019-09-27_5_3127,0.00478539115166763,68.90963258401386,0.09,1
2366847,BEL,2019-10-26,7,4,136,40.7166343076962,-73.7221611868306,850,T,GD ,135,ALW,77000.0,414,120,Jose L. Ortiz,100,6,BEL_2019-10-26_7_4,0,BEL_2019-10-26_7,3994,Magic Star,2019-10-26 16:14:34.000,BEL_2019-10-26_7_3994,0.004769021001153644,68.67390241661248,0.33,2
1919575,AQU,2019-11-22,1,3,284,40.6710764595736,-73.8318593984967,600,O,GD ,58,MCL,41000.0,1250,124,Christopher P. DeCarlo,1750,5,AQU_2019-11-22_1_3,0,AQU_2019-11-22_1,2357,Happy Home,2019-11-22 12:51:11.000,AQU_2019-11-22_1_2357,0.0038173328459695606,54.969592981961675,0.96,4
587267,BEL,2019-06-22,3,8,219,40.7171994357797,-73.7258859199032,850,I,GD ,75,AOC,85000.0,234,115,Benjamin Hernandez,6150,6,BEL_2019-06-22_3_8,0,BEL_2019-06-22_3,751,Tanya's Gem,2019-06-22 14:34:54.750,BEL_2019-06-22_3_751,0.004828866128339594,69.53567224809017,0.56,3
3408927,AQU,2019-11-14,7,1,123,40.6716100522167,-73.8282435605927,800,D,FT ,54,CLM,42000.0,318,113,Benjamin Hernandez,3900,4,AQU_2019-11-14_7_1,0,AQU_2019-11-14_7,2075,Dull Knife,2019-11-14 15:18:30.750,AQU_2019-11-14_7_2075,0.004642577792853827,66.85312021709511,0.3,2
2226929,AQU,2019-04-10,7,11,222,40.6733800513838,-73.8311072271329,600,D,FT ,45,CLM,28000.0,453,126,Junior Alvarado,190,1,AQU_2019-04-10_7_11,1,AQU_2019-04-10_7,443,My Victoria Rose,2019-04-10 16:53:55.500,AQU_2019-04-10_7_443,0.004461032858053463,64.23887315596986,0.73,3
4512329,SAR,2019-07-13,6,1,24,43.0723907828238,-73.7692629514903,850,I,GD ,24,MSW,90000.0,404,119,Javier Castellano,1040,7,SAR_2019-07-13_6_1,0,SAR_2019-07-13_6,3446,Kokokomo,2019-07-13 16:04:06.000,SAR_2019-07-13_6_3446,0.004951635648529968,71.30355333883153,0.06,1
608718,SAR,2019-08-18,1,5,252,43.0719198426101,-73.7716344936108,550,D,GD ,44,CLM,50000.0,102,122,Luis Saez,450,4,SAR_2019-08-18_1_5,0,SAR_2019-08-18_1,1497,Shiraz,2019-08-18 13:03:03.000,SAR_2019-08-18_1_1497,0.0036046963486614874,51.90762742072542,0.98,4
3480865,AQU,2019-04-20,8,4,153,40.6754143237453,-73.8279146571682,650,D,SY ,38,STK,200000.0,515,118,Katie Davis,6550,7,AQU_2019-04-20_8_4,0,AQU_2019-04-20_8,834,Dancing Slippers,2019-04-20 17:15:38.250,AQU_2019-04-20_8_834,0.0048044324385559285,69.18382711520537,0.47,2
2614967,SAR,2019-08-22,10,11,228,43.0716312153017,-73.7648679516333,900,D,FT ,78,MCL,56000.0,540,118,Irad Ortiz Jr.,790,4,SAR_2019-08-22_10_11,0,SAR_2019-08-22_10,2237,Knockout Punch,2019-08-22 17:40:57.000,SAR_2019-08-22_10_2237,0.004994356701108635,71.91873649596434,0.51,3
1463900,AQU,2019-03-29,1,6,48,40.6683547609547,-73.8296509015174,800,D,FT ,54,MSW,68000.0,130,126,Dylan Davis,90,2,AQU_2019-03-29_1_6,0,AQU_2019-03-29_1,1237,Mo Moxie,2019-03-29 13:30:12.000,AQU_2019-03-29_1_1237,0.004894570740007715,70.48181865611109,0.12,1
2856074,BEL,2019-05-12,2,8,303,40.7131277302594,-73.7221633069596,650,D,SY ,44,MCL,33000.0,202,111,Benjamin Hernandez,1890,5,BEL_2019-05-12_2_8,0,BEL_2019-05-12_2,3026,Ginger and Jingle,2019-05-12 14:03:15.750,BEL_2019-05-12_2_3026,0.0037548984341417126,54.07053745164066,0.92,4
3813063,AQU,2019-03-24,9,1,246,40.6755734543022,-73.8291545016359,800,D,FT ,54,CLM,50000.0,607,118,Michael J. Luzzi,870,6,AQU_2019-03-24_9_1,0,AQU_2019-03-24_9,196,Oh K Funnybone,2019-03-24 18:08:01.500,AQU_2019-03-24_9_196,0.00445758147275226,64.18917320763254,0.62,3
526474,AQU,2019-01-04,5,2,231,40.6741741085177,-73.8270923290804,900,D,FT ,72,CLM,46000.0,300,113,Joey R. Martinez,710,4,AQU_2019-01-04_5_2,0,AQU_2019-01-04_5,90,Halloween Horror,2019-01-04 15:00:57.750,AQU_2019-01-04_5_90,0.004673626948237244,67.30022805461631,0.52,3
2658315,AQU,2019-12-31,5,3,263,40.6749118957317,-73.8303187290147,800,D,SY ,54,CLM,36000.0,235,118,Jose Lezcano,400,2,AQU_2019-12-31_5_3,0,AQU_2019-12-31_5,1004,Beachside,2019-12-31 14:36:05.750,AQU_2019-12-31_5_1004,0.00461893216262999,66.51262314187186,0.68,3
113548,SAR,2019-07-25,3,3,57,43.0711665599263,-73.7726431829239,900,D,FT ,77,AOC,80000.0,151,123,Dylan Davis,1130,4,SAR_2019-07-25_3_3,0,SAR_2019-07-25_3,275,Not About the Nail,2019-07-25 13:51:14.250,SAR_2019-07-25_3_275,0.004927352876155539,70.95388141663976,0.13,1
4762447,BEL,2019-10-05,10,3,23,40.7158407984348,-73.7179426685507,800,D,FT ,72,STK,500000.0,522,122,Junior Alvarado,125,2,BEL_2019-10-05_10_3,0,BEL_2019-10-05_10,3542,Green Light Go,2019-10-05 17:22:05.750,BEL_2019-10-05_10_3542,0.004738759349296221,68.23813462986558,0.06,1
4664188,SAR,2019-08-14,7,4,180,43.073112513162,-73.7679719117636,550,T,FM ,72,STK,100000.0,402,122,Javier Castellano,570,2,SAR_2019-08-14_7_4,0,SAR_2019-08-14_7,4468,Abscond,2019-08-14 16:02:45.000,SAR_2019-08-14_7_4468,0.005336429227980242,76.84458088291548,0.7,3
4081122,BEL,2019-05-04,5,6,261,40.7132648292508,-73.7224982243019,600,D,SY ,48,MSW,80000.0,209,118,Eric Cancel,315,4,BEL_2019-05-04_5_6,0,BEL_2019-05-04_5,1792,Blahnik,2019-05-04 14:10:05.250,BEL_2019-05-04_5_1792,0.0039666734527237235,57.12009771922162,0.91,4
4248065,AQU,2019-01-20,6,7,171,40.6752293148336,-73.8300412388251,600,D,SY ,48,CLM,48000.0,311,124,Manuel Franco,40,1,AQU_2019-01-20_6_7,1,AQU_2019-01-20_6,569,Mrs. Crews,2019-01-20 15:11:42.750,AQU_2019-01-20_6_569,0.0046414000164589405,66.83616023700874,0.57,3
2787061,SAR,2019-07-14,5,12,48,43.0715306744416,-73.7713185574369,800,I,FM ,80,CLM,65000.0,329,118,Irad Ortiz Jr.,410,4,SAR_2019-07-14_5_12,0,SAR_2019-07-14_5,2331,Zabava,2019-07-14 15:29:12.000,SAR_2019-07-14_5_2331,0.004762261154037209,68.5765606181358,0.13,1
1813296,BEL,2019-10-16,3,5,196,40.7170591973811,-73.7248522204257,850,I,FM ,76,MCL,41000.0,220,124,Manuel Franco,1910,4,BEL_2019-10-16_3_5,0,BEL_2019-10-16_3,1983,Roller Rolls On,2019-10-16 14:20:49.000,BEL_2019-10-16_3_1983,0.005242282133925376,75.48886272852542,0.49,2
2277503,AQU,2019-01-12,9,1A,146,40.6725146978613,-73.8278194681832,800,D,FT ,54,MCL,33000.0,432,123,Luis R. Reyes,60,9,AQU_2019-01-12_9_1A,0,AQU_2019-01-12_9,380,Theresa's Boy,2019-01-12 16:32:36.500,AQU_2019-01-12_9_380,0.004771970184413883,68.71637065555991,0.36,2
2273933,BEL,2019-07-05,1,3,44,40.7137296943239,-73.7180524028999,850,I,FM ,27,ALW,82000.0,132,126,Junior Alvarado,1510,4,BEL_2019-07-05_1_3,0,BEL_2019-07-05_1,3552,Cottonwood Falls,2019-07-05 13:32:11.000,BEL_2019-07-05_1_3552,0.005012373625315715,72.1781802045463,0.11,1
2710806,AQU,2019-03-15,3,2,112,40.6747765234964,-73.8272395272979,600,D,FT ,45,MSW,60000.0,240,111,Benjamin Hernandez,910,3,AQU_2019-03-15_3_2,0,AQU_2019-03-15_3,780,Too Many Tales,2019-03-15 14:40:28.000,AQU_2019-03-15_3_780,0.004934105307189406,71.05111642352745,0.37,2
3284135,BEL,2019-06-29,3,8,98,40.7170186777325,-73.7237422772963,700,T,FM ,102,MSW,62000.0,234,118,Manuel Franco,1350,5,BEL_2019-06-29_3_8,0,BEL_2019-06-29_3,2013,I'm Elmer J Fudd,2019-06-29 14:34:24.500,BEL_2019-06-29_3_2013,0.0053709108173531465,77.3411157698853,0.29,2
794635,AQU,2019-11-22,5,7,354,40.6716305716667,-73.8319592474285,800,D,GD ,54,CLM,57000.0,248,123,Jose Baez,1230,3,AQU_2019-11-22_5_7,0,AQU_2019-11-22_5,642,Fleet Irish,2019-11-22 14:49:28.500,AQU_2019-11-22_5_642,0.004454808285880926,64.14923931668534,0.92,4
941857,SAR,2019-08-01,4,8,48,43.0718085871652,-73.7706787017964,850,I,FM ,38,MCL,48000.0,248,117,Benjamin Hernandez,2875,7,SAR_2019-08-01_4_8,0,SAR_2019-08-01_4,115,Low Is Laine,2019-08-01 14:48:12.000,SAR_2019-08-01_4_115,0.005316567858953963,76.55857716893706,0.12,1
2053803,BEL,2019-09-22,1,2,101,40.7173553259791,-73.727015270059,600,D,FT ,68,CLM,50000.0,101,121,Manuel Franco,430,4,BEL_2019-09-22_1_2,0,BEL_2019-09-22_1,1056,O Shea Can U See,2019-09-22 13:01:25.250,BEL_2019-09-22_1_1056,0.005091942342417406,73.32396973081065,0.35,2
4475302,AQU,2019-11-02,6,9,137,40.6696829155095,-73.8304825003848,850,T,GD ,88,MSW,62000.0,243,119,Kendrick Carmouche,840,4,AQU_2019-11-02_6_9,0,AQU_2019-11-02_6,1648,Empire Express,2019-11-02 14:43:34.250,AQU_2019-11-02_6_1648,0.004120346585523784,59.332990831542496,0.32,2
3728618,SAR,2019-08-10,2,8,177,43.073817592919,-73.7669194981967,600,D,FT ,55,MSW,78000.0,136,119,Luis Saez,490,7,SAR_2019-08-10_2_8,0,SAR_2019-08-10_2,1588,Later Cat,2019-08-10 13:36:44.250,SAR_2019-08-10_2_1588,0.004967665432353715,71.5343822258935,0.58,3
2725656,BEL,2019-06-12,1,5,96,40.7166434552049,-73.7210111462431,850,D,FT ,44,MCL,46000.0,131,118,Manuel Franco,175,4,BEL_2019-06-12_1_5,0,BEL_2019-06-12_1,2877,Zorbed,2019-06-12 13:31:24.000,BEL_2019-06-12_1_2877,0.0050709764927726175,73.0220614959257,0.22,1
2477170,AQU,2019-11-20,2,10,40,40.671757476511,-73.8281277533563,600,D,GD ,38,CLM,44000.0,1249,120,Irad Ortiz Jr.,105,3,AQU_2019-11-20_2_10,0,AQU_2019-11-20_2,1461,Northern Haze,2019-11-20 12:49:10.000,AQU_2019-11-20_2_1461,0.0054038783274993705,77.81584791599093,0.14,1
2387092,AQU,2019-01-25,6,8,320,40.6734071318684,-73.8311146344719,800,D,GD ,52,MCL,35000.0,258,122,Dylan Davis,530,3,AQU_2019-01-25_6_8,0,AQU_2019-01-25_6,614,Bettor Bank On It,2019-01-25 14:59:20.000,AQU_2019-01-25_6_614,0.003894707348434109,56.08378581745117,0.78,4
3089690,BEL,2019-06-27,4,2,3,40.7156805379179,-73.7172549022821,800,D,FT ,52,MCL,33000.0,438,118,Joel Rosario,440,3,BEL_2019-06-27_4_2,0,BEL_2019-06-27_4,1929,Pecatonica,2019-06-27 16:38:00.750,BEL_2019-06-27_4_1929,0.0015442863371550458,22.23772325503266,0.01,1
4277061,BEL,2019-06-16,2,4,63,40.7165441152581,-73.7230564663223,600,I,FM ,178,MCL,41000.0,202,118,Junior Alvarado,870,3,BEL_2019-06-16_2_4,0,BEL_2019-06-16_2,1104,G. T. Sonia,2019-06-16 14:02:15.750,BEL_2019-06-16_2_1104,0.005461679391931412,78.64818324381234,0.22,1
772450,AQU,2019-12-29,8,4,235,40.6735663103444,-73.8273152482453,900,D,FT ,82,STK,100000.0,350,121,Kendrick Carmouche,910,2,AQU_2019-12-29_8_4,0,AQU_2019-12-29_8,2842,Lucky Move,2019-12-29 15:50:58.750,AQU_2019-12-29_8_2842,0.004700687717255168,67.68990312847441,0.52,3
4416825,BEL,2019-07-04,5,5,175,40.7140276074821,-73.7255063514767,550,D,FT ,63,MSW,80000.0,345,118,Luis R. Reyes,2390,5,BEL_2019-07-04_5_5,0,BEL_2019-07-04_5,1923,This Ill Defend,2019-07-04 15:45:43.750,BEL_2019-07-04_5_1923,0.004835917168700099,69.63720722928143,0.69,3
5162112,BEL,2019-06-22,9,4,288,40.7142547949182,-73.7255054069912,800,T,GD ,126,STK,100000.0,551,114,Irad Ortiz Jr.,155,2,BEL_2019-06-22_9_4,0,BEL_2019-06-22_9,3467,Nova Sol (GER),2019-06-22 17:52:12.000,BEL_2019-06-22_9_3467,0.0054364644789138385,78.28508849635928,0.78,4
3848013,AQU,2019-01-20,5,5,60,40.6706296638157,-73.8286287290541,700,D,SY ,45,MSW,60000.0,245,122,Harry Hernandez,6925,8,AQU_2019-01-20_5_5,0,AQU_2019-01-20_5,568,Ticked All Daboxes,2019-01-20 14:45:15.000,AQU_2019-01-20_5_568,0.005079026629346473,73.1379834625892,0.17,1
869509,BEL,2019-06-08,5,5,56,40.7160942089391,-73.7188324743599,850,D,FT ,44,STK,700000.0,203,117,Mario Gutierrez,2130,3,BEL_2019-06-08_5_5,0,BEL_2019-06-08_5,3303,Mopotism,2019-06-08 14:03:14.000,BEL_2019-06-08_5_3303,0.005175340151471748,74.52489818119317,0.14,1
2009670,BEL,2019-10-20,3,4,205,40.7151259187828,-73.7276694259072,700,D,FT ,54,CLM,28000.0,145,124,Luis A. Rodriguez Castro,400,5,BEL_2019-10-20_3_4,0,BEL_2019-10-20_3,518,Little Nanny,2019-10-20 13:45:51.250,BEL_2019-10-20_3_518,0.0045227067812521286,65.12697765003065,0.6,3
2657994,AQU,2019-11-17,6,3,194,40.674230947545,-73.8270977415188,800,D,FT ,54,ALW,66000.0,227,120,Junior Alvarado,1670,7,AQU_2019-11-17_6_3,0,AQU_2019-11-17_6,1004,Beachside,2019-11-17 14:27:48.500,AQU_2019-11-17_6_1004,0.004218218597969179,60.74234781075617,0.5,2
4747403,SAR,2019-08-11,6,2,251,43.0723239611343,-73.7706020385371,600,D,FT ,52,MSW,90000.0,344,119,John R. Velazquez,1540,4,SAR_2019-08-11_6_2,0,SAR_2019-08-11_6,4444,Noudha,2019-08-11 15:45:02.750,SAR_2019-08-11_6_4444,0.0041635448774378445,59.95504623510496,0.86,4
1923715,AQU,2019-11-29,5,8,242,40.6737868344745,-73.8278863314915,850,T,GD ,192,STK,150000.0,150,121,Dylan Davis,5900,7,AQU_2019-11-29_5_8,0,AQU_2019-11-29_5,2509,Lounge Act,2019-11-29 13:51:00.500,AQU_2019-11-29_5_2509,0.004967187138393518,71.52749479286665,0.58,3
215423,SAR,2019-08-18,2,1,55,43.0698511993084,-73.7692382021339,700,D,GD ,32,CLM,38000.0,134,124,Luis R. Reyes,2575,3,SAR_2019-08-18_2_1,0,SAR_2019-08-18_2,505,Cotton Candy Cutie,2019-08-18 13:34:13.750,SAR_2019-08-18_2_505,0.005349627140963183,77.03463082986984,0.16,1
4807782,AQU,2019-12-12,5,4,305,40.6735476396141,-73.8310479287634,800,D,GD ,54,MSW,68000.0,231,119,Junior Alvarado,400,1,AQU_2019-12-12_5_4,1,AQU_2019-12-12_5,1868,Harvey's Lil Goil,2019-12-12 14:32:16.250,AQU_2019-12-12_5_1868,0.004664619454272691,67.17052014152675,0.77,4
3987578,SAR,2019-08-24,3,12,16,43.0724897101009,-73.7698152527867,850,T,FM ,80,MSW,90000.0,1241,118,Ricardo Santana Jr.,1090,6,SAR_2019-08-24_3_12,0,SAR_2019-08-24_3,4261,Confessing,2019-08-24 12:41:04.000,SAR_2019-08-24_3_4261,0.004228047902613717,60.88388979763752,0.04,1
4769148,SAR,2019-08-28,9,1,309,43.0731868785907,-73.7671215864653,850,I,FM ,20,STK,150000.0,506,120,Jose L. Ortiz,335,6,SAR_2019-08-28_9_1,0,SAR_2019-08-28_9,3444,Tuggle,2019-08-28 17:07:17.250,SAR_2019-08-28_9_3444,0.0053283046288811736,76.7275866558889,0.79,4
4652232,SAR,2019-07-17,10,9,168,43.0735983732294,-73.7673488607265,550,D,MY ,50,MSW,78000.0,620,119,John R. Velazquez,110,1,SAR_2019-07-17_10_9,1,SAR_2019-07-17_10,1974,Violent Point,2019-07-17 18:20:42.000,SAR_2019-07-17_10_1974,0.0051250938999390224,73.80135215912192,0.61,3
2457037,AQU,2019-01-19,4,3,259,40.6754982618855,-73.8295585580821,800,D,FT ,54,MCL,41000.0,201,122,Eric Cancel,380,2,AQU_2019-01-19_4_3,0,AQU_2019-01-19_4,84,Stay Smart,2019-01-19 14:02:04.750,AQU_2019-01-19_4_84,0.004648602182854427,66.93987143310375,0.61,3
3372927,BEL,2019-06-30,1,4,340,40.7142316382504,-73.7242702195523,850,I,FM ,76,CLM,50000.0,132,118,Eric Cancel,1870,5,BEL_2019-06-30_1_4,0,BEL_2019-06-30_1,1428,Awe Honey,2019-06-30 13:33:25.000,BEL_2019-06-30_1_1428,0.004332138938866713,62.38280071968067,0.84,4
2450625,SAR,2019-08-23,10,8,208,43.0711354148221,-73.76598678367,900,D,FT ,80,STK,250000.0,552,120,John R. Velazquez,530,6,SAR_2019-08-23_10_8,0,SAR_2019-08-23_10,430,Just Right,2019-08-23 17:52:52.000,SAR_2019-08-23_10_430,0.004955263320704568,71.35579181814578,0.48,2
3453411,BEL,2019-10-05,3,6,205,40.7171330522256,-73.7254189295826,850,I,GD ,30,ALW,77000.0,126,118,Jose Lezcano,580,7,BEL_2019-10-05_3_6,0,BEL_2019-10-05_3,3879,All Quality,2019-10-05 13:26:51.250,BEL_2019-10-05_3_3879,0.004590847180812536,66.10819940370052,0.53,3
5131310,BEL,2019-10-06,3,1,350,40.7150801071661,-73.7268259779665,1000,I,FM ,42,AOC,90000.0,151,121,Joseph Talamo,620,5,BEL_2019-10-06_3_1,0,BEL_2019-10-06_3,1714,Westerland (GB),2019-10-06 13:52:27.500,BEL_2019-10-06_3_1714,0.004965655081942234,71.50543317996816,0.76,4
2520911,BEL,2019-05-24,1,4,7,40.7158983636604,-73.7202769916724,600,I,GD ,90,MCL,41000.0,130,118,Joel Rosario,520,2,BEL_2019-05-24_1_4,0,BEL_2019-05-24_1,3113,Tenure,2019-05-24 13:30:01.750,BEL_2019-05-24_1_3113,0.0033556562411708006,48.32144987285953,0.02,1
1579018,BEL,2019-06-28,7,9,104,40.7164437591703,-73.7215293530063,800,T,FM ,75,STR,55000.0,445,125,Jose L. Ortiz,300,5,BEL_2019-06-28_7_9,0,BEL_2019-06-28_7,3160,Architect,2019-06-28 16:45:26.000,BEL_2019-06-28_7_3160,0.004986708934115651,71.80860865126537,0.28,2
1136606,AQU,2019-02-16,8,4,45,40.6717660899378,-73.8281257504258,600,D,FT ,48,STK,100000.0,442,124,Michael J. Luzzi,1950,7,AQU_2019-02-16_8_4,0,AQU_2019-02-16_8,962,I Still Miss You,2019-02-16 16:42:11.250,AQU_2019-02-16_8_962,0.005413344662234233,77.95216313617296,0.15,1
1270292,SAR,2019-08-01,4,4,143,43.0701217783008,-73.7698029837312,850,I,FM ,38,MCL,48000.0,248,124,Rajiv Maragh,1160,5,SAR_2019-08-01_4_4,0,SAR_2019-08-01_4,134,Joule,2019-08-01 14:48:35.750,SAR_2019-08-01_4_134,0.0049214371962267795,70.86869562566562,0.36,2
1344995,BEL,2019-04-26,4,4,332,40.7140646903841,-73.7256900334956,850,D,SY ,56,MCL,41000.0,328,125,Samuel Camacho Jr.,7225,4,BEL_2019-04-26_4_4,0,BEL_2019-04-26_4,759,Ferncourt,2019-04-26 15:29:23.000,BEL_2019-04-26_4_759,0.0039050932736490206,56.2333431405459,0.77,4
3975859,BEL,2019-07-04,8,3,24,40.7148416994434,-73.7175020510266,800,T,FM ,182,STK,100000.0,520,116,John R. Velazquez,3200,7,BEL_2019-07-04_8_3,0,BEL_2019-07-04_8,3146,Ian Glass,2019-07-04 17:20:06.000,BEL_2019-07-04_8_3146,0.0049556290386248165,71.36105815619736,0.06,1
915728,BEL,2019-05-09,1,7,354,40.7134366353484,-73.7224045531171,800,T,GD ,162,AOC,85000.0,305,122,Luis Saez,150,1,BEL_2019-05-09_1_7,1,BEL_2019-05-09_1,2958,Lion in Wait,2019-05-09 15:06:28.500,BEL_2019-05-09_1_2958,0.004833945179715143,69.60881058789806,0.93,4
1379507,BEL,2019-06-07,9,3,28,40.7137690177355,-73.7222065366358,1000,I,FM ,76,STK,600000.0,519,115,Jose L. Ortiz,1130,7,BEL_2019-06-07_9_3,0,BEL_2019-06-07_9,2933,Giant Zinger,2019-06-07 17:19:07.000,BEL_2019-06-07_9_2933,0.004610378013795161,66.38944339865033,0.06,1
4278621,BEL,2019-10-23,8,11,293,40.7146765342322,-73.7272618445457,850,D,GD ,48,MSW,62000.0,511,119,John R. Velazquez,590,3,BEL_2019-10-23_8_11,0,BEL_2019-10-23_8,2806,My My Michelle,2019-10-23 17:12:13.250,BEL_2019-10-23_8_2806,0.00446080648141154,64.23561333232618,0.71,3
2417343,BEL,2019-10-23,6,4,200,40.7140699088091,-73.7256584682506,600,D,GD ,65,ALW,66000.0,405,120,Dylan Davis,4825,3,BEL_2019-10-23_6_4,0,BEL_2019-10-23_6,212,Quietude,2019-10-23 16:05:50.000,BEL_2019-10-23_6_212,0.004773322823259845,68.73584865494176,0.69,3
3772348,AQU,2019-04-14,9,8,213,40.6728249275857,-73.8284224975585,850,T,GD ,76,MCL,41000.0,543,118,Eric Cancel,2120,4,AQU_2019-04-14_9_8,0,AQU_2019-04-14_9,994,Millionaire Joe,2019-04-14 17:43:53.250,AQU_2019-04-14_9_994,0.004608454667134781,66.36174720674084,0.52,3
4104983,AQU,2019-03-17,4,1,188,40.6755939237474,-73.8286500362826,700,D,FT ,44,MSW,68000.0,320,120,Harry Hernandez,13450,6,AQU_2019-03-17_4_1,0,AQU_2019-03-17_4,767,Halstaat,2019-03-17 15:20:47.000,AQU_2019-03-17_4_767,0.004539756800014229,65.3724979202049,0.56,3
3708466,BEL,2019-05-16,8,3,167,40.7161173767054,-73.7279244153756,700,D,FT ,40,ALW,66000.0,647,120,Irad Ortiz Jr.,220,6,BEL_2019-05-16_8_3,0,BEL_2019-05-16_8,1569,Lutsky,2019-05-16 18:47:41.750,BEL_2019-05-16_8_1569,0.004813244490586546,69.31072066444627,0.51,3
4400722,BEL,2019-09-11,1,3,320,40.7136408762282,-73.724028602608,800,D,FT ,78,MSW,75000.0,303,119,Joel Rosario,295,1,BEL_2019-09-11_1_3,1,BEL_2019-09-11_1,2675,Ajaaweed,2019-09-11 15:04:20.000,BEL_2019-09-11_1_2675,0.004798280926642709,69.09524534365501,0.83,4
5213119,SAR,2019-08-09,8,7,266,43.0732040971136,-73.7670038028178,800,I,FM ,30,AOC,95000.0,454,122,Junior Alvarado,1140,4,SAR_2019-08-09_8_7,0,SAR_2019-08-09_8,3005,Binti Al Nar (GER),2019-08-09 16:55:06.500,SAR_2019-08-09_8_3005,0.004904214266926328,70.62068544373912,0.72,3
454010,BEL,2019-05-19,8,8,34,40.7172687303079,-73.7231582164824,600,D,FT ,54,ALW,82000.0,523,123,Luis R. Reyes,3200,3,BEL_2019-05-19_8_8,0,BEL_2019-05-19_8,860,Jump for Joy,2019-05-19 17:23:08.500,BEL_2019-05-19_8_860,0.005021887002485193,72.31517283578677,0.12,1
45570,SAR,2019-07-19,4,7,83,43.0705448618451,-73.767515950238,700,D,FT ,30,CLM,45000.0,248,124,Irad Ortiz Jr.,420,2,SAR_2019-07-19_4_7,0,SAR_2019-07-19_4,4123,Bolita Boyz,2019-07-19 14:48:20.750,SAR_2019-07-19_4_4123,0.005358509986214046,77.16254380148227,0.25,2
382542,BEL,2019-09-14,1,1,163,40.7146981725918,-73.7272224411678,600,D,FT ,63,CLM,28000.0,100,121,Luis R. Reyes,2060,6,BEL_2019-09-14_1_1,0,BEL_2019-09-14_1,3679,Discreet Angel,2019-09-14 13:00:40.750,BEL_2019-09-14_1_3679,0.004558801141241819,65.6467364338822,0.68,3
510246,AQU,2019-03-23,5,6,82,40.6700256176694,-73.8288752364225,800,D,FT ,54,CLM,24000.0,400,119,Carlos J. Hernandez,3100,7,AQU_2019-03-23_5_6,0,AQU_2019-03-23_5,353,Quai Voltaire,2019-03-23 16:00:20.500,AQU_2019-03-23_5_353,0.005053134810722961,72.76514127441064,0.2,1
277941,BEL,2019-09-07,8,4,327,40.7176179924601,-73.7247476112914,1200,D,FT ,72,STK,300000.0,443,118,Junior Alvarado,285,3,BEL_2019-09-07_8_4,0,BEL_2019-09-07_8,2947,Realm,2019-09-07 16:44:21.750,BEL_2019-09-07_8_2947,0.004719300282042704,67.95792406141494,0.59,3
3344327,AQU,2019-11-16,7,8,131,40.674616758706,-73.827166888822,650,D,FT ,54,ALW,66000.0,255,120,Kendrick Carmouche,130,6,AQU_2019-11-16_7_8,0,AQU_2019-11-16_7,2204,Collegeville Girl,2019-11-16 14:55:32.750,AQU_2019-11-16_7_2204,0.0037502052414158105,54.00295547638767,0.39,2
4764038,BEL,2019-10-06,5,5,50,40.717184083359,-73.7230424012478,650,D,FT ,48,MCL,46000.0,305,119,Junior Alvarado,760,9,BEL_2019-10-06_5_5,0,BEL_2019-10-06_5,1580,Big Red Girl,2019-10-06 15:05:12.500,BEL_2019-10-06_5_1580,0.005510188801194672,79.34671873720328,0.16,1
5194470,BEL,2019-05-24,8,1,96,40.7147721623111,-73.7179765026743,900,I,FM ,230,ALW,82000.0,518,126,Javier Castellano,90,1,BEL_2019-05-24_8_1,1,BEL_2019-05-24_8,3121,Malakeh (GB),2019-05-24 17:18:24.000,BEL_2019-05-24_8_3121,0.004689457539751331,67.52818857241915,0.22,1
550929,AQU,2019-01-04,6,2,56,40.6689281654007,-73.8294329333232,800,D,FT ,54,CLM,32000.0,331,123,Junior Alvarado,710,2,AQU_2019-01-04_6_2,0,AQU_2019-01-04_6,94,Dublinthepleasure,2019-01-04 15:31:14.000,AQU_2019-01-04_6_94,0.005127130080662372,73.83067316153816,0.14,1
2706836,BEL,2019-09-14,9,4,162,40.7154583372397,-73.7278800611309,650,D,FT ,48,ALW,66000.0,518,120,Jose Lezcano,2020,6,BEL_2019-09-14_9_4,0,BEL_2019-09-14_9,2794,True Gold,2019-09-14 17:18:40.500,BEL_2019-09-14_9_2794,0.004815949955990291,69.34967936626019,0.52,3
4337983,SAR,2019-08-25,7,11,167,43.0733105797808,-73.7673831835597,550,T,FM ,56,MCL,60000.0,415,119,Kendrick Carmouche,380,4,SAR_2019-08-25_7_11,0,SAR_2019-08-25_7,4575,More Or Less,2019-08-25 16:15:41.750,SAR_2019-08-25_7_4575,0.004992423032167161,71.89089166320711,0.64,3
2307365,AQU,2019-01-12,9,1,292,40.6743649006513,-73.8306281607537,800,D,FT ,54,MCL,33000.0,432,123,Junior Alvarado,60,1,AQU_2019-01-12_9_1,1,AQU_2019-01-12_9,373,Cross Multiply,2019-01-12 16:33:13.000,AQU_2019-01-12_9_373,0.004543405075414476,65.42503308596845,0.72,3
1070831,AQU,2019-04-19,5,8,357,40.6726471838566,-73.8306925382139,850,T,FM ,88,ALW,66000.0,337,124,Hector Rafael Diaz Jr.,16900,11,AQU_2019-04-19_5_8,0,AQU_2019-04-19_5,550,Peaches and Spice,2019-04-19 15:38:29.250,AQU_2019-04-19_5_550,0.004750973637467116,68.41402037952646,0.87,4
1666724,SAR,2019-08-15,8,6,234,43.0729935119971,-73.7689436465046,650,D,FT ,72,STK,100000.0,446,120,Rajiv Maragh,560,1,SAR_2019-08-15_8_6,1,SAR_2019-08-15_8,26,Carrera Cat,2019-08-15 16:46:58.500,SAR_2019-08-15_8_26,0.004858350462302475,69.96024665715564,0.78,4
1665609,AQU,2019-01-01,5,6,288,40.6725652279618,-73.831526427794,700,D,MY ,60,ALW,64000.0,220,123,Rajiv Maragh,305,1,AQU_2019-01-01_5_6,1,AQU_2019-01-01_5,26,Carrera Cat,2019-01-01 14:21:12.000,AQU_2019-01-01_5_26,0.004576763831176548,65.9053991689423,0.78,4
3418741,BEL,2019-10-04,5,7,204,40.7170687976219,-73.7247559998409,850,I,GD ,90,CLM,60000.0,335,119,Kendrick Carmouche,300,3,BEL_2019-10-04_5_7,0,BEL_2019-10-04_5,1484,Go Poke the Bear,2019-10-04 15:35:51.000,BEL_2019-10-04_5_1484,0.0049447478041303,71.20436837947632,0.51,3
3452956,AQU,2019-03-01,1,3,294,40.6710439621583,-73.832180870278,600,D,FT ,45,CLM,55000.0,1250,120,Luis R. Reyes,670,5,AQU_2019-03-01_1_3,0,AQU_2019-03-01_1,399,Rouxhere,2019-03-01 12:51:13.500,AQU_2019-03-01_1_399,0.0033606900938154454,48.393937350942416,1.0,4
3780964,BEL,2019-09-26,8,7,184,40.7168445188356,-73.7240614365484,850,I,FM ,84,CLM,39000.0,444,115,Benjamin Hernandez,420,7,BEL_2019-09-26_8_7,0,BEL_2019-09-26_8,993,Fotis,2019-09-26 16:44:46.000,BEL_2019-09-26_8_993,0.004818017140291231,69.37944682019372,0.45,2
1564157,AQU,2019-12-29,4,3,283,40.672883861533,-73.8313669406635,700,D,FT ,48,CLM,37000.0,157,124,Dylan Davis,4000,5,AQU_2019-12-29_4_3,0,AQU_2019-12-29_4,1750,Conforto,2019-12-29 13:58:10.750,AQU_2019-12-29_4_1750,0.00427825290590527,61.60684184503589,0.82,4
4924631,AQU,2019-11-02,2,10,130,40.6748589806389,-73.8275446560922,600,O,GD ,45,MSW,62000.0,1231,121,Keivan Serrano,17425,9,AQU_2019-11-02_2_10,0,AQU_2019-11-02_2,1633,Goneonamission,2019-11-02 12:31:32.500,AQU_2019-11-02_2_1633,0.004581462617987405,65.97306169901863,0.41,2
4687822,SAR,2019-08-23,8,4,151,43.0730041940609,-73.7643925607494,650,D,FT ,80,STK,200000.0,446,122,Dylan Davis,1200,7,SAR_2019-08-23_8_4,0,SAR_2019-08-23_8,2281,Mission Wrapitup,2019-08-23 16:46:37.750,SAR_2019-08-23_8_2281,0.004978307030725548,71.6876212424479,0.48,2
1059664,SAR,2019-07-12,6,5,128,43.0693863130475,-73.7706388397499,900,D,FT ,80,CLM,70000.0,404,123,Kendrick Carmouche,1570,7,SAR_2019-07-12_6_5,0,SAR_2019-07-12_6,21,Holiday Bonus,2019-07-12 16:04:32.000,SAR_2019-07-12_6_21,0.004796941770350364,69.07596149304524,0.3,2
1924829,AQU,2019-04-07,6,2,152,40.6700108016018,-73.8294843256177,900,O,FM ,160,MSW,70000.0,409,126,Manuel Franco,65,3,AQU_2019-04-07_6_2,0,AQU_2019-04-07_6,1346,Morelikelythannot,2019-04-07 16:09:38.000,AQU_2019-04-07_6_1346,0.004458518415877549,64.20266518863671,0.36,2
2121386,SAR,2019-08-18,4,3,274,43.0735051592017,-73.7663359361691,800,I,GD ,162,ALW,92000.0,242,123,Kendrick Carmouche,275,4,SAR_2019-08-18_4_3,0,SAR_2019-08-18_4,2135,Pugilist,2019-08-18 14:43:08.500,SAR_2019-08-18_4_2135,0.004732125001578274,68.14260002272715,0.71,3
27977,AQU,2019-11-16,1,3,26,40.6675412392885,-73.8300390842682,800,D,FT ,54,CLM,28000.0,1200,123,Dylan Davis,1420,1,AQU_2019-11-16_1_3,1,AQU_2019-11-16_1,352,Too Fast to Pass,2019-11-16 12:00:06.500,AQU_2019-11-16_1_352,0.004632465104218327,66.70749750074391,0.06,1
446146,BEL,2019-05-04,11,6,327,40.7134690280202,-73.7234315871611,800,D,SY ,52,STK,200000.0,540,116,Reylu Gutierrez,1660,4,BEL_2019-05-04_11_6,0,BEL_2019-05-04_11,1259,Hoffenheim,2019-05-04 17:41:21.750,BEL_2019-05-04_11_1259,0.004127878575020758,59.441451480298916,0.87,4
129119,AQU,2019-04-06,5,14,48,40.6708837638534,-73.8319072575182,850,O,FM ,22,CLM,48000.0,307,120,Manuel Franco,4050,2,AQU_2019-04-06_5_14,0,AQU_2019-04-06_5,1309,Ode to the Hunt,2019-04-06 15:07:12.000,AQU_2019-04-06_5_1309,0.004913948386014683,70.76085675861144,0.12,1
2354522,AQU,2019-03-09,9,1,20,40.6673673271355,-73.8301518145502,800,D,FT ,54,STK,150000.0,440,122,Junior Alvarado,1940,7,AQU_2019-03-09_9_1,0,AQU_2019-03-09_9,1138,Curlin's Honor,2019-03-09 16:40:05.000,AQU_2019-03-09_9_1138,0.004496467926673609,64.74913814409997,0.05,1
34047,BEL,2019-05-04,7,5,158,40.7175376040249,-73.7243738433287,850,D,SY ,44,CLM,50000.0,312,124,Emmanuel Esquivel,395,6,BEL_2019-05-04_7_5,0,BEL_2019-05-04_7,463,Poshsky,2019-05-04 15:12:39.500,BEL_2019-05-04_7_463,0.005026675641444354,72.3841292367987,0.39,2
3838474,AQU,2019-04-12,4,11,50,40.6715925066545,-73.8285891437144,600,O,FM ,48,MCL,41000.0,305,119,Rajiv Maragh,8575,10,AQU_2019-04-12_4_11,0,AQU_2019-04-12_4,885,Ravenbro,2019-04-12 15:05:12.500,AQU_2019-04-12_4_885,0.005420960199718962,78.06182687595305,0.18,1
5013121,AQU,2019-11-30,6,5,309,40.6742655132117,-73.8299067353514,850,T,GD ,98,STR,55000.0,221,119,Declan Carroll,4550,7,AQU_2019-11-30_6_5,0,AQU_2019-11-30_6,2235,Hardest Part (GB),2019-11-30 14:22:17.250,AQU_2019-11-30_6_2235,0.004509147033225791,64.93171727845139,0.75,3
1776772,SAR,2019-08-30,3,4,35,43.07052653792,-73.7681742440062,550,T,FM ,24,MCL,48000.0,209,124,Luis Saez,295,1,SAR_2019-08-30_3_4,1,SAR_2019-08-30_3,1945,Wild William,2019-08-30 14:09:08.750,SAR_2019-08-30_3_1945,0.005499680720984324,79.19540238217427,0.13,1
3073760,SAR,2019-08-03,11,12,240,43.0718579603605,-73.7712151486298,550,T,FM ,90,ALW,80000.0,657,120,Manuel Franco,330,7,SAR_2019-08-03_11_12,0,SAR_2019-08-03_11,3168,Veterans Beach,2019-08-03 18:58:00.000,SAR_2019-08-03_11_3168,0.004132029764212946,59.50122860466642,0.95,4
4792663,AQU,2019-11-21,8,7,14,40.6704467939714,-73.8286418860625,600,D,FT ,40,MCL,41000.0,418,120,Pablo Fragoso,2040,10,AQU_2019-11-21_8_7,0,AQU_2019-11-21_8,1599,Queentigua,2019-11-21 16:18:03.500,AQU_2019-11-21_8_1599,0.003939921110868592,56.73486399650773,0.04,1
10054,BEL,2019-09-15,9,9,190,40.7157005357076,-73.7276732706508,700,T,FM ,117,AOC,70000.0,522,114,Benjamin Hernandez,1660,9,BEL_2019-09-15_9_9,0,BEL_2019-09-15_9,1711,Manoffire,2019-09-15 17:22:47.500,BEL_2019-09-15_9_1711,0.004954038752197231,71.33815803164012,0.58,3
2106661,AQU,2019-12-12,3,3,215,40.6741120888669,-73.830722875243,650,D,GD ,52,MSW,68000.0,130,124,Eric Cancel,1430,2,AQU_2019-12-12_3_3,0,AQU_2019-12-12_3,1459,Point of Humor,2019-12-12 13:30:53.750,AQU_2019-12-12_3_1459,0.0048404947417921345,69.70312428180674,0.69,3
4845095,AQU,2019-12-20,3,7,99,40.6707441088984,-73.8285885466132,800,D,FT ,54,MCL,35000.0,128,121,Samuel Camacho Jr.,2320,5,AQU_2019-12-20_3_7,0,AQU_2019-12-20_3,1843,Barker Lane,2019-12-20 13:28:24.750,AQU_2019-12-20_3_1843,0.004769928361697528,68.68696840844441,0.24,1
4341270,AQU,2019-11-08,3,4,204,40.6748819744775,-73.830367839027,650,D,FT ,44,MCL,35000.0,117,119,Luis Saez,80,9,AQU_2019-11-08_3_4,0,AQU_2019-11-08_3,1805,Always a Queen,2019-11-08 13:17:51.000,AQU_2019-11-08_3_1805,0.004080331979571864,58.75678050583485,0.61,3
1686609,BEL,2019-05-11,10,7,115,40.7131247959219,-73.7193523346407,1100,I,FM ,101,STK,700000.0,625,121,Tyler Baze,790,5,BEL_2019-05-11_10_7,0,BEL_2019-05-11_10,3019,Epical,2019-05-11 18:25:28.750,BEL_2019-05-11_10_3019,0.004839615562407694,69.69046409867079,0.23,1
3231842,AQU,2019-03-31,2,5,279,40.6712384963709,-73.8321121835582,600,D,GD ,45,MCL,33000.0,205,118,Reylu Gutierrez,530,1,AQU_2019-03-31_2_5,1,AQU_2019-03-31_2,647,Dark Money,2019-03-31 14:06:09.750,AQU_2019-03-31_2_647,0.003772434692323689,54.32305956946112,0.9,4
3713695,AQU,2019-01-05,3,6,213,40.6750590502544,-73.8274026593081,800,D,SY ,54,MSW,60000.0,126,120,Jose Lezcano,560,3,AQU_2019-01-05_3_6,0,AQU_2019-01-05_3,127,Cornetta's Choice,2019-01-05 13:26:53.250,AQU_2019-01-05_3_127,0.004548062056297739,65.49209361068745,0.52,3
5099983,SAR,2019-08-14,9,3,53,43.0716918045022,-73.7709058262431,850,I,FM ,20,CLM,52000.0,506,125,Tyler Gaffalione,2675,8,SAR_2019-08-14_9_3,0,SAR_2019-08-14_9,4127,Tactical Pursuit (IRE),2019-08-14 17:06:13.250,SAR_2019-08-14_9_4127,0.005182873760245861,74.6333821475404,0.14,1
4378323,BEL,2019-09-26,1,7,148,40.7171837080979,-73.7241126341637,800,T,FM ,168,MCL,46000.0,102,119,Luis Saez,380,5,BEL_2019-09-26_1_7,0,BEL_2019-09-26_1,1799,La Negrita,2019-09-26 13:02:37.000,BEL_2019-09-26_1_1799,0.004795950051563128,69.06168074250904,0.39,2
2398533,SAR,2019-08-30,11,10,128,43.0702956090394,-73.7695191930313,800,I,FM ,20,ALW,80000.0,623,118,Jose L. Ortiz,365,1,SAR_2019-08-30_11_10,1,SAR_2019-08-30_11,2038,Short Pour,2019-08-30 18:23:32.000,SAR_2019-08-30_11_2038,0.005070566375743493,73.0161558107063,0.35,2
4554532,BEL,2019-10-23,4,10,103,40.717641668034,-73.7247919725353,700,D,MY ,54,MSW,62000.0,257,119,Kendrick Carmouche,130,2,BEL_2019-10-23_4_10,0,BEL_2019-10-23_4,3671,Grudge,2019-10-23 14:57:25.750,BEL_2019-10-23_4_3671,0.004881888974397935,70.29920123133026,0.3,2
2592666,AQU,2019-03-02,6,5,149,40.6753807500486,-73.8297763535746,550,D,FT ,52,MCL,35000.0,347,122,Eric Cancel,365,6,AQU_2019-03-02_6_5,0,AQU_2019-03-02_6,1096,Mama's Funky Baby,2019-03-02 15:47:37.250,AQU_2019-03-02_6_1096,0.004299003814720388,61.905654931973594,0.52,3
1105409,AQU,2019-02-02,1,5,192,40.6749040720433,-73.8273046344021,800,D,FT ,54,SHP,45000.0,1220,123,Dylan Davis,210,1,AQU_2019-02-02_1_5,1,AQU_2019-02-02_1,762,Mia Bella Rossa,2019-02-02 12:20:48.000,AQU_2019-02-02_1_762,0.004793234364976199,69.02257485565727,0.51,3
4990236,AQU,2019-11-16,4,6,258,40.6723078054829,-73.8316142289018,600,D,FT ,38,MSW,70000.0,125,119,Eric Cancel,2725,8,AQU_2019-11-16_4_6,0,AQU_2019-11-16_4,2187,Bayern's Mirage,2019-11-16 13:26:04.500,AQU_2019-11-16_4_2187,0.0038820931187396827,55.90214090985143,0.85,4
479693,AQU,2019-02-21,1,3,29,40.6712290925606,-73.8321253809902,900,D,SY ,94,MCL,33000.0,1250,121,Manuel Franco,45,1,AQU_2019-02-21_1_3,1,AQU_2019-02-21_1,237,Run for Boston,2019-02-21 12:50:07.250,AQU_2019-02-21_1_237,0.004567020677926217,65.76509776213751,0.06,1
4254108,BEL,2019-05-16,1,1,165,40.7177175099847,-73.7259682500301,800,D,FT ,52,MSW,62000.0,305,118,Hector Rafael Diaz Jr.,215,5,BEL_2019-05-16_1_1,0,BEL_2019-05-16_1,832,Alphadora,2019-05-16 15:05:41.250,BEL_2019-05-16_1_832,0.004766773051532323,68.64153194206546,0.43,2
2279108,BEL,2019-06-08,9,6,259,40.714260928631,-73.7264232455749,800,D,FT ,46,STK,1200000.0,449,120,Luis Saez,1740,4,BEL_2019-06-08_9_6,0,BEL_2019-06-08_9,3326,Promises Fulfilled,2019-06-08 16:50:04.750,BEL_2019-06-08_9_3326,0.004878600818531847,70.2518517868586,0.71,3
4949787,AQU,2019-12-14,2,1,229,40.6730458356366,-73.8313244153317,600,D,SY ,48,AOC,70000.0,100,114,Heman K. Harkie,1470,5,AQU_2019-12-14_2_1,0,AQU_2019-12-14_2,2531,Wicked Amber,2019-12-14 13:00:57.250,AQU_2019-12-14_2_2531,0.00458005308209131,65.95276438211486,0.79,4
3626906,BEL,2019-06-29,3,3,197,40.7153701025887,-73.7275130381024,700,T,FM ,102,MSW,62000.0,234,118,Joel Rosario,185,3,BEL_2019-06-29_3_3,0,BEL_2019-06-29_3,1517,Qian B C,2019-06-29 14:34:49.250,BEL_2019-06-29_3_1517,0.005369445343914438,77.3200129523679,0.59,3
1859568,BEL,2019-09-28,7,5,143,40.7159318252669,-73.7274468214057,600,I,FM ,102,AOC,70000.0,413,121,Kendrick Carmouche,1060,5,BEL_2019-09-28_7_5,0,BEL_2019-09-28_7,2056,Stonefactor,2019-09-28 16:13:35.750,BEL_2019-09-28_7_2056,0.005177573119556618,74.5570529216153,0.52,3
3725476,AQU,2019-02-16,9,6,336,40.6728033447205,-73.8314040835241,800,D,FT ,54,MCL,35000.0,512,120,Luis R. Reyes,450,6,AQU_2019-02-16_9_6,0,AQU_2019-02-16_9,200,Tazmonian Devil,2019-02-16 17:13:24.000,AQU_2019-02-16_9_200,0.004096276433476556,58.98638064206241,0.84,4
4597845,AQU,2019-12-14,8,6,270,40.6731173200653,-73.8312800835815,700,D,SY ,48,STK,500000.0,347,120,Declan Cannon,3775,8,AQU_2019-12-14_8_6,0,AQU_2019-12-14_8,2759,Kierkegaard,2019-12-14 15:48:07.500,AQU_2019-12-14_8_2759,0.004038803938298105,58.158776711492706,0.79,4
4247879,SAR,2019-08-15,5,5,56,43.0699456574669,-73.7689756461507,700,D,FT ,32,MCL,52000.0,312,120,Joel Rosario,150,1,SAR_2019-08-15_5_5,1,SAR_2019-08-15_5,2720,Sneakiness,2019-08-15 15:12:14.000,SAR_2019-08-15_5_2720,0.005390447018169798,77.62243706164509,0.17,1
4648756,AQU,2019-12-28,6,13,131,40.6747258569662,-73.8271763514216,650,D,FT ,52,MSW,60000.0,252,119,Reylu Gutierrez,8400,10,AQU_2019-12-28_6_13,0,AQU_2019-12-28_6,2829,Cause,2019-12-28 14:52:32.750,AQU_2019-12-28_6_2829,0.004653400154802126,67.00896222915061,0.31,2
2218280,AQU,2019-02-16,1,2,84,40.6718412658053,-73.8281027018135,700,D,FT ,44,MSW,60000.0,1251,125,Hector Rafael Diaz Jr.,2625,3,AQU_2019-02-16_1_2,0,AQU_2019-02-16_1,757,Finlee,2019-02-16 12:51:21.000,AQU_2019-02-16_1_757,0.005180083204024147,74.59319813794771,0.24,1
5076439,BEL,2019-09-28,9,8,77,40.715863630815,-73.7189755786669,850,T,FM ,166,STK,200000.0,516,120,Joel Rosario,730,4,BEL_2019-09-28_9_8,0,BEL_2019-09-28_9,1729,Famished,2019-09-28 17:16:19.250,BEL_2019-09-28_9_1729,0.005005157966746534,72.07427472115009,0.19,1
4857570,BEL,2019-09-19,8,3,123,40.7166747771859,-73.7222870567293,800,T,FM ,142,MSW,62000.0,640,119,Michael J. Luzzi,3675,8,BEL_2019-09-19_8_3,0,BEL_2019-09-19_8,3763,Sweet Leaf,2019-09-19 18:40:30.750,BEL_2019-09-19_8_3763,0.004339909898937037,62.49470254469333,0.31,2
2799904,AQU,2019-04-17,3,6,318,40.6739494197357,-73.8300549288013,850,T,GD ,90,CLM,50000.0,230,118,Manuel Franco,1030,3,AQU_2019-04-17_3_6,0,AQU_2019-04-17_3,975,Eddy Dirt,2019-04-17 14:31:19.500,AQU_2019-04-17_3_975,0.004844878121496119,69.76624494954412,0.77,4
5208647,AQU,2019-11-21,7,6,284,40.6751306643026,-73.8289470334032,850,T,GD ,162,AOC,85000.0,349,121,John R. Velazquez,290,4,AQU_2019-11-21_7_6,0,AQU_2019-11-21_7,2342,Touriga (BRZ),2019-11-21 15:50:11.000,AQU_2019-11-21_7_2342,0.005051011518147514,72.7345658613242,0.69,3
3226244,BEL,2019-09-14,10,4,201,40.7170577650132,-73.7271074796843,800,T,FM ,108,STK,200000.0,553,124,Javier Castellano,210,2,BEL_2019-09-14_10_4,0,BEL_2019-09-14_10,3071,Seek and Destroy,2019-09-14 17:53:50.250,BEL_2019-09-14_10_3071,0.004769616042852047,68.68247101706949,0.55,3
1660512,AQU,2019-01-05,1,8,150,40.6725304203982,-73.8277877524884,800,D,SY ,54,MCL,33000.0,1226,121,Rajiv Maragh,220,1,AQU_2019-01-05_1_8,1,AQU_2019-01-05_1,113,Needs No Ice,2019-01-05 12:26:37.500,AQU_2019-01-05_1_113,0.004556588976300567,65.61488125872816,0.37,2
1106698,AQU,2019-12-20,2,3,105,40.6707479458953,-73.8285649584775,800,D,FT ,54,CLM,28000.0,1259,126,Eric Cancel,610,3,AQU_2019-12-20_2_3,0,AQU_2019-12-20_2,998,First Dawn,2019-12-20 12:59:26.250,AQU_2019-12-20_2_998,0.0047497654491468035,68.39662246771397,0.25,2
925281,BEL,2019-06-07,8,10,104,40.7176587995518,-73.7262976767398,650,D,FT ,52,STK,250000.0,445,120,Jose Lezcano,1080,7,BEL_2019-06-07_8_10,0,BEL_2019-06-07_8,356,Mr. Dougie Fresh,2019-06-07 16:45:26.000,BEL_2019-06-07_8_356,0.005348421681549455,77.01727221431214,0.35,2
4654394,AQU,2019-11-20,6,8,133,40.6754371161832,-73.8279843105317,600,D,FT ,38,MCL,41000.0,250,119,Manuel Franco,940,8,AQU_2019-11-20_6_8,0,AQU_2019-11-20_6,2317,Yo for the Yoyo,2019-11-20 14:50:33.250,AQU_2019-11-20_6_2317,0.004794530230684046,69.04123532185025,0.45,2
4165975,BEL,2019-06-28,2,4,304,40.7139093248163,-73.724991921296,800,D,FT ,52,MCL,30000.0,206,118,Eric Cancel,2220,5,BEL_2019-06-28_2_4,0,BEL_2019-06-28_2,1207,Big Wonder,2019-06-28 14:07:16.000,BEL_2019-06-28_2_1207,0.0039851797241296704,57.386588027467255,0.78,4
5077657,AQU,2019-11-11,5,4,154,40.6754514200393,-73.8280653076563,650,D,FT ,54,MSW,62000.0,154,119,Dylan Davis,560,5,AQU_2019-11-11_5_4,0,AQU_2019-11-11_5,2005,Noble Endeavor,2019-11-11 13:54:38.500,AQU_2019-11-11_5_2005,0.004858617924610664,69.96409811439356,0.47,2
4621607,AQU,2019-11-11,8,6,284,40.6755650690281,-73.828421362266,900,D,FT ,74,MSW,70000.0,322,119,Manuel Franco,940,7,AQU_2019-11-11_8_6,0,AQU_2019-11-11_8,2032,Hard Sting,2019-11-11 15:23:11.000,AQU_2019-11-11_8_2032,0.004520709966700948,65.09822352049365,0.57,3
1657192,BEL,2019-10-14,3,1,376,40.713373425857,-73.7229551370453,850,D,FT ,50,ALW,66000.0,223,122,Jose Lezcano,135,6,BEL_2019-10-14_3_1,0,BEL_2019-10-14_3,228,Smiles From Sadie,2019-10-14 14:24:34.000,BEL_2019-10-14_3_228,0.0029479763393118075,42.45085928609003,0.92,4
2758649,AQU,2019-04-10,6,12,176,40.6748870295472,-73.8300099197022,600,O,FM ,45,MSW,62000.0,422,118,Luis R. Reyes,2925,7,AQU_2019-04-10_6_12,0,AQU_2019-04-10_6,15,Caralicious,2019-04-10 16:22:44.000,AQU_2019-04-10_6_15,0.004866354938965713,70.07551112110627,0.61,3
4797999,BEL,2019-10-26,2,5,183,40.7167637980023,-73.7238561506754,850,I,GD ,78,MSW,62000.0,119,119,Jose Lezcano,670,4,BEL_2019-10-26_2_5,0,BEL_2019-10-26_2,2163,Aintitfunkynow,2019-10-26 13:19:45.750,BEL_2019-10-26_2_2163,0.004504701188206209,64.86769711016942,0.45,2
1271217,AQU,2019-11-29,2,6,362,40.6712165630944,-73.8314581615946,800,T,GD ,117,CLM,44000.0,1220,121,Javier Castellano,250,3,AQU_2019-11-29_2_6,0,AQU_2019-11-29_2,1883,Another,2019-11-29 12:21:30.500,AQU_2019-11-29_2_1883,0.004565554244853821,65.74398112589502,0.94,4
4522577,BEL,2019-10-03,1,7,66,40.7175081486752,-73.7242195282368,650,D,SY ,48,MCL,52000.0,115,119,Jose L. Ortiz,180,2,BEL_2019-10-03_1_7,0,BEL_2019-10-03_1,2181,Mr Phil,2019-10-03 13:15:16.500,BEL_2019-10-03_1_2181,0.005268141847472325,75.86124260360147,0.2,1
2600803,SAR,2019-07-18,6,2,420,43.0718974014653,-73.7716841222626,900,D,FT ,78,MSW,90000.0,404,118,Irad Ortiz Jr.,410,5,SAR_2019-07-18_6_2,0,SAR_2019-07-18_6,2220,Kelleycanrun,2019-07-18 16:05:45.000,SAR_2019-07-18_6_2220,0.0036312506412582175,52.29000923411833,0.92,4
2477250,BEL,2019-06-15,1,5,37,40.7145797478623,-73.7174750884964,850,T,FM ,90,MCL,52000.0,130,118,Junior Alvarado,1320,4,BEL_2019-06-15_1_5,0,BEL_2019-06-15_1,1461,Northern Haze,2019-06-15 13:30:09.250,BEL_2019-06-15_1_1461,0.005427614114907806,78.15764325467241,0.09,1
106819,AQU,2019-12-06,4,3,79,40.6723315407711,-73.8278793130644,650,D,FT ,52,CLM,28000.0,117,120,Dylan Davis,830,8,AQU_2019-12-06_4_3,0,AQU_2019-12-06_4,2139,Awesome Quick,2019-12-06 13:17:19.750,AQU_2019-12-06_4_2139,0.004944073373600138,71.19465657984199,0.24,1
91581,AQU,2019-11-15,7,7,117,40.674740759558,-73.8275378590928,600,O,FM ,45,CLM,48000.0,256,120,Hector Rafael Diaz Jr.,7325,10,AQU_2019-11-15_7_7,0,AQU_2019-11-15_7,2139,Awesome Quick,2019-11-15 14:56:29.250,AQU_2019-11-15_7_2139,0.005190224459907321,74.73923222266542,0.42,2
1682267,AQU,2019-03-23,9,10,42,40.6718167119596,-73.8280765313681,600,D,FT ,45,MCL,33000.0,615,114,Benjamin Hernandez,135,5,AQU_2019-03-23_9_10,0,AQU_2019-03-23_9,598,Icy Maneuvers,2019-03-23 18:15:10.500,AQU_2019-03-23_9_598,0.005122440927395719,73.76314935449835,0.13,1
3536170,AQU,2019-04-13,3,2,180,40.6745724417911,-73.830160941178,600,O,YL ,45,STK,100000.0,230,114,Manuel Franco,270,5,AQU_2019-04-13_3_2,0,AQU_2019-04-13_3,1432,Wonder Stone,2019-04-13 14:30:45.000,AQU_2019-04-13_3_1432,0.004615574625119074,66.46427460171466,0.63,3
4150116,BEL,2019-05-31,6,9,205,40.7174944910007,-73.7268101784007,850,D,FT ,44,MCL,41000.0,412,120,Samuel Camacho Jr.,1070,7,BEL_2019-05-31_6_9,0,BEL_2019-05-31_6,1209,Hurricane Andrew,2019-05-31 16:12:51.250,BEL_2019-05-31_6_1209,0.004606088410968704,66.32767311794933,0.5,2
856992,SAR,2019-07-31,7,4,348,43.0722049437465,-73.7697537345381,850,I,GD ,36,ALW,92000.0,439,123,Jose Lezcano,1840,5,SAR_2019-07-31_7_4,0,SAR_2019-07-31_7,4292,Silver Shaker,2019-07-31 16:40:27.000,SAR_2019-07-31_7_4292,0.004869382806030997,70.11911240684637,0.89,4
4125326,BEL,2019-07-06,6,6,112,40.7171805286933,-73.7230442902258,800,D,FT ,48,STK,250000.0,352,121,Luis Saez,1060,5,BEL_2019-07-06_6_6,0,BEL_2019-07-06_6,705,Majid,2019-07-06 15:52:28.000,BEL_2019-07-06_6_705,0.004950836874313667,71.2920509901168,0.3,2
5064741,SAR,2019-08-04,5,4,363,43.0712074412411,-73.7671158648245,1200,I,FM ,65,STK,200000.0,325,124,Jose L. Ortiz,120,3,SAR_2019-08-04_5_4,0,SAR_2019-08-04_5,2931,Santa Monica (GB),2019-08-04 15:26:30.750,SAR_2019-08-04_5_2931,0.004828354474058614,69.52830442644405,0.65,3
3106487,BEL,2019-06-14,6,1,21,40.7148035273567,-73.7175276314038,800,T,GD ,112,MSW,80000.0,416,118,Irad Ortiz Jr.,530,5,BEL_2019-06-14_6_1,0,BEL_2019-06-14_6,2584,Perceived,2019-06-14 16:16:05.250,BEL_2019-06-14_6_2584,0.004467847696656312,64.3370068318509,0.05,1
4998892,AQU,2019-11-27,1,6,58,40.668813007998,-73.8294255897053,800,D,FT ,54,MCL,41000.0,1220,119,Jose Lezcano,1380,6,AQU_2019-11-27_1_6,0,AQU_2019-11-27_1,2461,Little Mazzy,2019-11-27 12:20:14.500,AQU_2019-11-27_1_2461,0.00518612561982491,74.68020892547871,0.14,1
488652,SAR,2019-08-18,9,1,202,43.0710104779075,-73.7663302877559,900,D,FT ,81,STK,100000.0,542,124,Irad Ortiz Jr.,440,5,SAR_2019-08-18_9_1,0,SAR_2019-08-18_9,2954,Pacific Wind,2019-08-18 17:42:50.500,SAR_2019-08-18_9_2954,0.004853471276455496,69.88998638095914,0.47,2
291908,AQU,2019-04-06,7,5,178,40.6720962689771,-73.8279781785653,900,D,FT ,84,STK,150000.0,411,118,Kendrick Carmouche,1430,3,AQU_2019-04-06_7_5,0,AQU_2019-04-06_7,789,Tour de Force,2019-04-06 16:11:44.500,AQU_2019-04-06_7_789,0.004763601924566065,68.59586771375135,0.37,2
4118648,SAR,2019-08-07,2,2,1,43.0695903368342,-73.7698412990819,600,D,FT ,54,MCL,42000.0,123,119,Luis R. Reyes,2070,8,SAR_2019-08-07_2_2,0,SAR_2019-08-07_2,3419,The Confidante,2019-08-07 13:23:00.250,SAR_2019-08-07_2_3419,0.0,0.0,0.0,1
4395008,BEL,2019-09-26,6,7,204,40.7137111956531,-73.7243052336425,550,D,FT ,66,MCL,46000.0,339,119,Manuel Franco,460,5,BEL_2019-09-26_6_7,0,BEL_2019-09-26_6,3810,Little Farina,2019-09-26 15:39:51.000,BEL_2019-09-26_6_3810,0.0042501512441056695,61.20217791512164,0.75,3
3683731,BEL,2019-06-08,7,7,264,40.7142083692512,-73.7261287847822,800,D,FT ,46,STK,700000.0,324,115,Jose L. Ortiz,190,1,BEL_2019-06-08_7_7,1,BEL_2019-06-08_7,3310,Guarana,2019-06-08 15:25:06.000,BEL_2019-06-08_7_3310,0.004751025418232899,68.41476602255374,0.71,3
285264,AQU,2019-01-19,9,2,38,40.6681404574006,-73.8297813890031,800,D,FT ,54,CLM,25000.0,430,123,Ruben Silvera,5925,4,AQU_2019-01-19_9_2,0,AQU_2019-01-19_9,534,Kenyan,2019-01-19 16:30:09.500,AQU_2019-01-19_9_534,0.0050848076991208,73.22123086733951,0.09,1
4276561,AQU,2019-04-20,8,2,72,40.6721986282603,-73.8279573433739,650,D,SY ,38,STK,200000.0,515,118,Dylan Davis,2650,9,AQU_2019-04-20_8_2,0,AQU_2019-04-20_8,1195,Canarsie Princess,2019-04-20 17:15:18.000,AQU_2019-04-20_8_1195,0.005170203237545449,74.45092662065447,0.22,1
713476,AQU,2019-01-06,8,3,276,40.6727838129476,-73.8313650787171,700,D,MY ,45,AOC,67000.0,428,119,Manuel Franco,215,3,AQU_2019-01-06_8_3,0,AQU_2019-01-06_8,220,Tribecca,2019-01-06 16:29:09.000,AQU_2019-01-06_8_220,0.004153131350627299,59.80509144903311,0.81,4
3835876,BEL,2019-06-09,2,4,113,40.7157247071637,-73.7200242013097,850,I,FM ,54,MSW,62000.0,203,118,Eric Cancel,1080,5,BEL_2019-06-09_2_4,0,BEL_2019-06-09_2,3347,The Happy Giant,2019-06-09 14:03:28.250,BEL_2019-06-09_2_3347,0.004916060430997186,70.79127020635947,0.29,2
975877,AQU,2019-04-10,5,5,46,40.6717125798686,-73.8281100213977,600,D,FT ,50,AOC,70000.0,336,120,Dylan Davis,1290,3,AQU_2019-04-10_5_5,0,AQU_2019-04-10_5,221,Sicilia Mike,2019-04-10 15:36:11.500,AQU_2019-04-10_5_221,0.005112006464191518,73.61289308435786,0.16,1
3958184,BEL,2019-05-19,2,1,119,40.7159075302685,-73.7205836440221,850,I,FM ,70,MSW,80000.0,202,111,Benjamin Hernandez,4325,7,BEL_2019-05-19_2_1,0,BEL_2019-05-19_2,420,Binary,2019-05-19 14:02:29.750,BEL_2019-05-19_2_420,0.004796948313387054,69.07605571277358,0.3,2
506210,AQU,2019-01-12,6,4,264,40.6714072923075,-73.8320064567179,600,D,FT ,45,CLM,32000.0,300,123,Eric Cancel,170,2,AQU_2019-01-12_6_4,0,AQU_2019-01-12_6,349,Go Big Or Go Home,2019-01-12 15:01:06.000,AQU_2019-01-12_6_349,0.004162265570486325,59.93662421500308,0.91,4
3086841,AQU,2019-01-04,4,5,313,40.6716268832787,-73.8319100296313,700,D,FT ,45,MCL,46000.0,227,115,Reylu Gutierrez,930,2,AQU_2019-01-04_4_5,0,AQU_2019-01-04_4,81,Free Coffee,2019-01-04 14:28:18.250,AQU_2019-01-04_4_81,0.00418154858639364,60.21429964406841,0.84,4
4039257,BEL,2019-09-27,6,3,263,40.7150714861707,-73.7276510267947,850,D,FT ,48,ALW,66000.0,342,120,Javier Castellano,140,4,BEL_2019-09-27_6_3,0,BEL_2019-09-27_6,2260,Six Percent,2019-09-27 15:43:05.750,BEL_2019-09-27_6_2260,0.004717058945347938,67.9256488130103,0.66,3
2586239,BEL,2019-09-15,7,9,267,40.7170350141305,-73.7249189972471,1000,I,FM ,95,MSW,90000.0,416,119,Michael J. Luzzi,1440,10,BEL_2019-09-15_7_9,0,BEL_2019-09-15_7,2771,Overbold,2019-09-15 16:17:06.750,BEL_2019-09-15_7_2771,0.004726108974608199,68.05596923435807,0.58,3
4855749,SAR,2019-08-28,6,2,61,43.0707600984077,-73.7669664033409,600,D,FT ,50,MSW,78000.0,332,114,Joey R. Martinez,8550,9,SAR_2019-08-28_6_2,0,SAR_2019-08-28_6,4251,Sir Ludlow,2019-08-28 15:32:15.250,SAR_2019-08-28_6_4251,0.005167065935138122,74.40574946598895,0.2,1
3341982,BEL,2019-05-17,9,10,53,40.7164993805202,-73.7226721191662,600,I,GD ,138,MCL,41000.0,544,118,Joey R. Martinez,7800,6,BEL_2019-05-17_9_10,0,BEL_2019-05-17_9,1183,Roll Tide,2019-05-17 17:44:13.250,BEL_2019-05-17_9_1183,0.005391241009323004,77.63387053425126,0.17,1
2459200,AQU,2019-11-17,6,6,93,40.6702299669659,-73.8288288232439,800,D,FT ,54,ALW,66000.0,227,120,Irad Ortiz Jr.,540,2,AQU_2019-11-17_6_6,0,AQU_2019-11-17_6,1177,Pipes,2019-11-17 14:27:23.250,AQU_2019-11-17_6_1177,0.0048813334182422835,70.29120122268888,0.24,1
2627884,SAR,2019-08-22,9,6,310,43.0728699626146,-73.7680460042622,800,I,YL ,158,STK,100000.0,508,118,Irad Ortiz Jr.,90,1,SAR_2019-08-22_9_6,1,SAR_2019-08-22_9,3238,Catch a Bid,2019-08-22 17:09:17.500,SAR_2019-08-22_9_3238,0.004998072587098448,71.97224525421765,0.81,4
1117304,BEL,2019-05-18,10,11,104,40.7176101247905,-73.7264568883587,650,D,FT ,40,AOC,70000.0,457,114,Benjamin Hernandez,440,5,BEL_2019-05-18_10_11,0,BEL_2019-05-18_10,320,Archumybaby,2019-05-18 16:57:26.000,BEL_2019-05-18_10_320,0.005152096521720506,74.1901899127753,0.34,2
3385554,SAR,2019-08-28,5,7,215,43.0718746776488,-73.765448661726,800,I,FM ,27,CLM,65000.0,259,122,Jose Lezcano,1230,8,SAR_2019-08-28_5_7,0,SAR_2019-08-28_5,847,Floss Dancer,2019-08-28 14:59:53.750,SAR_2019-08-28_5_847,0.004914573577694713,70.76985951880386,0.58,3
2707076,SAR,2019-07-13,5,2,175,43.073271528668,-73.7675728322079,550,T,GD ,85,ALW,92000.0,324,120,Tyler Gaffalione,260,7,SAR_2019-07-13_5_2,0,SAR_2019-07-13_5,4051,Paper Clip,2019-07-13 15:24:43.750,SAR_2019-07-13_5_4051,0.00470153716875784,67.70213523011289,0.67,3
2935078,BEL,2019-05-12,9,10,197,40.7168623385257,-73.7276216886281,800,D,SY ,52,MSW,62000.0,552,118,Jose Lezcano,890,2,BEL_2019-05-12_9_10,0,BEL_2019-05-12_9,3034,Daddy Knows,2019-05-12 17:52:49.250,BEL_2019-05-12_9_3034,0.004713620365505556,67.87613326328001,0.47,2
1944115,BEL,2019-09-12,5,4,115,40.717359043553,-73.7270383165029,650,D,FT ,38,AOC,70000.0,509,121,Rajiv Maragh,1140,4,BEL_2019-09-12_5_4,0,BEL_2019-09-12_5,713,Five Star Bunt,2019-09-12 17:09:28.750,BEL_2019-09-12_5_713,0.005126653759705542,73.8238141397598,0.38,2
4848572,AQU,2019-11-16,2,4,331,40.673860055886,-73.8305117388309,850,O,FM ,171,MSW,62000.0,1230,119,Dylan Davis,3750,5,AQU_2019-11-16_2_4,0,AQU_2019-11-16_2,2164,Neuro,2019-11-16 12:31:22.750,AQU_2019-11-16_2_2164,0.004864733819574973,70.05216700187961,0.79,4
3089192,BEL,2019-05-26,4,7,93,40.7144354927116,-73.7178743199275,900,I,FM ,243,MSW,62000.0,308,118,Joel Rosario,430,7,BEL_2019-05-26_4_7,0,BEL_2019-05-26_4,1929,Pecatonica,2019-05-26 15:08:23.250,BEL_2019-05-26_4_1929,0.004483515260123084,64.56261974577241,0.21,1
4872860,SAR,2019-08-04,10,6,50,43.0701292628695,-73.7684427771106,650,D,FT ,72,STK,200000.0,635,120,Joel Rosario,1040,4,SAR_2019-08-04_10_6,0,SAR_2019-08-04_10,3527,Miss Peppina,2019-08-04 18:35:12.500,SAR_2019-08-04_10_3527,0.005435383925537977,78.26952852774687,0.15,1
90543,BEL,2019-04-28,6,3,83,40.7161783193,-73.7204872045148,800,T,YL ,112,AOC,70000.0,412,122,Manuel Franco,550,3,BEL_2019-04-28_6_3,0,BEL_2019-04-28_6,2893,Broken Border,2019-04-28 16:12:20.750,BEL_2019-04-28_6_2893,0.004895825959942929,70.49989382317818,0.21,1
3436110,AQU,2019-02-15,6,6,216,40.6734002307222,-73.8311011991928,600,D,FT ,45,MCL,46000.0,334,119,Luis R. Reyes,1680,3,AQU_2019-02-15_6_6,0,AQU_2019-02-15_6,402,Wisecrack,2019-02-15 15:34:54.000,AQU_2019-02-15_6_402,0.004649474886699894,66.95243836847847,0.74,3
2074931,AQU,2019-12-29,1,2,139,40.6722956774399,-73.8278869503878,800,D,FT ,54,CLM,36000.0,1231,123,Luis A. Rodriguez Castro,900,7,AQU_2019-12-29_1_2,0,AQU_2019-12-29_1,2620,Seven Lilies,2019-12-29 12:31:34.750,AQU_2019-12-29_1_2620,0.0048937443357874215,70.46991843533887,0.36,2
404674,AQU,2019-12-22,9,3,190,40.6743888076279,-73.8306026095113,600,D,FT ,52,STK,100000.0,347,122,Eric Cancel,4550,5,AQU_2019-12-22_9_3,0,AQU_2019-12-22_9,686,No Distortion,2019-12-22 15:47:47.500,AQU_2019-12-22_9_686,0.005073779137119747,73.06241957452436,0.68,3
2817043,BEL,2019-07-07,3,4,128,40.7162622621987,-73.7279099942504,600,D,FT ,60,MSW,62000.0,135,118,Manuel Franco,80,2,BEL_2019-07-07_3_4,0,BEL_2019-07-07_3,2189,Quiet Out East,2019-07-07 13:35:32.000,BEL_2019-07-07_3_2189,0.005061834818028186,72.89042137960588,0.44,2
1399326,AQU,2019-12-22,2,1,137,40.6722318451546,-73.8279063904318,800,D,FT ,54,AOC,75000.0,1230,120,Eric Cancel,450,5,AQU_2019-12-22_2_1,0,AQU_2019-12-22_2,578,Matty's Magnum,2019-12-22 12:30:34.250,AQU_2019-12-22_2_578,0.004957829894368717,71.39275047890952,0.33,2
3293413,BEL,2019-05-11,8,6,374,40.7135491541811,-73.7229962893162,850,T,FM ,175,MSW,80000.0,522,118,Joel Rosario,3050,9,BEL_2019-05-11_8_6,0,BEL_2019-05-11_8,1982,Pallas Athene,2019-05-11 17:23:33.500,BEL_2019-05-11_8_1982,0.004919845129560171,70.84576986566645,0.92,4
3876097,AQU,2019-01-06,5,4,98,40.6703880031737,-73.8286858484203,800,D,MY ,54,MCL,35000.0,257,120,Dylan Davis,480,6,AQU_2019-01-06_5_4,0,AQU_2019-01-06_5,201,Shock Therapy,2019-01-06 14:57:24.500,AQU_2019-01-06_5_201,0.004875023577417688,70.20033951481471,0.23,1
3741890,AQU,2019-03-08,4,3,300,40.6706028504653,-73.8323452804007,600,D,FT ,45,MCL,46000.0,229,122,Samuel Camacho Jr.,2310,4,AQU_2019-03-08_4_3,0,AQU_2019-03-08_4,816,El Fenomeno,2019-03-08 14:30:15.000,AQU_2019-03-08_4_816,0.0034522742319252164,49.71274893972311,0.99,4
3512806,SAR,2019-08-24,13,10,122,43.0698738448846,-73.7715290800881,850,I,FM ,28,MSW,90000.0,657,118,Joel Rosario,690,5,SAR_2019-08-24_13_10,0,SAR_2019-08-24_13,1851,Keepme in Thegame,2019-08-24 18:57:30.500,SAR_2019-08-24_13_1851,0.004628553267890484,66.65116705762297,0.29,2
1690707,AQU,2019-02-16,8,2,5,40.6702554980168,-73.8288083158302,600,D,FT ,48,STK,100000.0,442,118,Rajiv Maragh,90,2,AQU_2019-02-16_8_2,0,AQU_2019-02-16_8,163,Pauseforthecause,2019-02-16 16:42:01.250,AQU_2019-02-16_8_163,0.0009060971137754363,13.047798438366282,0.01,1
2514423,SAR,2019-07-24,2,4,154,43.0713416521551,-73.7654982165427,700,D,FT ,32,MSW,78000.0,125,119,Kendrick Carmouche,550,6,SAR_2019-07-24_2_4,0,SAR_2019-07-24_2,4187,Luna's in Charge,2019-07-24 13:25:38.500,SAR_2019-07-24_2_4187,0.004893209397756801,70.46221532769793,0.42,2
1846798,AQU,2019-12-29,8,7,25,40.6714159178738,-73.832077398522,900,D,FT ,82,STK,100000.0,350,121,Jose Lezcano,1020,5,AQU_2019-12-29_8_7,0,AQU_2019-12-29_8,592,Cartwheel,2019-12-29 15:50:06.250,AQU_2019-12-29_8_592,0.0044097659789895565,63.500630097449616,0.05,1
4986173,BEL,2019-10-05,11,11,125,40.7167430910396,-73.7226433599074,800,T,FM ,76,MSW,75000.0,557,119,Luis Saez,430,4,BEL_2019-10-05_11_11,0,BEL_2019-10-05_11,2026,Country Grammer,2019-10-05 17:57:31.250,BEL_2019-10-05_11_2026,0.004197207665913655,60.43979038915663,0.33,2
3006774,AQU,2019-02-23,2,3,176,40.674946657454,-73.8303009256742,600,D,FT ,45,MSW,60000.0,121,120,Jose Lezcano,1080,4,AQU_2019-02-23_2_3,0,AQU_2019-02-23_2,779,Wailin Josie,2019-02-23 13:21:44.000,AQU_2019-02-23_2_779,0.004712431528181161,67.85901400580872,0.61,3
1870132,AQU,2019-04-20,5,4,273,40.6754324727942,-73.828017045947,900,D,SY ,94,ALW,75000.0,338,124,Manuel Franco,85,1,AQU_2019-04-20_5_4,1,AQU_2019-04-20_5,1561,Candygram,2019-04-20 15:39:08.250,AQU_2019-04-20_5_1561,0.004639303569821636,66.80597140543156,0.61,3
3550213,AQU,2019-11-02,4,2,200,40.6747516384245,-73.8304185209408,650,D,FT ,40,ALW,66000.0,131,120,Junior Alvarado,430,6,AQU_2019-11-02_4_2,0,AQU_2019-11-02_4,1264,Red Zinger,2019-11-02 13:31:50.000,AQU_2019-11-02_4_1264,0.004792178536477813,69.00737092528051,0.66,3
5015493,BEL,2019-10-25,6,7,84,40.7169303459541,-73.7231567551354,700,T,GD ,82,MSW,75000.0,409,119,Irad Ortiz Jr.,1800,6,BEL_2019-10-25_6_7,0,BEL_2019-10-25_6,3981,Ill Will,2019-10-25 16:09:21.000,BEL_2019-10-25_6_3981,0.005146269804813438,74.10628518931351,0.23,1
2603455,SAR,2019-08-25,8,3,56,43.0714112627503,-73.7715243208987,800,I,FM ,38,STK,100000.0,446,120,Luis Saez,410,2,SAR_2019-08-25_8_3,0,SAR_2019-08-25_8,3337,Bourbon War,2019-08-25 16:46:14.000,SAR_2019-08-25_8_3337,0.005194768005772213,74.80465928311988,0.15,1
947395,AQU,2019-04-11,1,7,69,40.6693538312504,-73.8291892514103,800,D,FT ,54,MCL,30000.0,130,126,Samuel Camacho Jr.,1080,6,AQU_2019-04-11_1_7,0,AQU_2019-04-11_1,855,Huracan,2019-04-11 13:30:17.250,AQU_2019-04-11_1_855,0.005138033850063198,73.98768744091005,0.17,1
1795510,SAR,2019-08-14,10,5,81,43.0714411550679,-73.7659297567474,550,T,FM ,72,STR,60000.0,538,124,Irad Ortiz Jr.,1760,8,SAR_2019-08-14_10_5,0,SAR_2019-08-14_10,913,Overheated,2019-08-14 17:38:20.250,SAR_2019-08-14_10_913,0.0053475105577168395,77.00415203112249,0.32,2
2082166,AQU,2019-11-27,2,3,18,40.6672694100959,-73.8301687761542,800,D,FT ,54,CLM,28000.0,1250,125,Luis A. Rodriguez Castro,2550,6,AQU_2019-11-27_2_3,0,AQU_2019-11-27_2,518,Little Nanny,2019-11-27 12:50:04.500,AQU_2019-11-27_2_518,0.004162530604159679,59.940440699899376,0.04,1
265338,AQU,2019-12-08,8,5,12,40.6718544511965,-73.831887743611,900,D,FT ,72,AOC,70000.0,318,122,Dylan Davis,750,8,AQU_2019-12-08_8_5,0,AQU_2019-12-08_8,1880,Rapt,2019-12-08 15:18:03.000,AQU_2019-12-08_8_1880,0.0028168018458135267,40.561946579714785,0.02,1
3322701,AQU,2019-11-16,6,11,352,40.6711946956857,-73.8314164774836,800,T,FM ,65,MSW,70000.0,223,121,Manuel Franco,345,1,AQU_2019-11-16_6_11,1,AQU_2019-11-16_6,2196,Tiberius Mercurius,2019-11-16 14:24:28.000,AQU_2019-11-16_6_2196,0.00493152385607614,71.01394352749641,0.91,4
2734535,AQU,2019-04-20,6,3,270,40.6753251470352,-73.828598142625,850,O,YL ,22,STK,100000.0,410,122,Manuel Franco,115,2,AQU_2019-04-20_6_3,0,AQU_2019-04-20_6,1565,Forty Under,2019-04-20 16:11:07.500,AQU_2019-04-20_6_1565,0.00478966605432108,68.97119118222356,0.66,3
2904659,BEL,2019-06-23,9,1,89,40.7169399627242,-73.7245026454457,600,I,FM ,124,MCL,41000.0,551,113,Heman K. Harkie,8450,12,BEL_2019-06-23_9_1,0,BEL_2019-06-23_9,2779,La Rubia,2019-06-23 17:51:22.250,BEL_2019-06-23_9_2779,0.005121753684439464,73.75325305592828,0.31,2
4618501,BEL,2019-10-06,6,5,142,40.7155686953257,-73.7278901977519,600,D,FT ,65,MSW,75000.0,340,119,Eric Cancel,6225,7,BEL_2019-10-06_6_5,0,BEL_2019-10-06_6,1678,Bay Jewel,2019-10-06 15:40:35.500,BEL_2019-10-06_6_1678,0.004878411134123805,70.2491203313828,0.49,2
5167053,BEL,2019-06-29,7,2,78,40.7160932116036,-73.7201961798397,800,T,FM ,76,STK,100000.0,445,121,Irad Ortiz Jr.,1310,5,BEL_2019-06-29_7_2,0,BEL_2019-06-29_7,3005,Binti Al Nar (GER),2019-06-29 16:45:19.500,BEL_2019-06-29_7_3005,0.004794941580914055,69.0471587651624,0.22,1
1766237,AQU,2019-01-18,1,1,8,40.6703058074161,-73.8287908124672,600,D,FT ,48,STR,55000.0,1251,122,Manuel Franco,285,2,AQU_2019-01-18_1_1,0,AQU_2019-01-18_1,441,Love to Learn,2019-01-18 12:51:02.000,AQU_2019-01-18_1_441,0.0019952361237501803,28.731400182002595,0.02,1
3071401,AQU,2019-12-06,10,1,279,40.6715808800556,-73.8319103375516,600,D,FT ,48,MCL,33000.0,417,122,Junior Alvarado,970,4,AQU_2019-12-06_10_1,0,AQU_2019-12-06_10,2043,Fusi,2019-12-06 16:18:09.750,AQU_2019-12-06_10_2043,0.003779125080861024,54.41940116439874,0.9,4
19845,BEL,2019-07-07,1,3,226,40.7170067173409,-73.7265289791955,850,I,FM ,44,CLM,39000.0,1232,117,Heman K. Harkie,255,5,BEL_2019-07-07_1_3,0,BEL_2019-07-07_1,532,River Knight,2019-07-07 12:32:56.500,BEL_2019-07-07_1_532,0.0046816608200457265,67.41591580865845,0.58,3
4250567,SAR,2019-07-26,3,10,66,43.0713734071742,-73.7653585163995,550,D,MY ,45,ALW,92000.0,212,120,Joel Rosario,220,1,SAR_2019-07-26_3_10,1,SAR_2019-07-26_3,3245,Topper T,2019-07-26 14:12:16.500,SAR_2019-07-26_3_3245,0.005511593616976262,79.36694808445817,0.25,2
270451,BEL,2019-05-04,10,6,244,40.7171672815197,-73.7253229174428,900,I,SF ,175,STK,150000.0,456,119,Dylan Davis,360,2,BEL_2019-05-04_10_6,0,BEL_2019-05-04_10,1895,Dr. Edgar,2019-05-04 16:57:01.000,BEL_2019-05-04_10_1895,0.004783435293888705,68.88146823199735,0.54,3
4989825,AQU,2019-11-11,2,7,235,40.6727846901557,-73.8313922009409,600,D,FT ,38,MCL,52000.0,1228,114,Declan Carroll,2825,3,AQU_2019-11-11_2_7,0,AQU_2019-11-11_2,1993,Halo City,2019-11-11 12:28:58.750,AQU_2019-11-11_2_1993,0.004217955996389837,60.73856634801365,0.79,4
3154872,SAR,2019-07-28,4,3,17,43.0689466440532,-73.7714997010917,700,D,FT ,32,ALW,80000.0,240,118,Irad Ortiz Jr.,370,3,SAR_2019-07-28_4_3,0,SAR_2019-07-28_4,2513,Bustin Hoffman,2019-07-28 14:40:04.250,SAR_2019-07-28_4_2513,0.004185705007727855,60.27415211128112,0.05,1
1945068,AQU,2019-04-07,8,4,182,40.6716374160026,-73.8290693068435,850,T,FM ,81,ALW,75000.0,519,121,Eric Cancel,360,6,AQU_2019-04-07_8_4,0,AQU_2019-04-07_8,1359,Wegetsdamunnys,2019-04-07 17:19:45.500,AQU_2019-04-07_8_1359,0.0049438497576284905,71.19143650985026,0.46,2
4636527,BEL,2019-09-18,8,8,260,40.7148400828139,-73.7270549550839,800,T,FM ,140,MSW,62000.0,640,119,Abner Adorno,3625,8,BEL_2019-09-18_8_8,0,BEL_2019-09-18_8,3739,It's Pazible,2019-09-18 18:41:05.000,BEL_2019-09-18_8_3739,0.004268115120605169,61.46085773671444,0.67,3
860454,AQU,2019-04-05,5,6,97,40.6731854025962,-73.8274652062802,650,D,FT ,36,ALW,66000.0,338,126,Jose Lezcano,170,1,AQU_2019-04-05_5_6,1,AQU_2019-04-05_5,595,Spring Drama,2019-04-05 15:38:24.250,AQU_2019-04-05_5_595,0.004912639069199646,70.7420025964749,0.31,2
4525533,AQU,2019-11-09,9,12,154,40.6753628551155,-73.8288890860579,600,O,FM ,56,STK,100000.0,351,120,Declan Carroll,4025,11,AQU_2019-11-09_9_12,0,AQU_2019-11-09_9,1907,Prince of Thieves,2019-11-09 15:51:38.500,AQU_2019-11-09_9_1907,0.00495447359899961,71.34441982559439,0.54,3
2056885,AQU,2019-03-23,9,12,261,40.6722088959384,-73.8316783142715,600,D,FT ,45,MCL,33000.0,615,121,Oscar Gomez,9750,7,AQU_2019-03-23_9_12,0,AQU_2019-03-23_9,605,Sweet Breeze,2019-03-23 18:16:05.250,AQU_2019-03-23_9_605,0.003945660523466204,56.81751153791333,0.85,4
5037748,AQU,2019-04-14,3,4,66,40.6707557143718,-73.8315744970368,800,T,GD ,86,STK,100000.0,230,118,Manuel Franco,260,4,AQU_2019-04-14_3_4,0,AQU_2019-04-14_3,1456,Thais (FR),2019-04-14 14:30:16.500,AQU_2019-04-14_3_1456,0.005033913350130033,72.48835224187248,0.18,1
884650,SAR,2019-08-09,8,5,94,43.0698368261119,-73.7713025541104,800,I,FM ,30,AOC,95000.0,454,126,Joel Rosario,190,2,SAR_2019-08-09_8_5,0,SAR_2019-08-09_8,2340,Dream Passage,2019-08-09 16:54:23.500,SAR_2019-08-09_8_2340,0.0051060741652336015,73.52746797936386,0.25,2
3567133,BEL,2019-09-20,6,2,225,40.7139055954697,-73.7249905247022,650,D,FT ,45,MSW,75000.0,538,121,Manuel Franco,1080,1,BEL_2019-09-20_6_2,1,BEL_2019-09-20_6,2709,Lifetime Memory,2019-09-20 17:38:56.250,BEL_2019-09-20_6_2709,0.0048418478510347624,69.72260905490057,0.73,3
677329,AQU,2019-11-02,1,3,188,40.6744947168831,-73.8305325107147,600,D,FT ,40,CLM,48000.0,1200,115,Joey R. Martinez,2900,6,AQU_2019-11-02_1_3,0,AQU_2019-11-02_1,516,Princess Mikayah,2019-11-02 12:00:47.000,AQU_2019-11-02_1_516,0.0046865104364701695,67.48575028517044,0.65,3
3027287,AQU,2019-04-06,3,2,218,40.6731401848749,-73.8311904717857,600,D,FT ,45,AOC,66000.0,202,120,Junior Alvarado,430,2,AQU_2019-04-06_3_2,0,AQU_2019-04-06_3,1124,Oh My Papa,2019-04-06 14:02:54.500,AQU_2019-04-06_3_1124,0.0030716073623721666,44.2311460181592,0.76,4
1573263,BEL,2019-06-28,2,3,284,40.7141602019741,-73.7259515315829,800,D,FT ,52,MCL,30000.0,206,125,Kendrick Carmouche,180,3,BEL_2019-06-28_2_3,0,BEL_2019-06-28_2,589,Power Boss,2019-06-28 14:07:11.000,BEL_2019-06-28_2_589,0.004302505704181676,61.95608214021614,0.73,3
4644103,SAR,2019-08-15,4,7,99,43.0720570017574,-73.764850516755,550,T,FM ,90,MSW,90000.0,240,119,Irad Ortiz Jr.,560,4,SAR_2019-08-15_4_7,0,SAR_2019-08-15_4,2479,Aye Aye Sir,2019-08-15 14:40:24.750,SAR_2019-08-15_4_2479,0.005291283287150815,76.19447933497175,0.38,2
2510480,AQU,2019-04-11,6,4,240,40.6723114033011,-73.8312690722304,600,O,FM ,47,ALW,75000.0,410,120,Dylan Davis,3975,9,AQU_2019-04-11_6_4,0,AQU_2019-04-11_6,729,Sheza Diva,2019-04-11 16:11:00.000,AQU_2019-04-11_6_729,0.004464244745690421,64.28512433794207,0.85,4
4616784,AQU,2019-11-23,6,5,423,40.6703378959674,-73.8318161435527,850,T,GD ,162,MSW,70000.0,223,114,Declan Carroll,6400,7,AQU_2019-11-23_6_5,0,AQU_2019-11-23_6,2401,Lord of the Nile,2019-11-23 14:24:45.750,AQU_2019-11-23_6_2401,0.00365745773507949,52.66739138514466,0.98,4
3441996,AQU,2019-03-01,7,3,70,40.6695402797442,-73.829120658629,800,D,FT ,54,AOC,64000.0,407,120,Angel R. Rodriguez,660,4,AQU_2019-03-01_7_3,0,AQU_2019-03-01_7,907,Diamond N Simon,2019-03-01 16:07:17.500,AQU_2019-03-01_7_907,0.005089071904997945,73.2826354319704,0.18,1
4440704,AQU,2019-12-29,3,7,202,40.6749655777961,-73.8273454625426,800,D,FT ,54,MSW,60000.0,127,119,Manuel Franco,1120,3,AQU_2019-12-29_3_7,0,AQU_2019-12-29_3,1629,Zipalong,2019-12-29 13:27:50.500,AQU_2019-12-29_3_1629,0.004530557359469446,65.24002597636002,0.5,2
3268542,BEL,2019-05-11,8,1,57,40.7152981446149,-73.7179028616586,850,T,FM ,175,MSW,80000.0,522,118,Kendrick Carmouche,4725,8,BEL_2019-05-11_8_1,0,BEL_2019-05-11_8,3012,Elite Mom,2019-05-11 17:22:14.250,BEL_2019-05-11_8_3012,0.004600301993296155,66.24434870346462,0.14,1
4729808,SAR,2019-08-30,7,2,194,43.0731288962363,-73.7686364843757,550,D,FT ,52,MSW,90000.0,415,119,Dylan Davis,3350,3,SAR_2019-08-30_7_2,0,SAR_2019-08-30_7,2059,Kansas Kis,2019-08-30 16:15:48.500,SAR_2019-08-30_7_2059,0.004795050158374231,69.04872228058892,0.73,3
4882026,SAR,2019-07-14,4,1,177,43.0734916107819,-73.7676243397533,550,D,FT ,45,MSW,78000.0,249,119,Luis Saez,810,6,SAR_2019-07-14_4_1,0,SAR_2019-07-14_4,1672,Titan's Will,2019-07-14 14:49:44.250,SAR_2019-07-14_4_1672,0.0045240560662420035,65.14640735388485,0.65,3
3028218,SAR,2019-08-08,6,8,96,43.0723180611431,-73.7645651242488,550,T,FM ,45,MSW,90000.0,350,119,Jose L. Ortiz,175,7,SAR_2019-08-08_6_8,0,SAR_2019-08-08_6,3790,Erin More,2019-08-08 15:50:24.000,SAR_2019-08-08_6_3790,0.005102078524541703,73.46993075340052,0.37,2
4831874,BEL,2019-07-06,5,3,189,40.7144345696285,-73.7261262704755,600,T,FM ,156,MSW,80000.0,318,118,Ricardo Santana Jr.,470,4,BEL_2019-07-06_5_3,0,BEL_2019-07-06_5,3565,Silver Prospector,2019-07-06 15:18:47.250,BEL_2019-07-06_5_3565,0.004533588487889736,65.2836742256122,0.66,3
111561,AQU,2019-02-09,2,4,116,40.6731273148637,-73.8275061727256,700,D,FT ,44,CLM,20000.0,124,118,Reylu Gutierrez,440,1,AQU_2019-02-09_2_4,1,AQU_2019-02-09_2,275,Not About the Nail,2019-02-09 13:24:29.000,AQU_2019-02-09_2_275,0.005027372932714988,72.39417023109583,0.32,2
3931360,SAR,2019-08-16,10,1,372,43.0714221025557,-73.7716336572284,800,I,FM ,68,MCL,48000.0,550,118,Eric Cancel,900,6,SAR_2019-08-16_10_1,0,SAR_2019-08-16_10,645,Talespin,2019-08-16 17:51:33.000,SAR_2019-08-16_10_645,0.004021042276313712,57.90300877891745,0.95,4
4073655,BEL,2019-06-26,1,6,12,40.7134540509189,-73.71742701869,850,T,FM ,58,MSW,62000.0,132,118,Jose L. Ortiz,480,6,BEL_2019-06-26_1_6,0,BEL_2019-06-26_1,2088,Alphalfa,2019-06-26 13:32:03.000,BEL_2019-06-26_1_2088,0.0036264191601490386,52.22043590614616,0.03,1
3355074,AQU,2019-02-23,4,5,51,40.672072980875,-73.8279414452112,600,D,FT ,45,MSW,60000.0,226,120,Junior Alvarado,820,2,AQU_2019-02-23_4_5,0,AQU_2019-02-23_4,1040,Behind the Couch,2019-02-23 14:26:12.750,AQU_2019-02-23_4_1040,0.005544846445898486,79.8457888209382,0.17,1
4912751,SAR,2019-08-25,7,4,84,43.0716265038862,-73.7654487723207,550,T,FM ,56,MCL,60000.0,415,119,Luis Saez,1220,6,SAR_2019-08-25_7_4,0,SAR_2019-08-25_7,4126,Larry's Baby,2019-08-25 16:15:21.000,SAR_2019-08-25_7_4126,0.005289455484117268,76.16815897128866,0.32,2
5036181,SAR,2019-07-12,4,7,219,43.0736782730884,-73.767217104892,700,D,FT ,27,CLM,34000.0,248,122,Rajiv Maragh,1610,2,SAR_2019-07-12_4_7,0,SAR_2019-07-12_4,870,Orpheus (ARG),2019-07-12 14:48:54.750,SAR_2019-07-12_4_870,0.004504416155381745,64.86359263749712,0.68,3
4555955,AQU,2019-11-15,6,12,254,40.6740540901697,-73.8278161455606,850,T,FM ,135,MSW,62000.0,229,119,Joey R. Martinez,9175,12,AQU_2019-11-15_6_12,0,AQU_2019-11-15_6,2130,Sophie Fatale,2019-11-15 14:30:03.500,AQU_2019-11-15_6_2130,0.00479889113394307,69.1040323287802,0.6,3
2401461,SAR,2019-08-16,10,11,139,43.0704224410264,-73.769107813257,800,I,FM ,68,MCL,48000.0,550,118,Dylan Davis,5200,10,SAR_2019-08-16_10_11,0,SAR_2019-08-16_10,3421,Burkey's Bro,2019-08-16 17:50:34.750,SAR_2019-08-16_10_3421,0.004821368116933937,69.42770088384869,0.35,2
143695,AQU,2019-03-29,7,3,285,40.6727838076264,-73.8313500743046,700,D,FT ,44,CLM,46000.0,452,119,Reylu Gutierrez,1670,6,AQU_2019-03-29_7_3,0,AQU_2019-03-29_7,286,Gypsum Johnny,2019-03-29 16:53:11.250,AQU_2019-03-29_7_286,0.004480269496979226,64.51588075650086,0.84,4
739324,AQU,2019-03-02,9,7,206,40.6749288006002,-73.8272865050099,800,D,FT ,54,CLM,25000.0,522,121,Kendrick Carmouche,1450,4,AQU_2019-03-02_9_7,0,AQU_2019-03-02_9,536,Borsa Vento,2019-03-02 17:22:51.500,AQU_2019-03-02_9_536,0.004659341040497685,67.09451098316667,0.49,2
159059,BEL,2019-09-27,6,6,111,40.716909847195,-73.7220722954159,850,D,FT ,48,ALW,66000.0,342,119,Benjamin Hernandez,4650,5,BEL_2019-09-27_6_6,0,BEL_2019-09-27_6,2596,Kerry Boy,2019-09-27 15:42:27.750,BEL_2019-09-27_6_2596,0.005169484481392697,74.44057653205483,0.28,2
890471,BEL,2019-06-07,4,7,54,40.7172114522711,-73.7231991613315,650,D,FT ,52,AOC,80000.0,233,125,Edwin Rivera,910,5,BEL_2019-06-07_4_7,0,BEL_2019-06-07_4,218,Fiery Opal,2019-06-07 14:33:13.500,BEL_2019-06-07_4_218,0.0054956442638970995,79.13727740011824,0.17,1
1533057,AQU,2019-11-15,2,9,29,40.6723983750508,-73.8308859979032,800,T,FM ,72,AOC,80000.0,1229,121,Joel Rosario,530,6,AQU_2019-11-15_2_9,0,AQU_2019-11-15_2,2102,Arabella Bella,2019-11-15 12:29:07.250,AQU_2019-11-15_2_2102,0.004761637368943514,68.56757811278659,0.08,1
4550707,AQU,2019-11-22,4,4,211,40.673392129886,-73.8277032839816,850,O,GD ,45,MSW,70000.0,219,119,Joel Rosario,1170,4,AQU_2019-11-22_4_4,0,AQU_2019-11-22_4,2365,Jazzy Lady,2019-11-22 14:19:52.750,AQU_2019-11-22_4_2365,0.004804163054039344,69.17994797816655,0.5,2
3154269,BEL,2019-06-15,4,5,189,40.7139370931933,-73.725092504444,550,D,FT ,70,STR,55000.0,315,111,Benjamin Hernandez,780,4,BEL_2019-06-15_4_5,0,BEL_2019-06-15_4,2513,Bustin Hoffman,2019-06-15 15:15:47.250,BEL_2019-06-15_4_2513,0.0047959362475191655,69.06148196427598,0.72,3
3213820,AQU,2019-03-31,4,4,258,40.6719877020833,-73.8317827393942,600,D,GD ,45,MSW,60000.0,320,120,Junior Alvarado,430,3,AQU_2019-03-31_4_4,0,AQU_2019-03-31_4,400,I Saw It All,2019-03-31 15:21:04.500,AQU_2019-03-31_4_400,0.004137516426147472,59.5802365365236,0.88,4
870383,AQU,2019-02-02,8,7,378,40.6708248678044,-73.8323085081469,800,D,FT ,54,AOC,64000.0,400,123,Joel Sone,4775,5,AQU_2019-02-02_8_7,0,AQU_2019-02-02_8,642,Fleet Irish,2019-02-02 16:01:34.500,AQU_2019-02-02_8_642,0.0038215377709459545,55.03014390162174,0.99,4
3082781,BEL,2019-06-16,6,2,151,40.716843506942,-73.7230097847996,850,T,FM ,102,MCL,41000.0,413,118,Dylan Davis,400,2,BEL_2019-06-16_6_2,0,BEL_2019-06-16_6,3407,Claddagh's Run,2019-06-16 16:13:37.750,BEL_2019-06-16_6_3407,0.0048478541445648475,69.8090996817338,0.38,2
534396,BEL,2019-10-14,2,1A,228,40.7145349749564,-73.726396686262,700,T,FM ,126,CLM,50000.0,150,123,Luis Saez,1630,6,BEL_2019-10-14_2_1A,0,BEL_2019-10-14_2,485,Questeq,2019-10-14 13:50:57.000,BEL_2019-10-14_2_485,0.004955417616376989,71.35801367582863,0.7,3
3237690,AQU,2019-12-31,6,2,13,40.668735481081,-73.8295084586846,700,D,SY ,48,ALW,64000.0,304,120,Oscar Gomez,2900,7,AQU_2019-12-31_6_2,0,AQU_2019-12-31_6,1215,High Command,2019-12-31 15:04:03.250,AQU_2019-12-31_6_1215,0.0036280991777961056,52.24462816026392,0.04,1
639789,AQU,2019-04-12,1,2,24,40.6673610271099,-73.8301337980668,800,D,FT ,54,ALW,75000.0,130,126,Dylan Davis,480,4,AQU_2019-04-12_1_2,0,AQU_2019-04-12_1,1234,Pink Twist,2019-04-12 13:30:06.000,AQU_2019-04-12_1_1234,0.0043505693804802145,62.64819907891509,0.06,1
3440555,BEL,2019-06-16,9,9,219,40.7141407006389,-73.7258707973739,650,D,FT ,56,MCL,33000.0,556,118,Joel Rosario,1320,6,BEL_2019-06-16_9_9,0,BEL_2019-06-16_9,402,Wisecrack,2019-06-16 17:56:54.750,BEL_2019-06-16_9_402,0.004523638755720836,65.14039808238003,0.58,3
2646786,AQU,2019-02-28,4,5,279,40.6750047046471,-73.8302765306101,800,D,FT ,54,SOC,60000.0,227,115,Benjamin Hernandez,1060,4,AQU_2019-02-28_4_5,0,AQU_2019-02-28_4,982,Mend Up,2019-02-28 14:28:09.750,AQU_2019-02-28_4_982,0.004169297157893747,60.03787907366996,0.7,3
2204656,AQU,2019-02-18,2,1,220,40.6735052224848,-73.8273724393016,900,D,FT ,96,CLM,28000.0,121,122,Manuel Franco,430,2,AQU_2019-02-18_2_1,0,AQU_2019-02-18_2,344,Proximate to Power,2019-02-18 13:21:55.000,AQU_2019-02-18_2_344,0.00459739381173623,66.20247088900172,0.44,2
1038947,BEL,2019-09-28,1,7,154,40.7157163774312,-73.727929130349,650,D,FT ,44,AOC,70000.0,100,123,Silvestre Gonzalez,1610,6,BEL_2019-09-28_1_7,0,BEL_2019-09-28_1,2000,Bertranda,2019-09-28 13:00:38.500,BEL_2019-09-28_1_2000,0.004801543168848936,69.14222163142468,0.51,3
3411119,AQU,2019-02-16,9,10,15,40.6670594595941,-73.8301484624852,800,D,FT ,54,MCL,35000.0,512,120,Carlos J. Hernandez,2280,8,AQU_2019-02-16_9_10,0,AQU_2019-02-16_9,965,Inflection,2019-02-16 17:12:03.750,AQU_2019-02-16_9_965,0.005130434044844331,73.87825024575837,0.04,1
1556418,SAR,2019-07-26,4,5,131,43.0695076013248,-73.7701457292624,900,D,MY ,77,AOC,95000.0,249,122,Eric Cancel,2050,3,SAR_2019-07-26_4_5,0,SAR_2019-07-26_4,3949,Held Accountable,2019-07-26 14:49:32.750,SAR_2019-07-26_4_3949,0.004658608914850783,67.08396837385126,0.3,2
3050477,SAR,2019-08-22,9,8,262,43.0733724160342,-73.7653050446043,800,I,YL ,158,STK,100000.0,508,118,Javier Castellano,345,4,SAR_2019-08-22_9_8,0,SAR_2019-08-22_9,3921,New and Improved,2019-08-22 17:09:05.500,SAR_2019-08-22_9_3921,0.004959096901751059,71.41099538521524,0.69,3
4956872,BEL,2019-10-20,2,1,7,40.7163969569661,-73.7209460891529,600,T,FM ,156,MSW,75000.0,119,119,Manuel Franco,550,4,BEL_2019-10-20_2_1,0,BEL_2019-10-20_2,2553,Menelik,2019-10-20 13:19:01.750,BEL_2019-10-20_2_2553,0.003117025477201271,44.8851668716983,0.02,1
2540637,AQU,2019-01-01,3,5,231,40.6725592548918,-73.8315083459712,550,D,MY ,54,MCL,35000.0,121,120,Jose Lezcano,1060,7,AQU_2019-01-01_3_5,0,AQU_2019-01-01_3,18,Ladyberg,2019-01-01 13:21:57.750,AQU_2019-01-01_3_18,0.00476281965967685,68.58460309934664,0.83,4
4661198,AQU,2019-11-08,5,6,131,40.6750080528168,-73.8278084861832,600,O,FM ,72,MSW,70000.0,220,119,John R. Velazquez,1170,3,AQU_2019-11-08_5_6,0,AQU_2019-11-08_5,1810,Henni Penny,2019-11-08 14:20:32.750,AQU_2019-11-08_5_1810,0.004964008816571268,71.48172695862625,0.45,2
319101,AQU,2019-11-22,5,5,126,40.671832533942,-73.8280714585591,800,D,GD ,54,CLM,57000.0,248,121,Irad Ortiz Jr.,95,1,AQU_2019-11-22_5_5,1,AQU_2019-11-22_5,223,Playthatfunnymusic,2019-11-22 14:48:31.500,AQU_2019-11-22_5_223,0.0050819751650369276,73.18044237653176,0.33,2
1221170,SAR,2019-08-24,4,2,279,43.0724278092051,-73.7703472133577,650,D,FT ,80,ALW,92000.0,115,122,Tyler Gaffalione,2950,12,SAR_2019-08-24_4_2,0,SAR_2019-08-24_4,328,Dark N Cloudy,2019-08-24 13:16:09.750,SAR_2019-08-24_4_328,0.003542225124680122,51.00804179539376,0.89,4
3571790,SAR,2019-07-11,2,2,17,43.0700699703102,-73.76924649085,550,T,FM ,85,MSW,90000.0,136,119,Javier Castellano,90,1,SAR_2019-07-11_2_2,1,SAR_2019-07-11_2,2970,Sayyaaf,2019-07-11 13:36:04.250,SAR_2019-07-11_2_2970,0.004689051337538853,67.52233926055949,0.06,1
5043524,AQU,2019-11-09,6,3,252,40.6753018953319,-73.8284425593034,850,O,FM ,35,AOC,80000.0,223,125,Jose Lezcano,2625,1,AQU_2019-11-09_6_3,1,AQU_2019-11-09_6,1876,Devamani (FR),2019-11-09 14:24:03.000,AQU_2019-11-09_6_1876,0.004851882643961254,69.86711007304206,0.64,3
3296697,AQU,2019-12-06,10,6,30,40.6710267854938,-73.8284013826081,600,D,FT ,48,MCL,33000.0,417,122,Keivan Serrano,10900,9,AQU_2019-12-06_10_6,0,AQU_2019-12-06_10,2633,Aris Gal Suz,2019-12-06 16:17:07.500,AQU_2019-12-06_10_2633,0.004749209461984118,68.38861625257131,0.09,1
4653683,AQU,2019-11-27,7,2,143,40.675394178187,-73.8284061105584,600,O,YL ,52,AOC,75000.0,317,122,Jose L. Ortiz,480,5,AQU_2019-11-27_7_2,0,AQU_2019-11-27_7,2479,Aye Aye Sir,2019-11-27 15:17:35.750,AQU_2019-11-27_7_2479,0.004978047544484056,71.68388464057041,0.49,2
2171005,BEL,2019-05-17,4,11,348,40.7138763189996,-73.7238697705044,850,T,GD ,92,ALW,66000.0,304,123,Reylu Gutierrez,4550,2,BEL_2019-05-17_4_11,0,BEL_2019-05-17_4,1473,Riendo,2019-05-17 15:05:27.000,BEL_2019-05-17_4_1473,0.004349078143559316,62.626725267254145,0.85,4
2693549,BEL,2019-10-26,10,5,210,40.7144992126521,-73.7251610169131,600,I,GD ,138,ALW,66000.0,551,118,Eric Cancel,1710,2,BEL_2019-10-26_10_5,0,BEL_2019-10-26_10,270,Alvernia,2019-10-26 17:51:52.500,BEL_2019-10-26_10_270,0.0050144899078992415,72.20865467374908,0.72,3
119675,AQU,2019-01-06,8,7,311,40.6719213358379,-73.8318092360334,700,D,MY ,45,AOC,67000.0,428,121,Michael J. Luzzi,2750,9,AQU_2019-01-06_8_7,0,AQU_2019-01-06_8,226,Mascarello,2019-01-06 16:29:17.750,AQU_2019-01-06_8_226,0.0033920500452812776,48.845520652050396,0.91,4
5059575,SAR,2019-08-02,3,8,171,43.0733066376873,-73.7675847524502,550,T,FM ,66,MSW,78000.0,213,119,John R. Velazquez,320,2,SAR_2019-08-02_3_8,0,SAR_2019-08-02_3,3603,Good Credence,2019-08-02 14:13:42.750,SAR_2019-08-02_3_3603,0.0053411690769203666,76.91283470765327,0.66,3
4044066,BEL,2019-05-16,9,2,175,40.7147154291384,-73.7272635804111,600,D,FT ,56,MCL,41000.0,718,111,Benjamin Hernandez,155,3,BEL_2019-05-16_9_2,0,BEL_2019-05-16_9,3047,Romping Rosie,2019-05-16 19:18:43.750,BEL_2019-05-16_9_3047,0.004712944113207155,67.86639523018303,0.58,3
255877,SAR,2019-07-18,10,1A,18,43.0701792500161,-73.7681741633038,550,D,FT ,45,AOC,83000.0,625,122,Irad Ortiz Jr.,290,2,SAR_2019-07-18_10_1A,0,SAR_2019-07-18_10,749,Hay Field,2019-07-18 18:25:04.500,SAR_2019-07-18_10_749,0.004411013868822939,63.51859971105032,0.07,1
2491887,AQU,2019-01-06,7,1,10,40.6703377521634,-73.8287626480695,600,D,MY ,45,AOC,64000.0,358,112,Joey R. Martinez,6050,1,AQU_2019-01-06_7_1,1,AQU_2019-01-06_7,212,Quietude,2019-01-06 15:58:02.500,AQU_2019-01-06_7_212,0.002632949959001187,37.914479409617094,0.03,1
4361933,BEL,2019-10-05,4,4,156,40.7177630734638,-73.7256467739889,800,D,FT ,72,MSW,75000.0,200,119,Manuel Franco,2390,6,BEL_2019-10-05_4_4,0,BEL_2019-10-05_4,3881,Moonlit Fantasy,2019-10-05 14:00:39.000,BEL_2019-10-05_4_3881,0.004849119986057825,69.82732779923268,0.4,2
3044337,BEL,2019-06-13,4,1A,150,40.7162830395054,-73.721933327289,850,I,YL ,48,MSW,80000.0,441,118,Jose L. Ortiz,570,7,BEL_2019-06-13_4_1A,0,BEL_2019-06-13_4,3012,Elite Mom,2019-06-13 16:41:37.500,BEL_2019-06-13_4_3012,0.004610322289343618,66.3886409665481,0.37,2
3535597,AQU,2019-04-18,9,7,119,40.6746643187489,-73.8275500653481,600,O,FM ,63,MSW,62000.0,548,118,Irad Ortiz Jr.,230,7,AQU_2019-04-18_9_7,0,AQU_2019-04-18_9,991,Bobby Man,2019-04-18 17:48:29.750,AQU_2019-04-18_9_991,0.0050069630854475185,72.10026843044427,0.42,2
3285164,BEL,2019-09-15,5,5,325,40.7137232242607,-73.7234688654602,800,T,FM ,108,CLM,44000.0,307,120,Joel Rosario,590,5,BEL_2019-09-15_5_5,0,BEL_2019-09-15_5,3465,Clockstrikestwelve,2019-09-15 15:08:21.250,BEL_2019-09-15_5_3465,0.004949670051057014,71.27524873522101,0.88,4
944270,BEL,2019-05-04,3,6,21,40.7170778225479,-73.7224512867045,600,D,SY ,48,CLM,36000.0,108,125,Kendrick Carmouche,85,1,BEL_2019-05-04_3_6,1,BEL_2019-05-04_3,2928,Mo Soul,2019-05-04 13:08:05.250,BEL_2019-05-04_3_2928,0.004933816317129599,71.04695496666623,0.07,1
1706127,AQU,2019-11-09,8,3,191,40.6733573485128,-73.828186484059,800,T,FM ,20,STK,150000.0,320,123,Jorge A. Vargas Jr.,1140,5,AQU_2019-11-09_8_3,0,AQU_2019-11-09_8,1892,Golden Brown,2019-11-09 15:20:47.750,AQU_2019-11-09_8_1892,0.004758659166289606,68.52469199457033,0.52,3
850436,SAR,2019-08-04,6,4,188,43.0736318832554,-73.7673316397231,600,D,FT ,48,CLM,52000.0,406,122,Chris Landeros,770,3,SAR_2019-08-04_6_4,0,SAR_2019-08-04_6,818,Blue Belt,2019-08-04 16:06:47.000,SAR_2019-08-04_6_818,0.005211105451190534,75.03991849714369,0.66,3
2904965,BEL,2019-10-10,8,5,70,40.7172045721896,-73.724334159237,600,T,FM ,101,MCL,41000.0,511,116,Benjamin Hernandez,8075,9,BEL_2019-10-10_8_5,0,BEL_2019-10-10_8,2779,La Rubia,2019-10-10 17:11:17.500,BEL_2019-10-10_8_2779,0.005280093485540056,76.0333461917768,0.24,1
2190224,BEL,2019-05-03,1,2,188,40.7175667099285,-73.7265805380876,850,D,FT ,45,MSW,80000.0,130,124,Rajiv Maragh,290,3,BEL_2019-05-03_1_2,0,BEL_2019-05-03_1,1238,We Are Family,2019-05-03 13:30:47.000,BEL_2019-05-03_1_1238,0.004712315608758832,67.85734476612718,0.44,2
2397645,BEL,2019-06-08,2,2,58,40.7133978268576,-73.720750569063,1000,I,FM ,76,MSW,90000.0,1211,116,Ricardo Santana Jr.,450,5,BEL_2019-06-08_2_2,0,BEL_2019-06-08_2,3290,Better Tapit,2019-06-08 12:11:14.500,BEL_2019-06-08_2_3290,0.004990669592150892,71.86564212697284,0.12,1
3195494,BEL,2019-04-28,10,10,297,40.713980381752,-73.7253841057406,800,D,FT ,50,MSW,62000.0,624,118,Eric Cancel,280,3,BEL_2019-04-28_10_10,0,BEL_2019-04-28_10,1609,Paved With Gold,2019-04-28 18:25:14.250,BEL_2019-04-28_10_1609,0.004273771229488872,61.54230570463976,0.76,4
1263786,AQU,2019-03-10,8,6,207,40.6751400904861,-73.8275257079128,800,D,SY ,54,STK,150000.0,519,118,Dylan Davis,550,6,AQU_2019-03-10_8_6,0,AQU_2019-03-10_8,576,Sara Street,2019-03-10 17:19:51.750,AQU_2019-03-10_8_576,0.0047342386717328985,68.17303687295374,0.55,3
3671775,BEL,2019-05-10,2,11,226,40.7143598668074,-73.7246446812773,600,I,GD ,144,MCL,41000.0,204,118,Junior Alvarado,1500,10,BEL_2019-05-10_2_11,0,BEL_2019-05-10_2,1279,Mrs Stinkman,2019-05-10 14:04:56.500,BEL_2019-05-10_2_1279,0.00437578176376353,63.011257398194836,0.76,4
2470674,SAR,2019-08-17,10,5,48,43.0724325469044,-73.7703630912413,1000,D,SY ,68,STK,600000.0,610,121,Sophie Doyle,750,3,SAR_2019-08-17_10_5,0,SAR_2019-08-17_10,4512,Street Band,2019-08-17 18:10:12.000,SAR_2019-08-17_10_4512,0.004967316486709455,71.52935740861615,0.1,1
3729277,AQU,2019-01-26,5,8,139,40.6754863633233,-73.8295740943595,550,D,FT ,52,MSW,60000.0,227,122,Jose Lezcano,780,10,AQU_2019-01-26_5_8,0,AQU_2019-01-26_5,668,Chuckles,2019-01-26 14:27:34.750,AQU_2019-01-26_5_668,0.004452838914017069,64.12088036184579,0.51,3
4234079,BEL,2019-09-11,8,5,236,40.7166556585326,-73.7274787949575,850,T,FM ,90,MSW,62000.0,645,120,Jose L. Ortiz,490,1,BEL_2019-09-11_8_5,1,BEL_2019-09-11_8,824,Sterling Beauty,2019-09-11 18:45:59.000,BEL_2019-09-11_8_824,0.0047289971295529885,68.09755866556303,0.59,3
2441668,SAR,2019-07-28,12,4,189,43.0730356018263,-73.7682997450184,550,T,FM ,54,MCL,48000.0,712,119,Jose L. Ortiz,1020,5,SAR_2019-07-28_12_4,0,SAR_2019-07-28_12,784,Abby Normal,2019-07-28 19:12:47.250,SAR_2019-07-28_12_784,0.004947258002789348,71.24051524016662,0.62,3
146440,AQU,2019-01-11,7,10,165,40.6753520165835,-73.8277543899783,700,D,FT ,44,ALW,64000.0,359,123,Rafael Manuel Hernandez,3175,2,AQU_2019-01-11_7_10,0,AQU_2019-01-11_7,293,Mystical Song,2019-01-11 15:59:41.250,AQU_2019-01-11_7_293,0.004418278562430414,63.623211298997965,0.47,2
4870915,BEL,2019-09-15,8,3,113,40.7167152389308,-73.7277142237809,600,D,FT ,63,MSW,62000.0,450,119,Joel Rosario,880,3,BEL_2019-09-15_8_3,0,BEL_2019-09-15_8,1755,Tapizearance,2019-09-15 16:50:28.250,BEL_2019-09-15_8_1755,0.005033393538950114,72.48086696088164,0.39,2
2372238,AQU,2019-02-02,5,10,201,40.6734875687605,-73.8310315657012,550,D,FT ,55,MCL,46000.0,232,115,Joey R. Martinez,1110,7,AQU_2019-02-02_5_10,0,AQU_2019-02-02_5,782,Street Chamber,2019-02-02 14:32:50.250,AQU_2019-02-02_5_782,0.004669489925610372,67.24065492878935,0.74,3
5136794,BEL,2019-06-06,8,5,216,40.7146239076558,-73.7267704322241,700,T,FM ,80,STK,200000.0,647,121,Manuel Franco,430,3,BEL_2019-06-06_8_5,0,BEL_2019-06-06_8,3253,Stella di Camelot (IRE),2019-06-06 18:47:54.000,BEL_2019-06-06_8_3253,0.00519496651312633,74.80751778901916,0.69,3
4876629,BEL,2019-09-21,4,1A,282,40.7150307352856,-73.7272922813706,850,T,FM ,148,MSW,75000.0,236,119,Javier Castellano,410,6,BEL_2019-09-21_4_1A,0,BEL_2019-09-21_4,3777,U S Delta Force,2019-09-21 14:37:10.500,BEL_2019-09-21_4_3777,0.004749402280238041,68.3913928354278,0.69,3
3187689,SAR,2019-07-31,10,8,269,43.0734518876199,-73.7650762602353,850,T,GD ,128,MCL,48000.0,626,118,Tyler Gaffalione,340,5,SAR_2019-07-31_10_8,0,SAR_2019-07-31_10,3112,To a Friend,2019-07-31 18:27:07.250,SAR_2019-07-31_10_3112,0.004735686419969447,68.19388444756004,0.65,3
1855986,BEL,2019-10-04,1,4,119,40.7173777440171,-73.7269862699366,650,D,MY ,48,MCL,30000.0,115,124,Dylan Davis,385,4,BEL_2019-10-04_1_4,0,BEL_2019-10-04_1,1735,Cavaradossi,2019-10-04 13:15:29.750,BEL_2019-10-04_1_1735,0.004907833186330619,70.67279788316091,0.37,2
3453951,SAR,2019-08-09,10,9,54,43.0714733044362,-73.7714757153676,800,I,FM ,30,AOC,92000.0,558,120,John R. Velazquez,1260,2,SAR_2019-08-09_10_9,0,SAR_2019-08-09_10,3879,All Quality,2019-08-09 17:58:13.500,SAR_2019-08-09_10_3879,0.005274236644832906,75.94900768559384,0.14,1
859454,AQU,2019-02-22,6,9,115,40.6712690931436,-73.8283097067662,800,D,GD ,54,CLM,40000.0,333,121,Kirk Johnson,1260,3,AQU_2019-02-22_6_9,0,AQU_2019-02-22_6,710,Glencairn,2019-02-22 15:33:28.750,AQU_2019-02-22_6_710,0.00514770054471608,74.12688784391156,0.29,2
619038,AQU,2019-02-07,6,5,232,40.6737467065209,-73.8308924721497,650,D,MY ,48,WCL,37000.0,330,120,Eric Cancel,1130,3,AQU_2019-02-07_6_5,0,AQU_2019-02-07_6,178,Dooley,2019-02-07 15:30:58.000,AQU_2019-02-07_6_178,0.004580424300925438,65.9581099333263,0.73,3
2131672,AQU,2019-11-20,5,3,359,40.6720202996366,-73.8317265683988,800,D,FT ,54,CLM,28000.0,220,117,Declan Carroll,200,6,AQU_2019-11-20_5_3,0,AQU_2019-11-20_5,2309,Imperial Brew,2019-11-20 14:21:29.750,AQU_2019-11-20_5_2309,0.0035011246010133714,50.41619425459255,0.91,4
1915344,SAR,2019-08-02,6,3,272,43.0737132798,-73.7657022797084,850,T,FM ,108,CLM,50000.0,404,123,Jose Lezcano,1900,5,SAR_2019-08-02_6_3,0,SAR_2019-08-02_6,1748,Ego,2019-08-02 16:05:08.000,SAR_2019-08-02_6_1748,0.00515616402138576,74.24876190795494,0.69,3
4476070,SAR,2019-09-01,1,7,143,43.0736398828749,-73.765836733545,550,T,FM ,24,MSW,75000.0,1232,114,Joey R. Martinez,2925,9,SAR_2019-09-01_1_7,0,SAR_2019-09-01_1,4528,Alex Love Candy,2019-09-01 12:32:35.750,SAR_2019-09-01_1_4528,0.005110998487105148,73.59837821431414,0.56,3
3004922,BEL,2019-09-21,7,6,224,40.7171794780694,-73.7262400253432,850,I,FM ,78,MSW,75000.0,410,120,Javier Castellano,115,2,BEL_2019-09-21_7_6,0,BEL_2019-09-21_7,1845,Balon Rose,2019-09-21 16:10:56.000,BEL_2019-09-21_7_1845,0.005057176620530271,72.82334333563591,0.57,3
4567454,SAR,2019-07-24,6,11,234,43.072146699992,-73.7710067451278,550,D,FT ,48,MSW,90000.0,357,119,Junior Alvarado,80,4,SAR_2019-07-24_6_11,0,SAR_2019-07-24_6,2180,Hemlock,2019-07-24 15:57:58.500,SAR_2019-07-24_6_2180,0.004154605869303123,59.82632451796497,0.9,4
3601679,AQU,2019-11-20,4,6,172,40.6736882633198,-73.827250809543,800,D,GD ,54,MSW,62000.0,150,121,Eric Cancel,4275,3,AQU_2019-11-20_4_6,0,AQU_2019-11-20_4,834,Dancing Slippers,2019-11-20 13:50:43.000,AQU_2019-11-20_4_834,0.004533268218273637,65.27906234314037,0.44,2
3052191,BEL,2019-06-14,1,2,96,40.7165831824575,-73.7208755603273,850,D,FT ,44,MCL,41000.0,130,118,Luis Saez,60,1,BEL_2019-06-14_1_2,1,BEL_2019-06-14_1,1608,Tempers Way,2019-06-14 13:30:24.000,BEL_2019-06-14_1_1608,0.004935796049060101,71.07546310646545,0.21,1
576206,BEL,2019-07-04,1,3,146,40.7158279292664,-73.7274954907559,600,I,FM ,102,CLM,48000.0,132,117,Benjamin Hernandez,1660,3,BEL_2019-07-04_1_3,0,BEL_2019-07-04_1,1222,Mohican,2019-07-04 13:32:36.500,BEL_2019-07-04_1_1222,0.004984819625990782,71.78140261426726,0.53,3
2894494,BEL,2019-10-10,2,4,350,40.7140284755685,-73.7233660791318,850,I,FM ,45,MCL,41000.0,149,120,Manuel Franco,65,1,BEL_2019-10-10_2_4,1,BEL_2019-10-10_2,2189,Quiet Out East,2019-10-10 13:50:27.500,BEL_2019-10-10_2_2189,0.004746185442575605,68.3450703730887,0.87,4
1315383,SAR,2019-08-28,3,6,65,43.0713220154972,-73.7721450216485,850,T,FM ,92,AOC,83000.0,155,124,Manuel Franco,155,2,SAR_2019-08-28_3_6,0,SAR_2019-08-28_3,1539,Classic Lady,2019-08-28 13:55:16.250,SAR_2019-08-28_3_1539,0.004919572245076872,70.84184032910696,0.16,1
2458346,AQU,2019-03-17,3,4,76,40.6696025177903,-73.8291106682936,800,D,FT ,54,STK,100000.0,242,118,Kendrick Carmouche,325,3,AQU_2019-03-17_3_4,0,AQU_2019-03-17_3,1177,Pipes,2019-03-17 14:42:19.000,AQU_2019-03-17_3_1177,0.005143129110049193,74.06105918470837,0.2,1
753142,AQU,2019-02-02,3,7,228,40.6735408305008,-73.8310468729866,650,D,FT ,34,CLM,32000.0,121,121,Junior Alvarado,1020,2,AQU_2019-02-02_3_7,0,AQU_2019-02-02_3,55,Bitumen,2019-02-02 13:21:57.000,AQU_2019-02-02_3_55,0.004530424023180196,65.23810593379483,0.74,3
229583,BEL,2019-10-13,8,2,293,40.7139362418295,-73.7251612412403,800,D,FT ,72,AOC,70000.0,511,122,Irad Ortiz Jr.,450,4,BEL_2019-10-13_8_2,0,BEL_2019-10-13_8,102,Storm Prophet,2019-10-13 17:12:13.250,BEL_2019-10-13_8_102,0.004638325686887403,66.79188989117861,0.79,4
3737627,AQU,2019-01-04,2,6,230,40.6745101474557,-73.8305619887495,700,D,FT ,45,MSW,68000.0,122,120,Junior Alvarado,410,6,AQU_2019-01-04_2_6,0,AQU_2019-01-04_2,73,Jake Rocks,2019-01-04 13:22:57.500,AQU_2019-01-04_2_73,0.004408053427751988,63.47596935962862,0.68,3
3525642,BEL,2019-10-06,1,3,88,40.7153965313625,-73.7188286142017,850,I,FM ,38,MSW,62000.0,1248,120,Rajiv Maragh,1490,7,BEL_2019-10-06_1_3,0,BEL_2019-10-06_1,2110,Amazing Zero,2019-10-06 12:48:22.000,BEL_2019-10-06_1_2110,0.004788394448365168,68.95288005645843,0.22,1
3159177,BEL,2019-09-25,1,3,204,40.714325910897,-73.7265505476963,650,D,FT ,36,MSW,62000.0,102,115,Joey R. Martinez,1910,2,BEL_2019-09-25_1_3,0,BEL_2019-09-25_1,280,Anydayisherday,2019-09-25 13:02:51.000,BEL_2019-09-25_1_280,0.004919794538483603,70.84504135416388,0.62,3
976124,AQU,2019-11-02,7,6,78,40.6734981927187,-73.8273550485791,600,D,FT ,40,ALW,75000.0,315,122,Jorge A. Vargas Jr.,790,3,AQU_2019-11-02_7_6,0,AQU_2019-11-02_7,221,Sicilia Mike,2019-11-02 15:15:19.500,AQU_2019-11-02_7_221,0.005358691691261542,77.1651603541662,0.28,2
902456,BEL,2019-05-10,6,1,1,40.7156897287662,-73.7196182272446,600,I,GD ,144,MCL,41000.0,413,124,Joe Bravo,1250,2,BEL_2019-05-10_6_1,0,BEL_2019-05-10_6,1933,Crater Rim,2019-05-10 16:13:00.250,BEL_2019-05-10_6_1933,0.0,0.0,0.0,1
2723997,SAR,2019-07-18,8,5,346,43.0728624280242,-73.7686446556663,850,T,GD ,126,AOC,92000.0,515,122,John R. Velazquez,330,6,SAR_2019-07-18_8_5,0,SAR_2019-07-18_8,3267,Shootin the Breeze,2019-07-18 17:16:26.500,SAR_2019-07-18_8_3267,0.004970287522327559,71.57214032151686,0.84,4
4416513,BEL,2019-10-03,8,8,238,40.7138952660828,-73.7250886668849,650,D,SY ,48,MCL,46000.0,512,119,Rajiv Maragh,1820,8,BEL_2019-10-03_8_8,0,BEL_2019-10-03_8,2061,Mr. Kringle,2019-10-03 17:12:59.500,BEL_2019-10-03_8_2061,0.004275933702935106,61.57344532226553,0.74,3
650283,AQU,2019-04-20,3,2,50,40.6686511842737,-73.8295599906273,800,D,SY ,54,CLM,38000.0,236,126,Hector Rafael Diaz Jr.,2170,5,AQU_2019-04-20_3_2,0,AQU_2019-04-20_3,1560,Time Expired,2019-04-20 14:36:12.500,AQU_2019-04-20_3_1560,0.005016968630682263,72.24434828182459,0.13,1
2525545,BEL,2019-10-26,6,5,214,40.7167703975337,-73.7238462111467,900,I,GD ,189,MSW,75000.0,337,121,John R. Velazquez,1080,8,BEL_2019-10-26_6_5,0,BEL_2019-10-26_6,1939,Hail Michigan,2019-10-26 15:37:53.500,BEL_2019-10-26_6_1939,0.004818002667277978,69.37923840880288,0.48,2
2621721,BEL,2019-05-17,2,1,258,40.7135168590107,-73.7235974854789,650,D,FT ,60,CLM,50000.0,201,118,Rajiv Maragh,620,1,BEL_2019-05-17_2_1,1,BEL_2019-05-17_2,1075,Stink Man,2019-05-17 14:02:04.500,BEL_2019-05-17_2_1075,0.0044272718032042505,63.75271396614121,0.84,4
3132910,AQU,2019-11-23,3,8,166,40.6709138137391,-73.8293266727602,850,T,GD ,162,ALW,66000.0,1255,121,Joel Rosario,470,8,AQU_2019-11-23_3_8,0,AQU_2019-11-23_3,2390,Kerry's Ring,2019-11-23 12:55:41.500,AQU_2019-11-23_3_2390,0.004955365677576962,71.35726575710825,0.4,2
344749,BEL,2019-04-26,8,2,232,40.7135536657135,-73.7236454149659,600,D,SY ,63,STK,100000.0,541,118,Eric Cancel,345,6,BEL_2019-04-26_8_2,0,BEL_2019-04-26_8,369,Celtic Chaos,2019-04-26 17:41:58.000,BEL_2019-04-26_8_369,0.0044201410834379526,63.65003160150652,0.84,4
396569,SAR,2019-07-19,7,1,181,43.0718176088768,-73.7705554220071,1100,I,FM ,225,AOC,95000.0,441,122,Javier Castellano,460,5,SAR_2019-07-19_7_1,0,SAR_2019-07-19_7,2147,Krewe Chief,2019-07-19 16:41:45.250,SAR_2019-07-19_7_2147,0.004952696724097259,71.31883282700053,0.34,2
2179318,BEL,2019-06-09,8,1,277,40.714425884502,-73.7258442971409,800,T,FM ,72,ALW,66000.0,519,124,Luis Saez,115,1,BEL_2019-06-09_8_1,1,BEL_2019-06-09_8,2082,Everyonelovesjames,2019-06-09 17:20:09.250,BEL_2019-06-09_8_2082,0.005197615168712984,74.84565842946697,0.76,4
1354618,SAR,2019-09-02,2,4,181,43.073900979479,-73.7659675987605,650,D,SY ,80,CLM,52000.0,105,124,Luis Saez,100,7,SAR_2019-09-02_2_4,0,SAR_2019-09-02_2,1941,Mo Diddley,2019-09-02 13:05:45.250,SAR_2019-09-02_2_1941,0.004526064618793331,65.17533051062397,0.58,3
189639,AQU,2019-03-22,3,6,24,40.6673877845998,-73.8300747820661,800,D,SY ,54,CLM,46000.0,240,123,Eric Cancel,20,3,AQU_2019-03-22_3_6,0,AQU_2019-03-22_3,925,Ironclad,2019-03-22 14:40:06.000,AQU_2019-03-22_3_925,0.00443221625305181,63.82391404394606,0.06,1
4399551,SAR,2019-08-03,1,10,250,43.0721583812072,-73.7647521162364,850,T,FM ,106,MSW,90000.0,100,119,Flavien Prat,1300,6,SAR_2019-08-03_1_10,0,SAR_2019-08-03_1,4325,Shamrocket,2019-08-03 13:01:02.500,SAR_2019-08-03_1_4325,0.004725656603705996,68.04945509336633,0.61,3
2518349,AQU,2019-02-08,8,6,335,40.6716090951903,-73.8319282475198,600,D,SY ,48,MCL,35000.0,433,120,Carlos J. Hernandez,2000,8,AQU_2019-02-08_8_6,0,AQU_2019-02-08_8,895,Six Brothers,2019-02-08 16:34:23.750,AQU_2019-02-08_8_895,0.0028975278394396133,41.72440088793043,0.95,4
3208136,BEL,2019-09-07,10,3,87,40.7133725649387,-73.7218575808093,1200,T,GD ,63,STK,1000000.0,547,122,Jose Lezcano,630,5,BEL_2019-09-07_10_3,0,BEL_2019-09-07_10,3214,Henley's Joy,2019-09-07 17:47:21.750,BEL_2019-09-07_10_3214,0.004479630702375608,64.50668211420876,0.16,1
2841816,SAR,2019-08-02,10,6,168,43.0705539075375,-73.7687205148899,850,I,FM ,54,MCL,48000.0,631,118,Irad Ortiz Jr.,150,4,SAR_2019-08-02_10_6,0,SAR_2019-08-02_10,1294,Recess,2019-08-02 18:31:42.000,SAR_2019-08-02_10_1294,0.004867505818984588,70.09208379337807,0.42,2
43489,BEL,2019-06-01,6,7,268,40.7145734970174,-73.7266093596837,800,T,GD ,166,CLM,50000.0,412,124,Jose Lezcano,275,3,BEL_2019-06-01_6_7,0,BEL_2019-06-01_6,1313,Sycamore Lane,2019-06-01 16:13:07.000,BEL_2019-06-01_6_1313,0.004845685090987979,69.7778653102269,0.72,3
1100278,BEL,2019-10-13,5,3,63,40.7146866573576,-73.7179440431311,850,I,FM ,52,AOC,80000.0,332,122,Jose Lezcano,385,5,BEL_2019-10-13_5_3,0,BEL_2019-10-13_5,3044,Bird's Eye View,2019-10-13 15:32:15.750,BEL_2019-10-13_5_3044,0.004607835042084702,66.35282460601971,0.16,1
2637497,BEL,2019-09-28,11,3,273,40.7144700653994,-73.7263925106515,800,T,FM ,172,MSW,75000.0,628,120,Joel Rosario,250,3,BEL_2019-09-28_11_3,0,BEL_2019-09-28_11,2370,Malthael,2019-09-28 18:29:08.250,BEL_2019-09-28_11_2370,0.005038033763606014,72.5476861959266,0.73,3
3557506,SAR,2019-07-13,1,2,17,43.0689715297323,-73.7715590361575,700,D,FT ,30,CLM,35000.0,104,120,Luis Saez,510,5,SAR_2019-07-13_1_2,0,SAR_2019-07-13_1,2228,Incredible Miss,2019-07-13 13:04:04.250,SAR_2019-07-13_1_2228,0.003845810728216514,55.379674486317796,0.05,1
2690059,BEL,2019-06-15,3,6,80,40.7167919108609,-73.7239731394181,600,I,FM ,175,CLM,39000.0,238,120,Dylan Davis,250,1,BEL_2019-06-15_3_6,1,BEL_2019-06-15_3,735,Gattino Marrone,2019-06-15 14:38:20.000,BEL_2019-06-15_3_735,0.005268190985418979,75.8619501900333,0.28,2
3811954,AQU,2019-03-16,7,5,79,40.6733833217736,-73.827377602297,600,D,FT ,45,CLM,50000.0,505,119,Michael J. Luzzi,2280,3,AQU_2019-03-16_7_5,0,AQU_2019-03-16_7,196,Oh K Funnybone,2019-03-16 17:05:19.750,AQU_2019-03-16_7_196,0.005300415200369461,76.32597888532024,0.27,2
4732034,BEL,2019-09-22,6,6,51,40.7169198085009,-73.7220674425969,700,D,FT ,63,MSW,62000.0,338,119,Javier Castellano,1250,5,BEL_2019-09-22_6_6,0,BEL_2019-09-22_6,3796,Courted,2019-09-22 15:38:12.750,BEL_2019-09-22_6_3796,0.00538536929500609,77.5493178480877,0.14,1
962924,BEL,2019-07-04,7,7,26,40.7131121013823,-73.7202136881849,900,I,FM ,243,ALW,66000.0,447,124,Jose Lezcano,720,5,BEL_2019-07-04_7_7,0,BEL_2019-07-04_7,3055,New Jersey John,2019-07-04 16:47:06.500,BEL_2019-07-04_7_3055,0.0046146304565962285,66.45067857498569,0.06,1
3273863,BEL,2019-05-27,3,3,249,40.7137901567337,-73.7225224051007,600,I,GD ,90,ALW,66000.0,236,120,Jose Lezcano,160,1,BEL_2019-05-27_3_3,1,BEL_2019-05-27_3,1518,Elektronic,2019-05-27 14:37:02.250,BEL_2019-05-27_3_1518,0.004890571929414186,70.42423578356428,0.88,4
3549515,AQU,2019-03-31,4,7,235,40.6727290236006,-73.8314098553317,600,D,GD ,45,MSW,60000.0,320,120,Eric Cancel,170,2,AQU_2019-03-31_4_7,0,AQU_2019-03-31_4,1264,Red Zinger,2019-03-31 15:20:58.750,AQU_2019-03-31_4_1264,0.004633567769775274,66.72337588476394,0.8,4
932906,BEL,2019-06-16,8,5,160,40.7173119202242,-73.7248041359861,800,T,FM ,108,STK,300000.0,518,116,Manuel Franco,1210,6,BEL_2019-06-16_8_5,0,BEL_2019-06-16_8,3416,Master Merion,2019-06-16 17:18:40.000,BEL_2019-06-16_8_3416,0.005245081911742776,75.52917952909598,0.45,2
870360,AQU,2019-02-02,8,7,42,40.6681207919177,-73.8297979183921,800,D,FT ,54,AOC,64000.0,400,123,Joel Sone,4775,5,AQU_2019-02-02_8_7,0,AQU_2019-02-02_8,642,Fleet Irish,2019-02-02 16:00:10.500,AQU_2019-02-02_8_642,0.004806026808157463,69.20678603746747,0.11,1
1456074,AQU,2019-03-16,6,4,254,40.6739640783113,-73.8307957121818,700,D,FT ,44,CLM,28000.0,433,120,Kendrick Carmouche,150,2,AQU_2019-03-16_6_4,0,AQU_2019-03-16_6,175,Rockin Jo,2019-03-16 16:34:03.500,AQU_2019-03-16_6_175,0.004577935091881907,65.92226532309945,0.73,3
4334507,BEL,2019-09-19,8,1,191,40.7174952846031,-73.7257852163805,800,T,FM ,142,MSW,62000.0,640,119,Javier Castellano,570,1,BEL_2019-09-19_8_1,1,BEL_2019-09-19_8,3760,Lady Kaza,2019-09-19 18:40:47.750,BEL_2019-09-19_8_3760,0.004742555834559247,68.29280401765315,0.48,2
516110,AQU,2019-02-10,8,5,40,40.6680880973573,-73.8297893535595,800,D,FT ,54,STK,100000.0,446,126,Jose Lezcano,380,3,AQU_2019-02-10_8_5,0,AQU_2019-02-10_8,928,Bonita Bianca,2019-02-10 16:46:10.000,AQU_2019-02-10_8_928,0.005087097693933761,73.25420679264616,0.1,1
4954603,BEL,2019-09-20,3,1,324,40.71296348776,-73.7214215836001,700,D,FT ,66,STK,150000.0,407,120,Luis Saez,540,2,BEL_2019-09-20_3_1,0,BEL_2019-09-20_3,3764,Three Jokers,2019-09-20 16:08:21.000,BEL_2019-09-20_3_3764,0.003646267024221774,52.506245148793546,0.99,4
4049948,BEL,2019-05-11,5,11,62,40.7155351449565,-73.7181370193818,850,T,FM ,175,MCL,41000.0,341,118,Dylan Davis,5200,10,BEL_2019-05-11_5_11,0,BEL_2019-05-11_5,3001,Ummu Ummu Ummu,2019-05-11 15:41:15.500,BEL_2019-05-11_5_3001,0.005055072414814511,72.79304277332895,0.14,1
896709,AQU,2019-04-12,9,4,294,40.6749188008889,-73.8294607770794,850,T,FM ,72,MCL,41000.0,550,126,Junior Alvarado,315,1,AQU_2019-04-12_9_4,1,AQU_2019-04-12_9,1422,Grand Banks,2019-04-12 17:51:13.500,AQU_2019-04-12_9_1422,0.004360951805099685,62.797705993435464,0.71,3
4994375,AQU,2019-11-24,6,6,173,40.6751243744684,-73.8301755874324,600,D,SY ,40,MSW,62000.0,250,119,Javier Castellano,610,1,AQU_2019-11-24_6_6,1,AQU_2019-11-24_6,2444,Giant Shoes,2019-11-24 14:50:43.250,AQU_2019-11-24_6_2444,0.004596617861174063,66.19129720090652,0.58,3
4427250,SAR,2019-07-21,8,10,36,43.0700818700497,-73.7685610916734,600,D,FT ,50,MSW,90000.0,433,119,Manuel Franco,2600,8,SAR_2019-07-21_8_10,0,SAR_2019-07-21_8,4171,Excession,2019-07-21 16:33:09.000,SAR_2019-07-21_8_4171,0.0047678828170149455,68.65751256501521,0.12,1
341471,BEL,2019-05-16,8,2,157,40.7165205964612,-73.7278373457157,700,D,FT ,40,ALW,66000.0,647,125,Harry Hernandez,280,3,BEL_2019-05-16_8_2,0,BEL_2019-05-16_8,295,Ro Bear,2019-05-16 18:47:39.250,BEL_2019-05-16_8_295,0.004795634043617854,69.0571302280971,0.48,2
1183780,BEL,2019-09-06,5,8,46,40.7174146599284,-73.7238596314448,600,D,SY ,76,AOC,70000.0,508,123,Luis Saez,440,6,BEL_2019-09-06_5_8,0,BEL_2019-09-06_5,3216,Mama Mary,2019-09-06 17:08:11.500,BEL_2019-09-06_5_3216,0.0053161070911222665,76.55194211216063,0.15,1
4017123,BEL,2019-10-10,1,1,203,40.7173908071766,-73.7269819697472,850,D,FT ,50,MCL,35000.0,115,120,Manuel Franco,185,3,BEL_2019-10-10_1_1,0,BEL_2019-10-10_1,2048,Sneads,2019-10-10 13:15:50.750,BEL_2019-10-10_1_2048,0.004856131737588122,69.92829702126896,0.5,2
4393807,AQU,2019-11-14,4,7,83,40.6710134152021,-73.8314413235233,850,T,FM ,96,MSW,62000.0,150,119,Christopher P. DeCarlo,7600,7,AQU_2019-11-14_4_7,0,AQU_2019-11-14_4,1653,Stash My Money,2019-11-14 13:50:20.750,AQU_2019-11-14_4_1653,0.005098031502896672,73.41165364171206,0.2,1
2250941,AQU,2019-04-19,9,9,354,40.6725746717838,-73.8307519401177,850,T,FM ,88,MSW,62000.0,549,126,Irad Ortiz Jr.,110,3,AQU_2019-04-19_9_9,0,AQU_2019-04-19_9,1551,Uncle Curly,2019-04-19 17:50:28.500,AQU_2019-04-19_9_1551,0.004748755321840843,68.38207663450814,0.86,4
1402876,BEL,2019-06-02,7,8,103,40.7157546671008,-73.7196720245128,850,I,FM ,80,MCL,41000.0,445,118,Benjamin Hernandez,8325,6,BEL_2019-06-02_7_8,0,BEL_2019-06-02_7,241,Shiloh Lane,2019-06-02 16:45:25.750,BEL_2019-06-02_7_241,0.004965796794357945,71.50747383875441,0.26,2
238078,AQU,2019-02-09,3,3,294,40.6756025168293,-73.8287928617267,900,D,FT ,84,CLM,25000.0,156,114,Benjamin Hernandez,1220,2,AQU_2019-02-09_3_3,0,AQU_2019-02-09_3,535,Holy Week,2019-02-09 13:57:13.500,AQU_2019-02-09_3_535,0.004524454586416435,65.15214604439667,0.66,3
1918952,AQU,2019-02-24,1,6,23,40.671723204671,-73.828081977291,550,D,SY ,48,MSW,68000.0,1251,125,Carlos J. Hernandez,6400,3,AQU_2019-02-24_1_6,0,AQU_2019-02-24_1,190,Justinspeightofit,2019-02-24 12:51:05.750,AQU_2019-02-24_1_190,0.004556355377156621,65.61151743105533,0.08,1
3862445,BEL,2019-06-13,7,3,308,40.7139285846143,-73.7241314150914,800,T,YL ,112,ALW,82000.0,614,120,Luis Saez,750,3,BEL_2019-06-13_7_3,0,BEL_2019-06-13_7,2642,Panther Hit,2019-06-13 18:15:17.000,BEL_2019-06-13_7_2642,0.004724353857575261,68.03069554908376,0.83,4
2657798,AQU,2019-11-17,6,3,2,40.6668104529098,-73.8303791246231,800,D,FT ,54,ALW,66000.0,227,120,Junior Alvarado,1670,7,AQU_2019-11-17_6_3,0,AQU_2019-11-17_6,1004,Beachside,2019-11-17 14:27:00.500,AQU_2019-11-17_6_1004,0.0,0.0,0.0,1
2942515,BEL,2019-06-29,8,4,27,40.715684953556,-73.7172391736431,850,D,FT ,45,STK,250000.0,512,121,Leonel Reyes,750,3,BEL_2019-06-29_8_4,0,BEL_2019-06-29_8,1664,Jeltrin,2019-06-29 17:12:06.750,BEL_2019-06-29_8_1664,0.0047929951636476635,69.01913035652636,0.07,1
3797277,AQU,2019-11-03,3,4,113,40.6740271985682,-73.8271096789682,650,D,FT ,38,CLM,48000.0,1257,122,Jose L. Ortiz,390,3,AQU_2019-11-03_3_4,0,AQU_2019-11-03_3,446,Thousand Percent,2019-11-03 12:57:28.250,AQU_2019-11-03_3_446,0.005191238904909251,74.75384023069321,0.36,2
3034973,BEL,2019-07-06,3,2,19,40.7170690618489,-73.7225955617327,600,D,FT ,65,MSW,62000.0,206,111,Benjamin Hernandez,4850,5,BEL_2019-07-06_3_2,0,BEL_2019-07-06_3,3436,Our Craftys Legacy,2019-07-06 14:06:04.750,BEL_2019-07-06_3_3436,0.0048378725337596285,69.66536448613866,0.06,1
4464352,BEL,2019-07-03,5,4,64,40.7176666621292,-73.7262662535674,550,D,FT ,72,MSW,80000.0,341,118,Dylan Davis,1190,2,BEL_2019-07-03_5_4,0,BEL_2019-07-03_5,3528,Avuncular,2019-07-03 15:41:16.000,BEL_2019-07-03_5_3528,0.005262697379989838,75.78284227185367,0.23,1
1324843,AQU,2019-02-24,5,7,111,40.6755184874175,-73.8281147355511,550,D,SY ,48,CLM,28000.0,256,120,Eric Cancel,225,3,AQU_2019-02-24_5_7,0,AQU_2019-02-24_5,1063,Swiping Dan,2019-02-24 14:56:27.750,AQU_2019-02-24_5_1063,0.005055816567740543,72.80375857546382,0.42,2
1278507,BEL,2019-07-05,9,1,219,40.716560348285,-73.7275940743388,800,T,FM ,166,MCL,41000.0,556,118,Benjamin Hernandez,520,4,BEL_2019-07-05_9_1,0,BEL_2019-07-05_9,2044,Molly's Nighthawk,2019-07-05 17:56:54.750,BEL_2019-07-05_9_2044,0.004936814877895683,71.09013424169783,0.56,3
4163312,BEL,2019-10-04,5,3,233,40.717155676292,-73.7264110892758,850,I,GD ,90,CLM,60000.0,335,119,Rajiv Maragh,360,4,BEL_2019-10-04_5_3,0,BEL_2019-10-04_5,2010,Willing to Speed,2019-10-04 15:35:58.250,BEL_2019-10-04_5_2010,0.004774880370507597,68.7582773353094,0.58,3
4550477,SAR,2019-07-24,6,9,28,43.0705406868684,-73.7674403388946,550,D,FT ,48,MSW,90000.0,357,119,Luis R. Reyes,2080,6,SAR_2019-07-24_6_9,0,SAR_2019-07-24_6,4195,Shackleford's Joy,2019-07-24 15:57:07.000,SAR_2019-07-24_6_4195,0.005054572282353192,72.78584086588597,0.1,1
586453,BEL,2019-05-09,1,4,338,40.7137125005648,-73.7234178304279,800,T,GD ,162,AOC,85000.0,305,122,Reylu Gutierrez,4925,6,BEL_2019-05-09_1_4,0,BEL_2019-05-09_1,751,Tanya's Gem,2019-05-09 15:06:24.500,BEL_2019-05-09_1_751,0.004565670648859816,65.74565734358134,0.89,4
2118141,BEL,2019-05-24,8,6,61,40.7134138176069,-73.7183897197419,900,I,FM ,230,ALW,82000.0,518,126,Irad Ortiz Jr.,220,6,BEL_2019-05-24_8_6,0,BEL_2019-05-24_8,1356,Too Cool to Dance,2019-05-24 17:18:15.250,BEL_2019-05-24_8_1356,0.004851726506959703,69.86486170021972,0.14,1
4750481,AQU,2019-11-15,3,2,387,40.6711252063252,-73.8321065909891,800,D,FT ,54,MSW,70000.0,1256,119,Eric Cancel,3500,5,AQU_2019-11-15_3_2,0,AQU_2019-11-15_3,2107,Sinister Siren,2019-11-15 12:57:36.750,AQU_2019-11-15_3_2107,0.0035914889210357857,51.71744046291531,0.99,4
2489878,SAR,2019-08-16,5,5,38,43.0702243435354,-73.7682419834259,600,D,FT ,55,AOC,95000.0,311,120,Joel Rosario,375,3,SAR_2019-08-16_5_5,0,SAR_2019-08-16_5,1316,Mucho,2019-08-16 15:11:09.500,SAR_2019-08-16_5_1316,0.005507792880871542,79.3122174845502,0.14,1
2692042,BEL,2019-04-26,2,2,127,40.7160210735556,-73.7279417950843,600,D,SY ,63,CLM,60000.0,223,113,Benjamin Hernandez,140,3,BEL_2019-04-26_2_2,0,BEL_2019-04-26_2,16,Big Brown Cat,2019-04-26 14:23:31.750,BEL_2019-04-26_2_16,0.004850240455953982,69.84346256573734,0.43,2
572026,AQU,2019-03-16,4,3,327,40.6730223141789,-73.8312373100287,800,D,FT ,54,CLM,36000.0,320,122,Manuel Franco,120,1,AQU_2019-03-16_4_3,1,AQU_2019-03-16_4,947,Tequila Sunday,2019-03-16 15:21:21.750,AQU_2019-03-16_4_947,0.004578378462718358,65.92864986314436,0.82,4
5122606,BEL,2019-07-06,9,13,169,40.715655438508,-73.7197190959645,1000,I,FM ,38,STK,1000000.0,545,122,Irad Ortiz Jr.,550,4,BEL_2019-07-06_9_13,0,BEL_2019-07-06_9,3580,Digital Age (IRE),2019-07-06 17:45:42.250,BEL_2019-07-06_9_3580,0.004665174179493948,67.17850818471285,0.37,2
2929945,BEL,2019-09-15,1,5,294,40.7132010107732,-73.7223451491728,650,D,FT ,45,CLM,28000.0,100,118,Michael J. Luzzi,900,5,BEL_2019-09-15_1_5,0,BEL_2019-09-15_1,215,Shak's Hidden Gem,2019-09-15 13:01:13.500,BEL_2019-09-15_1_215,0.003564334990005486,51.326423856079,0.94,4
3647568,AQU,2019-04-05,9,5,4,40.6733279696695,-73.830386568271,800,T,FM ,63,MSW,62000.0,549,120,Dalton Brown,8400,8,AQU_2019-04-05_9_5,0,AQU_2019-04-05_9,283,Sander's Empire,2019-04-05 17:49:01.000,AQU_2019-04-05_9_283,0.0010309123802263625,14.84513827525962,0.01,1
2615779,BEL,2019-06-02,2,2,248,40.7165732616076,-73.7275732362215,850,T,FM ,170,MCL,41000.0,205,118,Luis Saez,570,7,BEL_2019-06-02_2_2,0,BEL_2019-06-02_2,1037,She's Not Bluffing,2019-06-02 14:06:02.000,BEL_2019-06-02_2_1037,0.004561498050125333,65.6855719218048,0.58,3
2054151,BEL,2019-10-12,3,4,95,40.7175468172402,-73.7266650781823,600,D,FT ,65,CLM,50000.0,151,121,Manuel Franco,820,5,BEL_2019-10-12_3_4,0,BEL_2019-10-12_3,1056,O Shea Can U See,2019-10-12 13:51:23.750,BEL_2019-10-12_3_1056,0.005082641872327222,73.190042961512,0.34,2
478948,BEL,2019-10-19,7,1,19,40.7167547282312,-73.7214407145841,650,D,FT ,56,STK,150000.0,342,124,Jose Lezcano,430,3,BEL_2019-10-19_7_1,0,BEL_2019-10-19_7,959,Holiday Disguise,2019-10-19 15:42:04.750,BEL_2019-10-19_7_959,0.004603101178010653,66.2846569633534,0.06,1
4163322,BEL,2019-10-04,5,3,219,40.7172432920408,-73.7256237031582,850,I,GD ,90,CLM,60000.0,335,119,Rajiv Maragh,360,4,BEL_2019-10-04_5_3,0,BEL_2019-10-04_5,2010,Willing to Speed,2019-10-04 15:35:54.750,BEL_2019-10-04_5_2010,0.004875643392231635,70.20926484813555,0.55,3
3107888,SAR,2019-07-13,2,8,157,43.073669832395,-73.7665016295972,550,T,GD ,85,MCL,48000.0,137,119,Dylan Davis,1040,8,SAR_2019-07-13_2_8,0,SAR_2019-07-13_2,2328,Vitanza,2019-07-13 13:37:39.250,SAR_2019-07-13_2_2328,0.003602395091817575,51.874489322173076,0.58,3
2808187,SAR,2019-08-09,2,3,114,43.0693536585789,-73.7710157398706,900,D,FT ,81,MCL,48000.0,134,118,Dylan Davis,850,8,SAR_2019-08-09_2_3,0,SAR_2019-08-09_2,3812,Oso Negro,2019-08-09 13:34:28.500,SAR_2019-08-09_2_3812,0.004569485283932425,65.80058808862692,0.26,2
710745,AQU,2019-02-24,4,1,171,40.6737869527488,-73.8271831029974,800,D,SY ,54,CLM,48000.0,225,118,Jose Lezcano,85,1,AQU_2019-02-24_4_1,1,AQU_2019-02-24_4,160,Have Another,2019-02-24 14:25:42.750,AQU_2019-02-24_4_160,0.005048018210756086,72.69146223488764,0.42,2
4731211,AQU,2019-11-10,6,7,320,40.6710775387943,-73.8321622138252,650,D,FT ,56,MSW,62000.0,223,112,Virginia Tormey,3900,9,AQU_2019-11-10_6_7,0,AQU_2019-11-10_6,1959,Carpe Amorina,2019-11-10 14:24:20.000,AQU_2019-11-10_6_1959,0.00359049501952297,51.703128281130766,0.96,4
3766661,SAR,2019-08-07,4,4,252,43.07345471734,-73.7658461122631,800,I,FM ,30,CLM,70000.0,226,120,Ricardo Santana Jr.,500,4,SAR_2019-08-07_4_4,0,SAR_2019-08-07_4,4037,Warm,2019-08-07 14:27:03.000,SAR_2019-08-07_4_4037,0.00465295466427883,67.00254716561516,0.69,3
3446927,BEL,2019-09-06,7,4,111,40.7171544286917,-73.7257560995848,600,I,YL ,126,STK,100000.0,612,118,Luis Saez,205,5,BEL_2019-09-06_7_4,0,BEL_2019-09-06_7,3613,Saint Moon,2019-09-06 18:12:27.750,BEL_2019-09-06_7_3613,0.005321074449075171,76.62347206668245,0.37,2
1663202,BEL,2019-09-28,11,10,358,40.7132337949801,-73.7217291799025,800,T,FM ,172,MSW,75000.0,628,124,Manuel Franco,840,1,BEL_2019-09-28_11_10,1,BEL_2019-09-28_11,1332,Chantry Flats,2019-09-28 18:29:29.500,BEL_2019-09-28_11_1332,0.004300750666801635,61.93080960194354,0.96,4
2588247,BEL,2019-09-27,6,1,13,40.715465343646,-73.7165530471391,850,D,FT ,48,ALW,66000.0,342,118,Dylan Davis,1180,6,BEL_2019-09-27_6_1,0,BEL_2019-09-27_6,2379,Mister Bobby,2019-09-27 15:42:03.250,BEL_2019-09-27_6_2379,0.003866366885531793,55.675683151657815,0.03,1
3792522,AQU,2019-03-17,4,3,294,40.6724478364607,-73.8315058758463,700,D,FT ,44,MSW,68000.0,320,113,Benjamin Hernandez,8875,8,AQU_2019-03-17_4_3,0,AQU_2019-03-17_4,1053,Tariff Tantrum,2019-03-17 15:21:13.500,AQU_2019-03-17_4_1053,0.004593450359750863,66.14568518041241,0.87,4
5197551,AQU,2019-04-19,3,4,209,40.6734459928528,-73.8277787652799,850,O,FM ,22,STK,100000.0,230,120,Eric Cancel,360,1,AQU_2019-04-19_3_4,1,AQU_2019-04-19_3,1531,Feel Glorious (GB),2019-04-19 14:30:52.250,AQU_2019-04-19_3_1531,0.005029107557829379,72.41914883274305,0.54,3
587989,AQU,2019-03-16,3,2,96,40.674178607305,-73.8271150482254,600,D,FT ,45,STK,100000.0,240,120,Eric Cancel,810,5,AQU_2019-03-16_3_2,0,AQU_2019-03-16_3,626,Honor Way,2019-03-16 14:40:24.000,AQU_2019-03-16_3_626,0.0050260322170438574,72.37486392543154,0.34,2
1944973,AQU,2019-04-07,8,4,279,40.6750290260403,-73.8291092390039,850,T,FM ,81,ALW,75000.0,519,121,Eric Cancel,360,6,AQU_2019-04-07_8_4,0,AQU_2019-04-07_8,1359,Wegetsdamunnys,2019-04-07 17:20:09.750,AQU_2019-04-07_8_1359,0.004697754102300255,67.64765907312368,0.71,3
2213226,BEL,2019-06-21,1,3,59,40.7164392711748,-73.7202353713121,800,D,SY ,46,MCL,33000.0,132,125,Luis R. Reyes,660,3,BEL_2019-06-21_1_3,0,BEL_2019-06-21_1,108,Know Point Given,2019-06-21 13:32:14.750,BEL_2019-06-21_1_108,0.005153265269832515,74.20701988558821,0.14,1
1685128,AQU,2019-01-25,5,4,221,40.6753688666283,-73.8278644839536,800,D,GD ,52,CLM,20000.0,227,123,Dylan Davis,335,5,AQU_2019-01-25_5_4,0,AQU_2019-01-25_5,610,Elizabeth Nicole,2019-01-25 14:27:55.250,AQU_2019-01-25_5_610,0.004372569104374523,62.96499510299313,0.54,3
2789650,SAR,2019-08-24,4,12,196,43.0739061124661,-73.7665694645971,650,D,FT ,80,ALW,92000.0,115,118,Junior Alvarado,5550,6,SAR_2019-08-24_4_12,0,SAR_2019-08-24_4,3908,Proschema,2019-08-24 13:15:49.000,SAR_2019-08-24_4_3908,0.005707749743345286,82.19159630417212,0.62,3
1500439,AQU,2019-11-16,10,13,89,40.673473822948,-73.8277061946718,600,O,FM ,45,CLM,38000.0,423,124,Hector Rafael Diaz Jr.,2230,6,AQU_2019-11-16_10_13,0,AQU_2019-11-16_10,971,Appreciate,2019-11-16 16:23:22.250,AQU_2019-11-16_10_971,0.005227311106192083,75.273279929166,0.32,2
5069767,BEL,2019-09-20,5,1,217,40.71644953005,-73.7276034871182,800,T,FM ,142,AOC,80000.0,507,122,Jose Lezcano,870,6,BEL_2019-09-20_5_1,0,BEL_2019-09-20_5,1101,Leitone (CHI),2019-09-20 17:07:54.250,BEL_2019-09-20_5_1101,0.005031907222942377,72.45946401037023,0.59,3
335456,BEL,2019-07-05,2,5,83,40.7169721894822,-73.7232128264088,700,T,FM ,90,AOC,70000.0,203,121,Luis Saez,2625,5,BEL_2019-07-05_2_5,0,BEL_2019-07-05_2,2137,Alabama Bound,2019-07-05 14:03:20.750,BEL_2019-07-05_2_2137,0.005241692748312277,75.48037557569678,0.26,2
1685626,BEL,2019-09-12,2,5,76,40.7166342944354,-73.7209521828766,800,D,FT ,78,MSW,75000.0,333,124,Kendrick Carmouche,1090,4,BEL_2019-09-12_2_5,0,BEL_2019-09-12_2,2084,Road to Meath,2019-09-12 15:33:19.000,BEL_2019-09-12_2_2084,0.00501519530316274,72.21881236554346,0.2,1
4229476,AQU,2019-02-15,6,2,109,40.6746331091374,-73.8271829522216,600,D,FT ,45,MCL,46000.0,334,119,Samuel Camacho Jr.,2080,4,AQU_2019-02-15_6_2,0,AQU_2019-02-15_6,708,Mucho Lucky,2019-02-15 15:34:27.250,AQU_2019-02-15_6_708,0.004911076666002577,70.71950399043712,0.37,2
3730302,AQU,2019-11-07,8,10,213,40.6732922964667,-73.8308111009676,600,O,FM ,56,ALW,75000.0,348,120,Irad Ortiz Jr.,950,7,AQU_2019-11-07_8_10,0,AQU_2019-11-07_8,1778,Tide Storm,2019-11-07 15:48:53.250,AQU_2019-11-07_8_1778,0.0049320524374016446,71.02155509858368,0.74,3
4316586,SAR,2019-07-17,2,5,141,43.0734703646073,-73.7647270476558,600,D,SY ,48,STK,100000.0,126,122,Weston Hamilton,790,5,SAR_2019-07-17_2_5,0,SAR_2019-07-17_2,4092,Torres Del Paine,2019-07-17 13:26:35.250,SAR_2019-07-17_2_4092,0.004760187253782518,68.54669645446826,0.48,2
1779519,BEL,2019-09-11,6,1,20,40.715529473625,-73.7168210237315,850,D,FT ,44,AOC,70000.0,540,122,Jose Lezcano,550,2,BEL_2019-09-11_6_1,0,BEL_2019-09-11_6,592,Cartwheel,2019-09-11 17:40:05.000,BEL_2019-09-11_6_592,0.0044344550758598986,63.85615309238254,0.05,1
1933642,BEL,2019-07-07,5,4,295,40.7141896144467,-73.725335907369,800,T,FM ,172,MSW,62000.0,241,125,Manuel Franco,365,1,BEL_2019-07-07_5_4,1,BEL_2019-07-07_5,1293,Star of the East,2019-07-07 14:42:13.750,BEL_2019-07-07_5_1293,0.005178875172364872,74.57580248205416,0.79,4
5070290,BEL,2019-10-25,7,4,56,40.7161035978129,-73.7188833077866,850,D,FT ,50,CLM,65000.0,441,124,Jose Lezcano,145,1,BEL_2019-10-25_7_4,1,BEL_2019-10-25_7,1101,Leitone (CHI),2019-10-25 16:41:14.000,BEL_2019-10-25_7_1101,0.0051442725829768466,74.0775251948666,0.13,1
2945363,BEL,2019-05-18,11,4,78,40.7167247984493,-73.7224543971146,700,T,GD ,122,STK,100000.0,529,117,Junior Alvarado,970,5,BEL_2019-05-18_11_4,0,BEL_2019-05-18_11,3073,Missmizz,2019-05-18 17:29:19.500,BEL_2019-05-18_11_3073,0.00535402459154453,77.09795411824123,0.23,1
5005714,BEL,2019-09-21,4,8,31,40.7141357548664,-73.7174443576977,850,T,FM ,148,MSW,75000.0,236,119,Dylan Davis,1120,1,BEL_2019-09-21_4_8,1,BEL_2019-09-21_4,3776,Tiesto,2019-09-21 14:36:07.750,BEL_2019-09-21_4_3776,0.0048528360508454105,69.88083913217392,0.07,1
5041047,BEL,2019-06-02,7,4,94,40.7156792833772,-73.7194039512041,850,I,FM ,80,MCL,41000.0,445,125,Eric Cancel,1440,9,BEL_2019-06-02_7_4,0,BEL_2019-06-02_7,2296,Azzedine (FR),2019-06-02 16:45:23.500,BEL_2019-06-02_7_2296,0.005107227530417757,73.54407643801571,0.23,1
3981114,SAR,2019-07-17,4,5,221,43.073815517383,-73.7667665008502,700,D,SY ,30,CLM,65000.0,251,120,Joel Rosario,350,4,SAR_2019-07-17_4_5,0,SAR_2019-07-17_4,916,Spectator Sport,2019-07-17 14:51:55.250,SAR_2019-07-17_4_916,0.00453443545273273,65.29587051935131,0.66,3
1252390,SAR,2019-08-10,10,6,174,43.0738624705171,-73.7666461173443,600,D,FT ,55,ALW,92000.0,621,124,Manuel Franco,1490,7,SAR_2019-08-10_10_6,0,SAR_2019-08-10_10,622,Puffery,2019-08-10 18:21:43.500,SAR_2019-08-10_10_622,0.004917163636254982,70.80715636207175,0.62,3
4502575,SAR,2019-07-26,2,3,336,43.0720068812833,-73.771450206794,700,D,MY ,32,MSW,78000.0,137,119,Julien R. Leparoux,1650,7,SAR_2019-07-26_2_3,0,SAR_2019-07-26_2,3875,Driftwood,2019-07-26 13:38:24.000,SAR_2019-07-26_2_3875,0.0034856633284221844,50.19355192927946,0.99,4
2118048,BEL,2019-05-24,8,6,148,40.7159071061391,-73.7203825688787,900,I,FM ,230,ALW,82000.0,518,126,Irad Ortiz Jr.,220,6,BEL_2019-05-24_8_6,0,BEL_2019-05-24_8,1356,Too Cool to Dance,2019-05-24 17:18:37.000,BEL_2019-05-24_8_1356,0.004691321780435591,67.55503363827252,0.34,2
4300064,SAR,2019-08-25,1,1A,118,43.0726693819056,-73.7643024021582,600,D,FT ,48,MSW,90000.0,103,119,Manuel Franco,920,6,SAR_2019-08-25_1_1A,0,SAR_2019-08-25_1,2746,Wedontbelieveher,2019-08-25 13:03:29.500,SAR_2019-08-25_1_2746,0.005069785516313594,73.00491143491575,0.41,2
4301046,AQU,2019-11-09,10,3,144,40.6744601639839,-73.8271366723176,700,D,FT ,45,MSW,70000.0,420,119,Irad Ortiz Jr.,215,1,AQU_2019-11-09_10_3,1,AQU_2019-11-09_10,1909,Toledo,2019-11-09 16:20:36.000,AQU_2019-11-09_10_1909,0.004734801022983619,68.1811347309641,0.42,2
3620944,SAR,2019-09-01,12,2,121,43.0698165133381,-73.7712527619609,850,I,FM ,22,ALW,80000.0,641,120,Irad Ortiz Jr.,225,2,SAR_2019-09-01_12_2,0,SAR_2019-09-01_12,3487,Graded On a Curve,2019-09-01 18:41:30.250,SAR_2019-09-01_12_3487,0.004754509877988563,68.4649422430353,0.31,2
2176198,SAR,2019-08-08,4,5,75,43.0701690689031,-73.7683677241832,700,D,FT ,32,CLM,65000.0,244,125,Joel Rosario,340,4,SAR_2019-08-08_4_5,0,SAR_2019-08-08_4,722,Take Your Place,2019-08-08 14:44:18.750,SAR_2019-08-08_4_722,0.0050445060820380125,72.64088758134739,0.22,1
953508,AQU,2019-12-07,3,9,4,40.6685235615442,-73.8294968772696,700,D,FT ,48,CLM,40000.0,1230,120,Keivan Serrano,4825,7,AQU_2019-12-07_3_9,0,AQU_2019-12-07_3,1689,They Shot Sonny,2019-12-07 12:30:01.000,AQU_2019-12-07_3_1689,0.0009086926574841882,13.08517426777231,0.01,1
2759262,BEL,2019-05-16,9,9,215,40.713902815852,-73.7250110347889,600,D,FT ,56,MCL,41000.0,718,118,Hector Rafael Diaz Jr.,215,1,BEL_2019-05-16_9_9,1,BEL_2019-05-16_9,15,Caralicious,2019-05-16 19:18:53.750,BEL_2019-05-16_9_15,0.0046075947450923615,66.34936432933,0.72,3
4465726,BEL,2019-10-04,2,5,51,40.717578219773,-73.7245609952546,600,D,MY ,68,MSW,62000.0,149,119,Manuel Franco,245,3,BEL_2019-10-04_2_5,0,BEL_2019-10-04_2,1595,Aubrey Tate,2019-10-04 13:49:12.750,BEL_2019-10-04_2_1595,0.005419778275496318,78.04480716714697,0.17,1
4869171,AQU,2019-11-08,9,5,344,40.6730155766973,-73.8305594145946,850,T,FM ,88,MCL,41000.0,418,119,Jose L. Ortiz,2050,5,AQU_2019-11-08_9_5,0,AQU_2019-11-08_9,1837,R V Treasure,2019-11-08 16:19:26.000,AQU_2019-11-08_9_1837,0.005009098094172814,72.13101255608852,0.81,4
3795051,SAR,2019-08-09,10,11,108,43.0698402991546,-73.770714791119,800,I,FM ,30,AOC,92000.0,558,118,Eric Cancel,2425,4,SAR_2019-08-09_10_11,0,SAR_2019-08-09_10,1777,Dance Till Dawn,2019-08-09 17:58:27.000,SAR_2019-08-09_10_1777,0.004894861022027148,70.48599871719092,0.29,2
4817118,AQU,2019-12-29,9,12,165,40.6733208950988,-73.8274310604685,800,D,FT ,54,MCL,35000.0,419,119,Luis A. Rodriguez Castro,1440,2,AQU_2019-12-29_9_12,0,AQU_2019-12-29_9,2843,Lightning Rob,2019-12-29 16:19:41.250,AQU_2019-12-29_9_2843,0.004436322028128837,63.88303720505526,0.41,2
3707731,BEL,2019-09-08,1,2,2,40.716369998334,-73.7207090209684,600,T,FM ,72,MSW,62000.0,103,121,Jose Lezcano,85,2,BEL_2019-09-08_1_2,0,BEL_2019-09-08_1,1683,Worth a Shot,2019-09-08 13:03:00.500,BEL_2019-09-08_1_1683,0.0007875151560501897,11.340218247122731,0.0,1
2884277,BEL,2019-10-23,6,6,142,40.7156594927123,-73.7279170282309,600,D,GD ,65,ALW,66000.0,405,120,Kendrick Carmouche,1390,7,BEL_2019-10-23_6_6,0,BEL_2019-10-23_6,2735,Moon Heist,2019-10-23 16:05:35.500,BEL_2019-10-23_6_2735,0.004848380004895917,69.81667207050121,0.49,2
2299190,AQU,2019-02-16,1,5,259,40.6736895919974,-73.8309749810561,700,D,FT ,44,MSW,60000.0,1251,125,Eric Cancel,240,2,AQU_2019-02-16_1_5,0,AQU_2019-02-16_1,132,Anne's Song,2019-02-16 12:52:04.750,AQU_2019-02-16_1_132,0.004421168696332879,63.66482922719346,0.75,3
4608722,BEL,2019-07-06,5,1,96,40.717503067322,-73.72579157868,600,T,FM ,156,MSW,80000.0,318,118,Joel Rosario,760,8,BEL_2019-07-06_5_1,0,BEL_2019-07-06_5,2032,Hard Sting,2019-07-06 15:18:24.000,BEL_2019-07-06_5_2032,0.004817768590655637,69.37586770544118,0.33,2
1921997,AQU,2019-03-17,1,5,45,40.6682251131996,-73.8296971072048,800,D,FT ,54,STR,55000.0,130,122,Reylu Gutierrez,130,4,AQU_2019-03-17_1_5,0,AQU_2019-03-17_1,472,Where's Rudy,2019-03-17 13:30:11.250,AQU_2019-03-17_1_472,0.005038814651794665,72.55893098584318,0.12,1
2333285,BEL,2019-10-25,8,8,290,40.7135423976238,-73.7228410278512,700,T,GD ,82,AOC,85000.0,514,123,Irad Ortiz Jr.,230,4,BEL_2019-10-25_8_8,0,BEL_2019-10-25_8,2878,Therapist,2019-10-25 17:15:12.500,BEL_2019-10-25_8_2878,0.0043118540449963985,62.09069824794814,0.88,4
4656200,AQU,2019-11-23,2,8,196,40.6743450219241,-73.8303413320896,600,O,GD ,58,MSW,62000.0,1228,119,Javier Castellano,420,4,AQU_2019-11-23_2_8,0,AQU_2019-11-23_2,1596,Chouchou de Boo,2019-11-23 12:28:49.000,AQU_2019-11-23_2_1596,0.004675302818288435,67.32436058335347,0.66,3
2651739,BEL,2019-06-08,2,3,178,40.7157162240969,-73.7199456920582,1000,I,FM ,76,MSW,90000.0,1211,117,Kendrick Carmouche,2575,7,BEL_2019-06-08_2_3,0,BEL_2019-06-08_2,3292,Creative Genius,2019-06-08 12:11:44.500,BEL_2019-06-08_2_3292,0.004635229379992342,66.74730307188972,0.38,2
4145928,AQU,2019-03-16,5,5,40,40.6682454869478,-73.8297345138795,800,D,FT ,54,MCL,35000.0,404,120,Manuel Franco,55,2,AQU_2019-03-16_5_5,0,AQU_2019-03-16_5,334,Heartbustingirl,2019-03-16 16:04:10.000,AQU_2019-03-16_5_334,0.005161719934269594,74.32876705348215,0.09,1
2238256,BEL,2019-05-18,7,8,359,40.7134156188465,-73.7222905500923,800,T,GD ,108,ALW,66000.0,310,126,Joe Bravo,2550,9,BEL_2019-05-18_7_8,0,BEL_2019-05-18_7,3068,Ascender,2019-05-18 15:11:29.750,BEL_2019-05-18_7_3068,0.004203363537510219,60.52843494014716,0.89,4
420527,SAR,2019-08-10,1,7,86,43.0709204422225,-73.7721607390394,850,I,FM ,32,CLM,52000.0,100,123,Tyler Gaffalione,410,3,SAR_2019-08-10_1_7,0,SAR_2019-08-10_1,1311,Cloontia,2019-08-10 13:00:21.500,SAR_2019-08-10_1_1311,0.005346836699010809,76.99444846575565,0.22,1
2610492,BEL,2019-06-02,2,9,65,40.7154562452926,-73.7180843508035,850,T,FM ,170,MCL,41000.0,205,118,Samuel Jimenez,11400,11,BEL_2019-06-02_2_9,0,BEL_2019-06-02_2,1074,Plum Bay,2019-06-02 14:05:16.250,BEL_2019-06-02_2_1074,0.0049108757137977434,70.71661027868751,0.15,1
3329562,AQU,2019-03-09,10,8,79,40.6698866942268,-73.8289183222396,800,D,FT ,54,STK,300000.0,511,118,Dylan Davis,1480,6,AQU_2019-03-09_10_8,0,AQU_2019-03-09_10,68,Tikhvin Flew,2019-03-09 17:11:19.750,AQU_2019-03-09_10_68,0.005463311285879587,78.67168251666605,0.19,1
1909107,BEL,2019-10-03,7,7,271,40.7147296573726,-73.7272810285185,850,D,SY ,52,AOC,85000.0,440,122,Joel Rosario,310,4,BEL_2019-10-03_7_7,0,BEL_2019-10-03_7,3865,High North,2019-10-03 16:41:07.750,BEL_2019-10-03_7_3865,0.004485326193554748,64.58869718718837,0.68,3
3936213,BEL,2019-10-06,1,7,82,40.7152656984773,-73.7184922135187,850,I,FM ,38,MSW,62000.0,1248,120,Manuel Franco,265,1,BEL_2019-10-06_1_7,1,BEL_2019-10-06_1,3659,Marquet Legacy,2019-10-06 12:48:20.500,BEL_2019-10-06_1_3659,0.004932383946843737,71.02632883454982,0.2,1
4137486,AQU,2019-11-07,2,7,166,40.6752515592801,-73.830010573585,600,D,FT ,38,MCL,30000.0,1249,122,Jose L. Ortiz,115,5,AQU_2019-11-07_2_7,0,AQU_2019-11-07_2,1741,Savvy Cairo,2019-11-07 12:49:41.500,AQU_2019-11-07_2_1741,0.00477297596474783,68.73085389236876,0.57,3
1064410,SAR,2019-08-30,5,6,287,43.0728744227506,-73.7679229398331,800,I,FM ,20,STR,75000.0,310,123,Rajiv Maragh,1180,3,SAR_2019-08-30_5_6,0,SAR_2019-08-30_5,1538,Wish Upon,2019-08-30 15:11:11.750,SAR_2019-08-30_5_1538,0.005028051464466512,72.40394108831777,0.79,4
3788413,AQU,2019-12-06,1,2,157,40.67549281622,-73.8294800497344,600,D,FT ,48,MSW,70000.0,1151,122,Manuel Franco,285,2,AQU_2019-12-06_1_2,0,AQU_2019-12-06_1,2605,Beauty Buzz,2019-12-06 11:51:39.250,AQU_2019-12-06_1_2605,0.004563092499037147,65.70853198613491,0.52,3
5092126,BEL,2019-05-23,6,11,191,40.717447197551,-73.7252578917621,850,T,GD ,130,STR,55000.0,554,124,Luis Saez,770,7,BEL_2019-05-23_6_11,0,BEL_2019-05-23_6,560,Bootlegger (FR),2019-05-23 17:54:47.750,BEL_2019-05-23_6_560,0.004774728932732999,68.75609663135519,0.46,2
3555752,BEL,2019-09-13,8,3,19,40.7147763191024,-73.7174129925748,800,T,FM ,110,CLM,48000.0,644,112,Benjamin Hernandez,4725,7,BEL_2019-09-13_8_3,0,BEL_2019-09-13_8,2075,Dull Knife,2019-09-13 18:44:04.750,BEL_2019-09-13_8_2075,0.004673656162935674,67.3006487462737,0.05,1
3377869,AQU,2019-03-22,9,10,61,40.6716240794758,-73.8281434831214,650,D,SY ,36,MSW,60000.0,556,120,Eric Cancel,1830,6,AQU_2019-03-22_9_10,0,AQU_2019-03-22_9,1204,Nine From Two,2019-03-22 17:56:15.250,AQU_2019-03-22_9_1204,0.005411573616614873,77.92666007925418,0.19,1
4849174,BEL,2019-10-26,2,8,92,40.7154921435138,-73.7188937312033,850,I,GD ,78,MSW,62000.0,119,114,Joey R. Martinez,2210,10,BEL_2019-10-26_2_8,0,BEL_2019-10-26_2,2164,Neuro,2019-10-26 13:19:23.000,BEL_2019-10-26_2_2164,0.004511613183862183,64.96722984761543,0.22,1
2737514,BEL,2019-05-25,7,2,188,40.7156624301273,-73.7276703565526,700,T,FM ,64,MSW,62000.0,447,118,Jose L. Ortiz,270,3,BEL_2019-05-25_7_2,0,BEL_2019-05-25_7,1203,Linda's Ballet,2019-05-25 16:47:47.000,BEL_2019-05-25_7_1203,0.004681571126325874,67.41462421909259,0.56,3
1791114,AQU,2019-12-12,3,4,213,40.6741782134406,-73.8307183470039,650,D,GD ,52,MSW,68000.0,130,124,Wilmer A. Garcia,510,3,AQU_2019-12-12_3_4,0,AQU_2019-12-12_3,2483,Ink Splotz,2019-12-12 13:30:53.250,AQU_2019-12-12_3_2483,0.005188180689625832,74.70980193061197,0.68,3
2702017,AQU,2019-11-16,9,6,114,40.6699091394136,-73.8300023388679,800,T,FM ,65,ALW,75000.0,353,118,Junior Alvarado,1950,8,AQU_2019-11-16_9_6,0,AQU_2019-11-16_9,2220,Kelleycanrun,2019-11-16 15:53:28.500,AQU_2019-11-16_9_2220,0.004804125337401068,69.17940485857538,0.3,2
2168653,BEL,2019-05-02,2,5,337,40.7141818720495,-73.7241680895783,850,I,GD ,76,STR,55000.0,204,123,Jomar Torres,5700,6,BEL_2019-05-02_2_5,0,BEL_2019-05-02_2,2907,Megacity,2019-05-02 14:05:24.250,BEL_2019-05-02_2_2907,0.004843297236874141,69.74348021098763,0.79,4
1366471,BEL,2019-05-12,7,6,86,40.717605555689,-73.7265492473042,600,D,SY ,48,AOC,85000.0,445,123,Joel Rosario,305,1,BEL_2019-05-12_7_6,1,BEL_2019-05-12_7,1884,Saguaro Row,2019-05-12 16:45:21.500,BEL_2019-05-12_7_1884,0.005320108002852064,76.60955524106971,0.29,2
2572680,SAR,2019-08-30,3,2,220,43.0721847324264,-73.7702384793124,550,T,FM ,24,MCL,48000.0,209,119,Kendrick Carmouche,210,6,SAR_2019-08-30_3_2,0,SAR_2019-08-30_3,1516,Wicked Grin,2019-08-30 14:09:55.000,SAR_2019-08-30_3_1516,0.004515889856860849,65.02881393879623,0.87,4
3521113,AQU,2019-01-20,3,4,242,40.6720351745234,-73.8317568931166,550,D,SY ,52,MCL,35000.0,147,122,Michael J. Luzzi,375,6,AQU_2019-01-20_3_4,0,AQU_2019-01-20_3,555,D's Sis,2019-01-20 13:48:00.500,AQU_2019-01-20_3_555,0.004056774477461311,58.417552475442875,0.85,4
3137503,AQU,2019-11-09,2,7,293,40.6738334626388,-73.8301047966138,800,T,FM ,20,MSW,70000.0,1229,121,Javier Castellano,120,1,AQU_2019-11-09_2_7,1,AQU_2019-11-09_2,1845,Balon Rose,2019-11-09 12:30:13.250,AQU_2019-11-09_2_1845,0.005089962761453311,73.29546376492767,0.78,4
2103392,AQU,2019-12-07,3,5,185,40.6755338546898,-73.8283089386343,700,D,FT ,48,CLM,40000.0,1230,124,Jose L. Ortiz,240,2,AQU_2019-12-07_3_5,0,AQU_2019-12-07_3,701,California Night,2019-12-07 12:30:46.250,AQU_2019-12-07_3_701,0.00462330239402437,66.57555447395093,0.51,3
4974981,AQU,2019-11-20,3,5,133,40.6739815735978,-73.8271205557717,700,D,GD ,45,AOC,75000.0,117,120,Dylan Davis,860,3,AQU_2019-11-20_3_5,0,AQU_2019-11-20_3,2300,Polar Bear Pete,2019-11-20 13:17:33.250,AQU_2019-11-20_3_2300,0.004886528010349412,70.36600334903153,0.4,2
1963613,AQU,2019-04-13,8,2,159,40.6710421140596,-73.8284752486278,900,D,MY ,85,STK,200000.0,521,118,Manuel Franco,470,1,AQU_2019-04-13_8_2,1,AQU_2019-04-13_8,1447,Another Broad,2019-04-13 17:21:39.750,AQU_2019-04-13_8_1447,0.005034980714001048,72.5037222816151,0.36,2
2176837,SAR,2019-08-31,10,9,43,43.072044933531,-73.7651590661141,1100,I,FM ,162,STK,250000.0,529,118,Ricardo Santana Jr.,790,4,SAR_2019-08-31_10_9,0,SAR_2019-08-31_10,4362,Get Explicit,2019-08-31 17:29:10.750,SAR_2019-08-31_10_4362,0.004822372591708346,69.44216532060018,0.08,1
1295283,AQU,2019-11-24,5,8,153,40.6755866555157,-73.8291734202434,600,D,SY ,40,CLM,36000.0,219,122,Kendrick Carmouche,550,7,AQU_2019-11-24_5_8,0,AQU_2019-11-24_5,5,Bourbon N Rye,2019-11-24 14:19:38.250,AQU_2019-11-24_5_5,0.0046925565957659805,67.57281497903011,0.5,2
2639820,BEL,2019-10-16,1,3,162,40.7151257375133,-73.7276578411056,600,D,FT ,64,MCL,30000.0,116,121,Luis R. Reyes,2400,7,BEL_2019-10-16_1_3,0,BEL_2019-10-16_1,3617,Beans N Rice,2019-10-16 13:16:40.500,BEL_2019-10-16_1_3617,0.004005132481854675,57.67390773870732,0.5,2
2180974,AQU,2019-02-18,4,7,267,40.6750496284101,-73.8302605982688,800,D,FT ,54,STR,55000.0,223,115,Reylu Gutierrez,1160,4,AQU_2019-02-18_4_7,0,AQU_2019-02-18_4,474,Dr. Hipp,2019-02-18 14:24:06.750,AQU_2019-02-18_4_474,0.004541288199456258,65.39455007217012,0.7,3
3270376,SAR,2019-07-24,10,3,223,43.0736754677955,-73.7671963415217,700,D,FT ,32,ALW,92000.0,620,120,Jose L. Ortiz,205,1,SAR_2019-07-24_10_3,1,SAR_2019-07-24_10,4202,Risky Mandate,2019-07-24 18:20:55.750,SAR_2019-07-24_10_4202,0.004812450400417668,69.29928576601442,0.67,3
2418786,SAR,2019-07-14,8,2,215,43.0715758061478,-73.7661990541774,850,I,FM ,28,AOC,92000.0,516,120,Jose Lezcano,2040,6,SAR_2019-07-14_8_2,0,SAR_2019-07-14_8,4086,Comic Kitten,2019-07-14 17:16:53.750,SAR_2019-07-14_8_4086,0.004851313502713672,69.85891443907688,0.55,3
4940341,BEL,2019-09-27,4,4,89,40.7163710215201,-73.7209171568866,800,T,FM ,172,MSW,62000.0,225,114,Benjamin Hernandez,7375,8,BEL_2019-09-27_4_4,0,BEL_2019-09-27_4,2158,Kefaliani,2019-09-27 14:25:22.250,BEL_2019-09-27_4_2158,0.004906998345167874,70.66077617041739,0.23,1
1422616,SAR,2019-08-01,5,6,52,43.0708222487072,-73.7672540625254,550,T,FM ,54,CLM,48000.0,330,122,Javier Castellano,1150,10,SAR_2019-08-01_5_6,0,SAR_2019-08-01_5,254,Alley to Calvary,2019-08-01 15:30:13.000,SAR_2019-08-01_5_254,0.005513270693729751,79.39109798970841,0.2,1
3832511,BEL,2019-06-20,3,4,334,40.7135595911423,-73.7236683861465,800,D,MY ,52,MSW,80000.0,407,118,Joel Rosario,1310,5,BEL_2019-06-20_3_4,0,BEL_2019-06-20_3,3433,Golden Tapit,2019-06-20 16:08:23.500,BEL_2019-06-20_3_3433,0.003786981319698496,54.53253100365834,0.87,4
2056678,AQU,2019-02-24,8,2,173,40.6754353572499,-73.8296867984315,600,D,SY ,50,MCL,33000.0,429,121,Carlos J. Hernandez,10100,8,AQU_2019-02-24_8_2,0,AQU_2019-02-24_8,605,Sweet Breeze,2019-02-24 16:29:43.250,AQU_2019-02-24_8_605,0.004472710874568982,64.40703659379334,0.55,3
1383642,SAR,2019-07-11,7,4,427,43.0715070347664,-73.7713791852743,900,I,YL ,90,AOC,83000.0,439,122,Junior Alvarado,195,3,SAR_2019-07-11_7_4,0,SAR_2019-07-11_7,2933,Giant Zinger,2019-07-11 16:40:46.750,SAR_2019-07-11_7_2933,0.004192395139068113,60.37049000258082,0.96,4
2006230,AQU,2019-04-05,9,4,354,40.6717896899441,-73.8311624225449,800,T,FM ,63,MSW,62000.0,549,126,Joe Bravo,4050,9,AQU_2019-04-05_9_4,0,AQU_2019-04-05_9,1297,Scarlet's Command,2019-04-05 17:50:28.500,AQU_2019-04-05_9_1297,0.0044162792043626895,63.59442054282273,0.91,4
394491,BEL,2019-07-07,4,3,108,40.7168962035116,-73.7275943128799,600,D,FT ,60,CLM,28000.0,208,123,Ricardo Santana Jr.,120,1,BEL_2019-07-07_4_3,1,BEL_2019-07-07_4,1149,Wildcat Belle,2019-07-07 14:08:27.000,BEL_2019-07-07_4_1149,0.0050098977542571786,72.14252766130338,0.38,2
4291500,AQU,2019-11-29,10,8,227,40.6732638604991,-73.8281627097814,850,T,GD ,192,MCL,41000.0,416,119,Manuel Franco,345,4,AQU_2019-11-29_10_8,0,AQU_2019-11-29_10,2528,Unicorn Sally,2019-11-29 16:16:56.750,AQU_2019-11-29_10_2528,0.004901221333069686,70.57758719620348,0.52,3
4928106,AQU,2019-12-12,1,7,211,40.6741693236761,-73.8307289100742,600,D,GD ,45,MCL,46000.0,1231,123,Samuel Camacho Jr.,2900,5,AQU_2019-12-12_1_7,0,AQU_2019-12-12_1,2157,Tourbillon Rose,2019-12-12 12:31:52.750,AQU_2019-12-12_1_2157,0.004027121938709376,57.99055591741501,0.67,3
625444,BEL,2019-09-19,6,1,71,40.7163376698728,-73.7197323211844,850,D,FT ,45,AOC,70000.0,537,124,Jose L. Ortiz,220,2,BEL_2019-09-19_6_1,0,BEL_2019-09-19_6,2710,Control Group,2019-09-19 17:37:17.750,BEL_2019-09-19_6_2710,0.004694183946561193,67.59624883048119,0.18,1
925980,AQU,2019-01-26,6,3,275,40.6717308987666,-73.8318628985076,650,D,FT ,30,ALW,70000.0,253,123,Manuel Franco,440,1,AQU_2019-01-26_6_3,1,AQU_2019-01-26_6,671,Build to Suit,2019-01-26 14:54:08.750,AQU_2019-01-26_6_671,0.004412670008610183,63.54244812398664,0.88,4
3117003,BEL,2019-10-16,7,1,152,40.7151958490949,-73.7277206230532,600,D,MY ,64,ALW,77000.0,428,120,Manuel Franco,215,6,BEL_2019-10-16_7_1,0,BEL_2019-10-16_7,2144,Break Curfew,2019-10-16 16:28:38.000,BEL_2019-10-16_7_2144,0.004862946850297549,70.0264346442847,0.53,3
3637998,BEL,2019-05-11,8,10,307,40.7145756413559,-73.7266402602613,850,T,FM ,175,MSW,80000.0,522,118,Irad Ortiz Jr.,1310,4,BEL_2019-05-11_8_10,0,BEL_2019-05-11_8,3008,Mrs. Got Rocks,2019-05-11 17:23:16.750,BEL_2019-05-11_8_3008,0.00513141173969279,73.89232905157618,0.75,3
624198,AQU,2019-01-27,5,6,17,40.6705786442463,-73.8286151187909,600,D,FT ,45,AOC,67000.0,232,118,Reylu Gutierrez,730,7,AQU_2019-01-27_5_6,0,AQU_2019-01-27_5,715,Wrong Ben,2019-01-27 14:32:04.250,AQU_2019-01-27_5_715,0.004122903510175098,59.369810546521414,0.06,1
3278843,BEL,2019-06-02,4,7,137,40.7174604511381,-73.7268602278114,700,D,FT ,40,MCL,41000.0,313,120,Samuel Camacho Jr.,1040,4,BEL_2019-06-02_4_7,0,BEL_2019-06-02_4,884,Bank Gala,2019-06-02 15:13:34.250,BEL_2019-06-02_4_884,0.00496142624671971,71.44453795276382,0.39,2
2809279,SAR,2019-09-02,8,3,196,43.0738854816774,-73.7657174752163,700,D,SY ,32,AOC,83000.0,433,120,Jose Lezcano,640,7,SAR_2019-09-02_8_3,0,SAR_2019-09-02_8,649,Shelley Ann,2019-09-02 16:33:49.000,SAR_2019-09-02_8_649,0.004416576929211566,63.598707780646556,0.58,3
3746149,BEL,2019-07-07,5,1,260,40.7148299856239,-73.7271121948526,800,T,FM ,172,MSW,62000.0,241,118,Jose L. Ortiz,235,3,BEL_2019-07-07_5_1,0,BEL_2019-07-07_5,3087,Crescent Lady,2019-07-07 14:42:05.000,BEL_2019-07-07_5_3087,0.00482544847610596,69.48645805592582,0.7,3
1673022,AQU,2019-04-17,8,1,42,40.6709705210558,-73.8285140617891,650,D,FT ,38,AOC,75000.0,515,121,Manuel Franco,245,4,AQU_2019-04-17_8_1,0,AQU_2019-04-17_8,478,Big Birthday,2019-04-17 17:15:10.500,AQU_2019-04-17_8_478,0.005230550883228121,75.31993271848495,0.14,1
289128,BEL,2019-10-25,7,5,293,40.7142910252728,-73.7265379804929,850,D,FT ,50,CLM,65000.0,441,124,Jose L. Ortiz,840,9,BEL_2019-10-25_7_5,0,BEL_2019-10-25_7,3162,Zulu,2019-10-25 16:42:13.250,BEL_2019-10-25_7_3162,0.004127164419243404,59.43116763710501,0.7,3
3559001,BEL,2019-09-12,4,10,338,40.7138066421798,-73.7237640117391,850,T,FM ,92,MCL,52000.0,437,120,Jose Lezcano,2400,1,BEL_2019-09-12_4_10,1,BEL_2019-09-12_4,2086,Conviction Trade,2019-09-12 16:38:24.500,BEL_2019-09-12_4_2086,0.004698552184930251,67.65915146299561,0.83,4
3430030,AQU,2019-02-01,7,7,259,40.6753158124518,-73.8299307712317,800,D,FT ,54,SOC,60000.0,347,124,Julian Pimentel,580,1,AQU_2019-02-01_7_7,1,AQU_2019-02-01_7,192,Durkin's Call,2019-02-01 15:48:04.750,AQU_2019-02-01_7_192,0.0045287194528640514,65.21356012124234,0.65,3
755563,AQU,2019-04-18,2,6,257,40.6721691617583,-73.8317131795193,600,D,FT ,47,CLM,28000.0,200,126,Georgina Sergeon,2340,4,AQU_2019-04-18_2_6,0,AQU_2019-04-18_2,516,Princess Mikayah,2019-04-18 14:01:04.250,AQU_2019-04-18_2_516,0.00440119656673629,63.37723056100258,0.88,4
4192552,AQU,2019-03-23,4,9,126,40.6755827062169,-73.8284655015318,550,D,FT ,52,MCL,35000.0,320,121,Hector Rafael Diaz Jr.,730,10,AQU_2019-03-23_4_9,0,AQU_2019-03-23_4,1213,Greg King of Kool,2019-03-23 15:20:31.500,AQU_2019-03-23_4_1213,0.004454366834480588,64.14288241652048,0.43,2
2224934,BEL,2019-06-27,6,3,45,40.7131141941115,-73.7191981536932,900,I,FM ,234,AOC,82000.0,542,126,Jose L. Ortiz,200,4,BEL_2019-06-27_6_3,0,BEL_2019-06-27_6,2099,Kreesie,2019-06-27 17:42:11.250,BEL_2019-06-27_6_2099,0.0046091951891411385,66.3724107236324,0.1,1
2113535,AQU,2019-03-31,2,4,55,40.6723262193988,-73.8278258080342,600,D,GD ,45,MCL,33000.0,205,125,Ruben Silvera,780,3,AQU_2019-03-31_2_4,0,AQU_2019-03-31_2,459,Ridolfo,2019-03-31 14:05:13.750,AQU_2019-03-31_2_459,0.005067996049977133,72.97914311967071,0.18,1
3794664,SAR,2019-07-14,8,7,125,43.0698132989635,-73.7707098816089,850,I,FM ,28,AOC,92000.0,516,118,Luis Saez,2030,4,SAR_2019-07-14_8_7,0,SAR_2019-07-14_8,1777,Dance Till Dawn,2019-07-14 17:16:31.250,SAR_2019-07-14_8_1777,0.0046208511732127545,66.54025689426366,0.32,2
3115083,AQU,2019-12-21,5,8,281,40.6711470331393,-73.8321060475423,600,D,FT ,48,ALW,64000.0,234,115,Declan Carroll,410,9,AQU_2019-12-21_5_8,0,AQU_2019-12-21_5,1268,Seven Plus Seven,2019-12-21 14:35:10.250,AQU_2019-12-21_5_1268,0.003527421598922778,50.794871024488,0.98,4
3144922,BEL,2019-10-14,9,5,158,40.7148266547275,-73.7274318352021,600,D,FT ,64,CLM,28000.0,541,120,Eric Cancel,1410,2,BEL_2019-10-14_9_5,0,BEL_2019-10-14_9,1862,Bustin Mach Four,2019-10-14 17:41:39.500,BEL_2019-10-14_9_1862,0.00478441946183726,68.89564025045655,0.56,3
31306,AQU,2019-11-22,5,3,326,40.6726856105459,-73.8314586372081,800,D,GD ,54,CLM,57000.0,248,121,Reylu Gutierrez,780,4,AQU_2019-11-22_5_3,0,AQU_2019-11-22_5,462,Mills,2019-11-22 14:49:21.500,AQU_2019-11-22_5_462,0.004431449394883824,63.812871286327066,0.85,4
2441599,SAR,2019-07-28,12,4,264,43.0716043185419,-73.771989527697,550,T,FM ,54,MCL,48000.0,712,119,Jose L. Ortiz,1020,5,SAR_2019-07-28_12_4,0,SAR_2019-07-28_12,784,Abby Normal,2019-07-28 19:13:06.000,SAR_2019-07-28_12_784,0.003881662202689741,55.89593571873227,0.87,4
1790796,AQU,2019-11-27,9,9,218,40.6732827102671,-73.8311202578425,600,D,FT ,44,MCL,41000.0,418,124,Hector Rafael Diaz Jr.,1180,2,AQU_2019-11-27_9_9,0,AQU_2019-11-27_9,2483,Ink Splotz,2019-11-27 16:18:54.500,AQU_2019-11-27_9_2483,0.004182049005192947,60.221505674778435,0.72,3
2019475,SAR,2019-08-25,5,6,134,43.0735053946967,-73.7653208158406,550,T,FM ,56,AOC,95000.0,311,124,John R. Velazquez,130,1,SAR_2019-08-25_5_6,1,SAR_2019-08-25_5,4200,Violent Times,2019-08-25 15:11:33.500,SAR_2019-08-25_5_4200,0.005264288967956285,75.8057611385705,0.52,3
4121070,BEL,2019-09-25,2,3,335,40.7138008759435,-73.7246073463391,850,D,FT ,54,CLM,28000.0,133,118,Luis Saez,335,7,BEL_2019-09-25_2_3,0,BEL_2019-09-25_2,617,Coach Villa,2019-09-25 13:34:23.750,BEL_2019-09-25_2_617,0.004162907426225385,59.94586693764555,0.83,4
957677,BEL,2019-06-08,4,2,81,40.7161161587739,-73.7203408723594,800,T,FM ,78,STK,700000.0,125,115,John R. Velazquez,2150,4,BEL_2019-06-08_4_2,0,BEL_2019-06-08_4,3299,Bellavais,2019-06-08 13:25:20.250,BEL_2019-06-08_4_3299,0.0049496661776083336,71.27519295756001,0.23,1
2546905,AQU,2019-01-25,6,11,210,40.6751520740286,-73.8275049493798,800,D,GD ,52,MCL,35000.0,258,122,Jose Lezcano,275,1,AQU_2019-01-25_6_11,1,AQU_2019-01-25_6,197,Poker Game,2019-01-25 14:58:52.500,AQU_2019-01-25_6_197,0.0043288729016038455,62.33576978309537,0.51,3
4714285,AQU,2019-11-17,7,7,179,40.6712976341071,-73.8291957821451,850,T,FM ,138,MSW,70000.0,256,119,Kendrick Carmouche,5775,9,AQU_2019-11-17_7_7,0,AQU_2019-11-17_7,2269,Paint Music for Me,2019-11-17 14:56:44.750,AQU_2019-11-17_7_2269,0.004576982216242926,65.90854391389813,0.4,2
4562556,BEL,2019-09-14,7,3,23,40.7148610008355,-73.7175521407462,800,T,FM ,108,MSW,75000.0,412,119,John R. Velazquez,70,1,BEL_2019-09-14_7_3,1,BEL_2019-09-14_7,3690,Indochine,2019-09-14 16:12:05.750,BEL_2019-09-14_7_3690,0.004618815255979203,66.51093968610053,0.06,1
1796172,BEL,2019-04-28,4,2,214,40.7162461726951,-73.7218449103619,1000,I,YL ,93,ALW,90000.0,308,126,Junior Alvarado,360,1,BEL_2019-04-28_4_2,1,BEL_2019-04-28_4,2887,Argonne,2019-04-28 15:08:53.500,BEL_2019-04-28_4_2887,0.0046253599182715125,66.60518282310979,0.43,2
4702846,SAR,2019-08-31,5,9,124,43.0713031586335,-73.7655547328995,700,D,FT ,32,MSW,90000.0,242,119,Luis Saez,3725,9,SAR_2019-08-31_5_9,0,SAR_2019-08-31_5,4427,Stick Figure,2019-08-31 14:42:31.000,SAR_2019-08-31_5_4427,0.004968264731160273,71.54301212870793,0.36,2
2509671,BEL,2019-05-18,9,1,48,40.713927309348,-73.717941666072,850,I,GD ,72,MCL,41000.0,418,118,Samuel Camacho Jr.,890,2,BEL_2019-05-18_9_1,0,BEL_2019-05-18_9,198,Awesome Adversary,2019-05-18 16:18:12.000,BEL_2019-05-18_9_198,0.004589039306501423,66.0821660136205,0.11,1
4637203,SAR,2019-07-11,5,6,18,43.070209770333,-73.7681644978335,550,D,FT ,52,MSW,78000.0,329,119,Luis Saez,245,2,SAR_2019-07-11_5_6,0,SAR_2019-07-11_5,4010,Impazible Donna,2019-07-11 15:29:04.500,SAR_2019-07-11_5_4010,0.004066669735277853,58.56004418800108,0.06,1
843430,AQU,2019-11-27,5,5,49,40.671843791924,-73.8280801357395,600,D,FT ,44,CLM,52000.0,220,115,Declan Carroll,1280,5,AQU_2019-11-27_5_5,0,AQU_2019-11-27_5,2470,Might Be,2019-11-27 14:20:12.250,AQU_2019-11-27_5_2470,0.0051325212967009695,73.90830667249396,0.16,1
4088106,SAR,2019-08-15,5,3,198,43.0738904844378,-73.7658810850722,700,D,FT ,32,MCL,52000.0,312,120,Tyler Gaffalione,2160,6,SAR_2019-08-15_5_3,0,SAR_2019-08-15_5,4483,Borough Boy,2019-08-15 15:12:49.500,SAR_2019-08-15_5_4483,0.0047072841354912675,67.78489155107425,0.61,3
608185,AQU,2019-11-17,5,6,194,40.6738724858351,-73.8305067350969,600,O,FM ,45,ALW,75000.0,159,124,Manuel Franco,460,3,AQU_2019-11-17_5_6,0,AQU_2019-11-17_5,1497,Shiraz,2019-11-17 13:59:48.500,AQU_2019-11-17_5_1497,0.004997785864846295,71.96811645378665,0.7,3
992884,AQU,2019-03-30,10,8,143,40.674202704427,-73.8271219818768,700,D,FT ,44,SST,80000.0,624,124,Reylu Gutierrez,10100,8,AQU_2019-03-30_10_8,0,AQU_2019-03-30_10,1033,G Zap,2019-03-30 18:24:35.750,AQU_2019-03-30_10_1033,0.0050036447164377015,72.0524839167029,0.42,2
652482,BEL,2019-06-19,3,6,96,40.7173692941551,-73.7270381117178,600,D,GD ,66,CLM,28000.0,234,125,Luis Saez,155,1,BEL_2019-06-19_3_6,1,BEL_2019-06-19_3,2920,Tiz R Bella,2019-06-19 14:34:24.000,BEL_2019-06-19_3_2920,0.005071318381015033,73.02698468661647,0.32,2
2146088,AQU,2019-12-29,8,6,100,40.6691011109867,-73.8305325173946,900,D,FT ,82,STK,100000.0,350,121,Dylan Davis,450,1,AQU_2019-12-29_8_6,1,AQU_2019-12-29_8,137,Mrs. Orb,2019-12-29 15:50:25.000,AQU_2019-12-29_8_137,0.004634326144763032,66.73429648458766,0.22,1
387217,SAR,2019-08-30,9,7,37,43.0718873832206,-73.7718154051486,900,D,FT ,78,CLM,70000.0,519,124,Javier Castellano,1400,7,SAR_2019-08-30_9_7,0,SAR_2019-08-30_9,95,Shalako,2019-08-30 17:19:09.250,SAR_2019-08-30_9_95,0.004827448502724071,69.51525843922663,0.08,1
3263036,AQU,2019-03-09,3,7,113,40.6748047380006,-73.8272425546254,600,D,FT ,45,MCL,35000.0,125,121,Manuel Franco,145,5,AQU_2019-03-09_3_7,0,AQU_2019-03-09_3,507,Redouble,2019-03-09 13:25:28.250,AQU_2019-03-09_3_507,0.004841027054909265,69.71078959069341,0.38,2
4546645,AQU,2019-11-01,2,4,193,40.6752518950696,-73.829975709707,600,D,GD ,40,MCL,41000.0,1231,119,Michael J. Luzzi,800,12,AQU_2019-11-01_2_4,0,AQU_2019-11-01_2,1585,Felony Melanie,2019-11-01 12:31:48.250,AQU_2019-11-01_2_1585,0.003602574635886615,51.87707475676726,0.48,2
2430240,AQU,2019-04-11,5,2B,137,40.6726487425494,-73.8277306978101,800,D,FT ,54,AOC,66000.0,339,122,Manuel Franco,0,1,AQU_2019-04-11_5_2B,1,AQU_2019-04-11_5,430,Just Right,2019-04-11 15:39:34.250,AQU_2019-04-11_5_430,0.005017322096632765,72.24943819151183,0.35,2
4421852,AQU,2019-12-30,2,6,90,40.6703867621626,-73.8287071900951,800,D,SY ,54,CLM,46000.0,100,118,Jorge A. Vargas Jr.,180,1,AQU_2019-12-30_2_6,1,AQU_2019-12-30_2,2302,Mr. Shortandsimple,2019-12-30 13:00:22.500,AQU_2019-12-30_2_2302,0.004918509920698395,70.82654285805688,0.22,1
2742331,AQU,2019-12-12,2,6,368,40.6715211394985,-73.8319749893563,800,D,GD ,54,CLM,28000.0,1259,120,Jorge A. Vargas Jr.,270,3,AQU_2019-12-12_2_6,0,AQU_2019-12-12_2,974,Inclunation,2019-12-12 13:00:32.000,AQU_2019-12-12_2_974,0.003909603493074181,56.2982903002682,0.91,4
2686406,BEL,2019-06-01,9,12,247,40.7137339908383,-73.7236827890468,600,T,GD ,153,ALW,66000.0,552,120,Eric Cancel,1660,9,BEL_2019-06-01_9_12,0,BEL_2019-06-01_9,3218,Andarta,2019-06-01 17:53:01.750,BEL_2019-06-01_9_3218,0.003926327742057149,56.53911948562294,0.83,4
2217792,AQU,2019-02-01,8,7,247,40.6715306654497,-73.8319768044525,550,D,FT ,52,MCL,33000.0,419,123,Ruben Silvera,730,3,AQU_2019-02-01_8_7,0,AQU_2019-02-01_8,757,Finlee,2019-02-01 16:20:01.750,AQU_2019-02-01_8_757,0.004120022474403943,59.32832363141679,0.87,4
2957795,SAR,2019-07-26,9,6,351,43.0735001123174,-73.7677010611588,900,D,MY ,77,STK,100000.0,551,118,Luis Saez,2950,6,SAR_2019-07-26_9_6,0,SAR_2019-07-26_9,52,Direct Order,2019-07-26 17:52:27.750,SAR_2019-07-26_9_52,0.0038673058122760035,55.68920369677445,0.81,4
2822544,BEL,2019-10-18,6,10,98,40.7171794217611,-73.7240769501918,700,T,GD ,90,ALW,66000.0,409,118,Michael J. Luzzi,5675,12,BEL_2019-10-18_6_10,0,BEL_2019-10-18_6,1948,Alphastest,2019-10-18 16:09:24.500,BEL_2019-10-18_6_1948,0.005179227931469692,74.58088221316356,0.29,2
2582793,SAR,2019-08-31,2,8,208,43.0724168220725,-73.7696945449448,550,T,FM ,22,CLM,52000.0,103,120,Manuel Franco,4900,3,SAR_2019-08-31_2_8,0,SAR_2019-08-31_2,811,Running Violence,2019-08-31 13:03:52.000,SAR_2019-08-31_2_811,0.0047538526936788,68.45547878897473,0.82,4
1754617,AQU,2019-01-19,8,2,118,40.6693144669531,-73.8297157373159,900,D,FT ,99,AOC,64000.0,400,125,Jose Lezcano,245,1,AQU_2019-01-19_8_2,1,AQU_2019-01-19_8,526,Local Counsel,2019-01-19 16:00:29.500,AQU_2019-01-19_8_526,0.004552755672170789,65.55968167925936,0.26,2
3107662,BEL,2019-10-10,8,3,116,40.717093397312,-73.7270040524467,600,T,FM ,101,MCL,41000.0,511,121,Dylan Davis,1140,5,BEL_2019-10-10_8_3,0,BEL_2019-10-10_8,2328,Vitanza,2019-10-10 17:11:29.000,BEL_2019-10-10_8_2328,0.005178017121983091,74.56344655655651,0.4,2
3685348,BEL,2019-10-03,3,6,230,40.7153552039052,-73.727796175661,800,D,SY ,72,CLM,42000.0,225,120,Joel Rosario,185,1,BEL_2019-10-03_3_6,1,BEL_2019-10-03_3,2488,Jerome Avenue,2019-10-03 14:25:57.500,BEL_2019-10-03_3_2488,0.004775336553342293,68.76484636812901,0.6,3
3988918,BEL,2019-06-09,3,5,97,40.7172472993838,-73.7272252504422,600,D,FT ,66,STK,150000.0,234,123,John R. Velazquez,750,4,BEL_2019-06-09_3_5,0,BEL_2019-06-09_3,3350,Moonlight Romance,2019-06-09 14:34:24.250,BEL_2019-06-09_3_3350,0.0051248298307966875,73.7975495634723,0.35,2
4233842,BEL,2019-10-10,5,4,71,40.7177427137762,-73.7255621676603,600,D,FT ,58,SOC,50000.0,332,120,Jose Lezcano,1130,5,BEL_2019-10-10_5_4,0,BEL_2019-10-10_5,3909,Subsidiary,2019-10-10 15:32:17.750,BEL_2019-10-10_5_3909,0.004976721679196196,71.66479218042522,0.25,2
832000,BEL,2019-06-08,9,1,332,40.7133128515044,-73.7227224275476,800,D,FT ,46,STK,1200000.0,449,122,Jose L. Ortiz,1050,7,BEL_2019-06-08_9_1,0,BEL_2019-06-08_9,3328,Coal Front,2019-06-08 16:50:23.000,BEL_2019-06-08_9_3328,0.003993219844241585,57.50236575707882,0.92,4
4941588,BEL,2019-10-06,7,1,19,40.7164689833994,-73.7212900656697,600,T,FM ,84,STK,150000.0,415,120,John R. Velazquez,550,2,BEL_2019-10-06_7_1,0,BEL_2019-10-06_7,1906,Freewheeler,2019-10-06 16:15:04.750,BEL_2019-10-06_7_1906,0.004468922218973776,64.35247995322237,0.06,1
3589998,SAR,2019-07-14,5,1,91,43.070008747409,-73.771863504811,800,I,FM ,80,CLM,65000.0,329,120,Junior Alvarado,1970,7,SAR_2019-07-14_5_1,0,SAR_2019-07-14_5,2919,Sundrenched,2019-07-14 15:29:22.750,SAR_2019-07-14_5_2919,0.004569200932299659,65.79649342511509,0.24,1
734532,BEL,2019-05-09,5,3,311,40.713088951755,-73.721970819893,700,D,FT ,40,AOC,70000.0,510,121,Tzeonn Chang,3000,6,BEL_2019-05-09_5_3,0,BEL_2019-05-09_5,347,Manifest Destiny,2019-05-09 17:11:17.750,BEL_2019-05-09_5_347,0.004148828595770977,59.74313177910207,0.97,4
4096655,BEL,2019-10-18,7,4,207,40.7141698973167,-73.7260498893784,650,D,FT ,45,AOC,70000.0,444,120,Eric Cancel,630,3,BEL_2019-10-18_7_4,0,BEL_2019-10-18_7,863,Kosciuszko,2019-10-18 16:44:51.750,BEL_2019-10-18_7_863,0.004806977579371005,69.22047714294247,0.68,3
1273339,BEL,2019-05-04,4,7,398,40.7154762520662,-73.7276011519488,1100,T,SF ,90,STK,200000.0,139,116,Eric Cancel,520,3,BEL_2019-05-04_4_7,0,BEL_2019-05-04_4,2933,Giant Zinger,2019-05-04 13:40:39.500,BEL_2019-05-04_4_2933,0.004286096304199818,61.71978678047738,0.73,3
2321110,AQU,2019-02-16,6,2,382,40.6712147318834,-73.8320558839028,800,D,FT ,54,CLM,28000.0,334,120,Dylan Davis,265,9,AQU_2019-02-16_6_2,0,AQU_2019-02-16_6,477,Danny California,2019-02-16 15:35:35.500,AQU_2019-02-16_6_477,0.0031160528055601345,44.87116040006594,0.97,4
4764553,BEL,2019-09-28,5,7,401,40.7132626337285,-73.7204940604575,850,I,FM ,84,MSW,75000.0,307,119,Javier Castellano,450,1,BEL_2019-09-28_5_7,1,BEL_2019-09-28_5,3822,Princesa Caroline,2019-09-28 15:08:40.250,BEL_2019-09-28_5_3822,0.004389703689570147,63.21173312981011,0.99,4
2276483,BEL,2019-05-18,5,7,5,40.7169126080731,-73.7217896180063,600,D,FT ,56,CLM,28000.0,208,125,Dylan Davis,150,2,BEL_2019-05-18_5_7,0,BEL_2019-05-18_5,6,Bourbon Did It,2019-05-18 14:08:01.250,BEL_2019-05-18_5_6,0.0021178464461664532,30.496988824796926,0.01,1
2595233,BEL,2019-06-13,2,5,336,40.7135797174643,-73.7237959407535,800,D,SY ,48,MSW,62000.0,337,118,Jose L. Ortiz,1720,3,BEL_2019-06-13_2_5,0,BEL_2019-06-13_2,2240,Eighty Seven North,2019-06-13 15:38:24.000,BEL_2019-06-13_2_2240,0.004167247900014985,60.008369760215786,0.8,4
3052446,BEL,2019-10-12,2,3,51,40.7142062420999,-73.71788720378,850,I,FM ,54,CLM,60000.0,118,119,Junior Alvarado,335,1,BEL_2019-10-12_2_3,1,BEL_2019-10-12_2,1608,Tempers Way,2019-10-12 13:18:12.750,BEL_2019-10-12_2_1608,0.005278590163375454,76.01169835260654,0.13,1
1578969,BEL,2019-06-28,7,9,151,40.7171019123106,-73.7240965893899,800,T,FM ,75,STR,55000.0,445,125,Jose L. Ortiz,300,5,BEL_2019-06-28_7_9,0,BEL_2019-06-28_7,3160,Architect,2019-06-28 16:45:37.750,BEL_2019-06-28_7_3160,0.004815900700033374,69.34897008048058,0.41,2
1787012,BEL,2019-09-06,1,8,31,40.7159393430031,-73.7182485289923,800,D,SY ,72,ALW,66000.0,302,124,Dylan Davis,560,3,BEL_2019-09-06_1_8,0,BEL_2019-09-06_1,2259,Irish Valor,2019-09-06 15:02:07.750,BEL_2019-09-06_1_2259,0.004364215850111996,62.84470824161274,0.08,1
391899,SAR,2019-08-07,9,8,425,43.0719628803635,-73.7716156621903,900,D,FT ,78,STK,101200.0,507,122,Nazario Alvarado,3675,3,SAR_2019-08-07_9_8,0,SAR_2019-08-07_9,371,Winston's Chance,2019-08-07 17:08:46.250,SAR_2019-08-07_9_371,0.0031639815172250724,45.561333848041045,0.93,4
2035670,AQU,2019-02-01,8,3,182,40.6741338078826,-73.8307194451232,550,D,FT ,52,MCL,33000.0,419,123,Dalton Brown,12550,8,AQU_2019-02-01_8_3,0,AQU_2019-02-01_8,117,Reyana Reya Dreams,2019-02-01 16:19:45.500,AQU_2019-02-01_8_117,0.004300171165033636,61.92246477648436,0.64,3
3547094,AQU,2019-04-07,6,3,155,40.6701195286533,-73.8294480663179,900,O,FM ,160,MSW,70000.0,409,118,Eric Cancel,1580,5,AQU_2019-04-07_6_3,0,AQU_2019-04-07_6,773,Team Win,2019-04-07 16:09:38.750,AQU_2019-04-07_6_773,0.0043810916413931505,63.087719636061365,0.36,2
4077241,SAR,2019-09-01,4,8,108,43.0726751402783,-73.764634706599,550,T,FM ,24,ALW,92000.0,211,120,Manuel Franco,315,1,SAR_2019-09-01_4_8,1,SAR_2019-09-01_4,2412,I'llhandalthecash,2019-09-01 14:11:27.000,SAR_2019-09-01_4_2412,0.005366626242497559,77.27941789196484,0.43,2
3755074,AQU,2019-01-04,4,1,333,40.6709044929224,-73.8322101372888,700,D,FT ,45,MCL,46000.0,227,120,Manuel Franco,180,1,AQU_2019-01-04_4_1,1,AQU_2019-01-04_4,80,Regal Retort,2019-01-04 14:28:23.250,AQU_2019-01-04_4_80,0.0035443840531292877,51.039130365061744,0.89,4
396361,SAR,2019-07-19,7,1,393,43.0730501744837,-73.7649918249693,1100,I,FM ,225,AOC,95000.0,441,122,Javier Castellano,460,5,SAR_2019-07-19_7_1,0,SAR_2019-07-19_7,2147,Krewe Chief,2019-07-19 16:42:38.250,SAR_2019-07-19_7_2147,0.004807970883158158,69.23478071747748,0.74,3
4067434,SAR,2019-07-31,10,13,193,43.0710025615496,-73.7669190479757,850,T,GD ,128,MCL,48000.0,626,118,Joel Rosario,1030,2,SAR_2019-07-31_10_13,0,SAR_2019-07-31_10,1347,Lido Key,2019-07-31 18:26:48.250,SAR_2019-07-31_10_1347,0.004969123974575827,71.55538523389191,0.47,2
3361891,BEL,2019-07-06,2,1,179,40.7172588622268,-73.7244648443897,850,T,FM ,166,MCL,41000.0,134,118,Dylan Davis,3225,11,BEL_2019-07-06_2_1,0,BEL_2019-07-06_2,3468,Keep the Light On,2019-07-06 13:34:44.750,BEL_2019-07-06_2_3468,0.004786991044595306,68.9326710421724,0.44,2
4175716,AQU,2019-11-30,4,4,116,40.6743863971307,-73.8273130839341,600,O,GD ,52,AOC,70000.0,125,120,Eric Cancel,3625,9,AQU_2019-11-30_4_4,0,AQU_2019-11-30_4,1485,Honorable Hero,2019-11-30 13:25:29.000,AQU_2019-11-30_4_1485,0.005047884738976886,72.68954024126715,0.4,2
4129453,AQU,2019-12-13,5,9,28,40.6694089929996,-73.82910694959,700,D,GD ,48,MCL,33000.0,231,122,Manuel Franco,640,4,AQU_2019-12-13_5_9,0,AQU_2019-12-13_5,2244,Alreadycelebrating,2019-12-13 14:31:07.000,AQU_2019-12-13_5_2244,0.004754711287869024,68.46784254531394,0.08,1
310852,AQU,2019-11-15,2,7,251,40.675082330897,-73.8286038537502,800,T,FM ,72,AOC,80000.0,1229,125,Jose Lezcano,245,1,AQU_2019-11-15_2_7,1,AQU_2019-11-15_2,1358,War Canoe,2019-11-15 12:30:02.750,AQU_2019-11-15_2_1358,0.004723245952691342,68.01474171875532,0.68,3
1372428,AQU,2019-12-01,1,7,247,40.6734172871756,-73.8311053663832,650,D,FT ,54,MCL,30000.0,1221,119,Benjamin Hernandez,1540,7,AQU_2019-12-01_1_7,0,AQU_2019-12-01_1,691,Causin' Trouble,2019-12-01 12:22:01.750,AQU_2019-12-01_1_691,0.004545045166728728,65.44865040089368,0.73,3
801896,BEL,2019-05-23,6,9,34,40.7144041079803,-73.7174349602468,850,T,GD ,130,STR,55000.0,554,124,Kendrick Carmouche,1240,4,BEL_2019-05-23_6_9,0,BEL_2019-05-23_6,2890,All Go,2019-05-23 17:54:08.500,BEL_2019-05-23_6_2890,0.005104412363998732,73.50353804158175,0.08,1
1994292,BEL,2019-07-03,8,1,84,40.7176380620193,-73.7263216623293,600,D,FT ,54,CLM,28000.0,518,125,Dylan Davis,1670,2,BEL_2019-07-03_8_1,0,BEL_2019-07-03_8,238,Call the Cat,2019-07-03 17:18:21.000,BEL_2019-07-03_8_238,0.005078166833553315,73.12560240316773,0.29,2
221241,AQU,2019-11-16,10,9,142,40.6753772351801,-73.8285792598713,600,O,FM ,45,CLM,38000.0,423,122,Joey R. Martinez,5050,11,AQU_2019-11-16_10_9,0,AQU_2019-11-16_10,2232,Shrink,2019-11-16 16:23:35.500,AQU_2019-11-16_10_2232,0.005110599257151885,73.59262930298715,0.51,3
4736069,AQU,2019-12-06,3,5,108,40.6744561452901,-73.827124471376,600,D,FT ,48,MSW,62000.0,1250,119,Jose Lezcano,730,2,AQU_2019-12-06_3_5,0,AQU_2019-12-06_3,2611,Girl's Wave,2019-12-06 12:50:27.000,AQU_2019-12-06_3_2611,0.004992722808865877,71.89520844766862,0.35,2
3685590,BEL,2019-10-20,5,1,3,40.7156378761141,-73.7171828200402,800,D,FT ,72,STR,55000.0,243,120,Joel Rosario,290,5,BEL_2019-10-20_5_1,0,BEL_2019-10-20_5,2488,Jerome Avenue,2019-10-20 14:43:00.750,BEL_2019-10-20_5_2488,0.001586141055959691,22.84043120581955,0.01,1
1779453,BEL,2019-09-11,6,1,86,40.7165302381026,-73.7207042879668,850,D,FT ,44,AOC,70000.0,540,122,Jose Lezcano,550,2,BEL_2019-09-11_6_1,0,BEL_2019-09-11_6,592,Cartwheel,2019-09-11 17:40:21.500,BEL_2019-09-11_6_592,0.005072509756578034,73.04414049472369,0.2,1
2724897,BEL,2019-04-27,8,1,33,40.7133315419386,-73.7184309760558,850,I,YL ,56,MSW,80000.0,518,118,Hector Rafael Diaz Jr.,4775,6,BEL_2019-04-27_8_1,0,BEL_2019-04-27_8,2877,Zorbed,2019-04-27 17:18:08.250,BEL_2019-04-27_8_2877,0.004119365905958628,59.31886904580425,0.08,1
3935772,BEL,2019-09-14,8,7,76,40.7151349816228,-73.7182786009668,850,I,FM ,66,STR,55000.0,442,120,Luis R. Reyes,3875,9,BEL_2019-09-14_8_7,0,BEL_2019-09-14_8,3089,Rossellini,2019-09-14 16:42:19.000,BEL_2019-09-14_8_3089,0.00469437006238003,67.59892889827243,0.19,1
4318354,AQU,2019-11-02,10,1,199,40.6740304091449,-73.8307601704625,600,D,FT ,40,MCL,41000.0,508,119,Luis R. Reyes,1200,10,AQU_2019-11-02_10_1,0,AQU_2019-11-02_10,1675,Big Royal Lineage,2019-11-02 17:08:49.750,AQU_2019-11-02_10_1675,0.004261536816695008,61.36613016040812,0.68,3
703607,AQU,2019-02-09,2,1,6,40.6686309048382,-73.8295751615296,700,D,FT ,44,CLM,20000.0,124,114,Benjamin Hernandez,360,3,AQU_2019-02-09_2_1,0,AQU_2019-02-09_2,899,Satin Sheets,2019-02-09 13:24:01.500,AQU_2019-02-09_2_899,0.002645545482554095,38.095854948778964,0.01,1
3255168,AQU,2019-03-09,10,3,200,40.6751675260872,-73.8275646836059,800,D,FT ,54,STK,300000.0,511,123,John R. Velazquez,580,2,AQU_2019-03-09_10_3,0,AQU_2019-03-09_10,47,Mind Control,2019-03-09 17:11:50.000,AQU_2019-03-09_10_47,0.0048784386758844245,70.24951693273572,0.49,2
2469959,SAR,2019-07-13,10,2,293,43.0723567530623,-73.7705640977355,700,D,FT ,30,ALW,92000.0,619,120,Tyler Gaffalione,840,4,SAR_2019-07-13_10_2,0,SAR_2019-07-13_10,4065,Where Paradise Lay,2019-07-13 18:20:13.250,SAR_2019-07-13_10_4065,0.004231296248433941,60.93066597744875,0.89,4
3439479,AQU,2019-04-17,2,5,299,40.6721688352473,-73.8316650234539,700,D,FT ,44,MCL,33000.0,200,118,Harry Hernandez,2370,3,AQU_2019-04-17_2_5,0,AQU_2019-04-17_2,402,Wisecrack,2019-04-17 14:01:14.750,AQU_2019-04-17_2_402,0.004031742256607932,58.05708849515421,0.88,4
4843977,AQU,2019-12-29,3,3,288,40.674593606489,-73.8305200149078,800,D,FT ,54,MSW,60000.0,127,119,Kendrick Carmouche,2310,9,AQU_2019-12-29_3_3,0,AQU_2019-12-29_3,2591,Superego,2019-12-29 13:28:12.000,AQU_2019-12-29_3_2591,0.0038599147384016275,55.58277223298344,0.71,3
1222544,BEL,2019-05-05,7,6,91,40.716615853251,-73.7208164787346,850,D,SY ,44,ALW,66000.0,445,125,Rajiv Maragh,2310,6,BEL_2019-05-05_7_6,0,BEL_2019-05-05_7,871,Big Thicket,2019-05-05 16:45:22.750,BEL_2019-05-05_7_871,0.005128790478900638,73.85458289616919,0.22,1
3644755,AQU,2019-02-28,3,5,212,40.6750827937529,-73.8274441393081,800,D,FT ,54,MSW,60000.0,154,122,Kendrick Carmouche,255,1,AQU_2019-02-28_3_5,1,AQU_2019-02-28_3,1068,Whistling Birds,2019-02-28 13:54:53.000,AQU_2019-02-28_3_1068,0.004241121038887456,61.07214295997937,0.53,3
771522,BEL,2019-09-13,8,11,16,40.7147157324862,-73.7172672114662,800,T,FM ,110,CLM,48000.0,644,124,Eric Cancel,950,6,BEL_2019-09-13_8_11,0,BEL_2019-09-13_8,1511,Letterman,2019-09-13 18:44:04.000,BEL_2019-09-13_8_1511,0.0044881996109118385,64.63007439713047,0.04,1
4015738,BEL,2019-09-21,5,2,190,40.714072315694,-73.7256888012105,600,D,FT ,63,CLM,28000.0,307,120,Dylan Davis,410,1,BEL_2019-09-21_5_2,1,BEL_2019-09-21_5,1797,Ari's Naughty Luca,2019-09-21 15:07:47.500,BEL_2019-09-21_5_1797,0.004861701724037702,70.00850482614291,0.68,3
2460359,SAR,2019-08-11,9,5,88,43.0720034552488,-73.7647334218689,550,T,FM ,54,STK,100000.0,421,124,Mychel J. Sanchez,500,8,SAR_2019-08-11_9_5,0,SAR_2019-08-11_9,4452,Karama,2019-08-11 16:21:22.000,SAR_2019-08-11_9_4452,0.005488093753227834,79.0285500464808,0.35,2
4014117,AQU,2019-11-20,9,4,206,40.6739871304997,-73.8307874723613,600,D,FT ,38,MCL,33000.0,417,120,Dylan Davis,710,4,AQU_2019-11-20_9_4,0,AQU_2019-11-20_9,989,Da Berg,2019-11-20 16:17:51.500,AQU_2019-11-20_9_989,0.005008128119528896,72.1170449212161,0.67,3
2480374,SAR,2019-07-24,10,12,149,43.0721955799685,-73.7643627003108,700,D,FT ,32,ALW,92000.0,620,120,Irad Ortiz Jr.,620,3,SAR_2019-07-24_10_12,0,SAR_2019-07-24_10,2815,Proximity Bias,2019-07-24 18:20:37.250,SAR_2019-07-24_10_2815,0.005159203092066014,74.2925245257506,0.45,2
4569299,SAR,2019-07-24,3,10,308,43.0723190934697,-73.7706351401079,700,D,FT ,32,MSW,78000.0,201,119,John R. Velazquez,240,3,SAR_2019-07-24_3_10,0,SAR_2019-07-24_3,2120,Beyond Brown,2019-07-24 14:02:17.000,SAR_2019-07-24_3_2120,0.0040487473172967515,58.30196136907322,0.91,4
663969,AQU,2019-01-10,3,6,260,40.6755177557128,-73.82942666326,800,D,FT ,54,MCL,30000.0,200,116,Joey R. Martinez,710,2,AQU_2019-01-10_3_6,0,AQU_2019-01-10_3,239,Well in Tune,2019-01-10 14:01:05.000,AQU_2019-01-10_3_239,0.004203853180454496,60.53548579854475,0.62,3
4411543,AQU,2019-11-10,6,4,82,40.6726344526468,-73.827736138731,650,D,FT ,56,MSW,62000.0,223,119,Jose L. Ortiz,1120,11,AQU_2019-11-10_6_4,0,AQU_2019-11-10_6,1961,Funfetti,2019-11-10 14:23:20.500,AQU_2019-11-10_6_1961,0.005122593835864317,73.76535123644616,0.24,1
4382947,SAR,2019-08-21,3,7,154,43.0738858000189,-73.7665453157978,550,D,SY ,54,MCL,60000.0,158,119,Rajiv Maragh,240,2,SAR_2019-08-21_3_7,0,SAR_2019-08-21_3,4195,Shackleford's Joy,2019-08-21 13:58:38.500,SAR_2019-08-21_3_4195,0.004617100745775637,66.48625073916918,0.56,3
3030733,AQU,2019-03-15,3,3,273,40.6715231968151,-73.8319192530876,600,D,FT ,45,MSW,60000.0,240,118,Manuel Franco,175,5,AQU_2019-03-15_3_3,0,AQU_2019-03-15_3,268,Awillaway,2019-03-15 14:41:08.250,AQU_2019-03-15_3_268,0.0037654998538430126,54.22319789533938,0.91,4
2704344,BEL,2019-06-08,11,6,408,40.7155498248726,-73.7279064705597,1200,D,FT ,78,STK,1500000.0,638,126,Javier Castellano,1040,6,BEL_2019-06-08_11_6,0,BEL_2019-06-08_11,3334,Spinoff,2019-06-08 18:39:42.000,BEL_2019-06-08_11_3334,0.004757074094909518,68.50186696669705,0.74,3
5226647,BEL,2019-09-06,7,9,183,40.7149487401699,-73.7265226709921,600,I,YL ,126,STK,100000.0,612,120,Manuel Franco,990,3,BEL_2019-09-06_7_9,0,BEL_2019-09-06_7,2646,Rose Flower (GER),2019-09-06 18:12:45.750,BEL_2019-09-06_7_2646,0.004720877551346599,67.98063673939102,0.6,3
3208129,BEL,2019-09-07,10,3,92,40.7133060139958,-73.7215981846273,1200,T,GD ,63,STK,1000000.0,547,122,Jose Lezcano,630,5,BEL_2019-09-07_10_3,0,BEL_2019-09-07_10,3214,Henley's Joy,2019-09-07 17:47:23.000,BEL_2019-09-07_10_3214,0.004597339359212544,66.20168677266064,0.16,1
115264,AQU,2019-04-17,7,7,163,40.6751288430586,-73.8296450512864,600,O,GD ,60,AOC,70000.0,442,126,Jose Lezcano,165,4,AQU_2019-04-17_7_7,0,AQU_2019-04-17_7,370,Royal Asset,2019-04-17 16:42:40.750,AQU_2019-04-17_7_370,0.005170036648944164,74.44852774479597,0.59,3
17700,AQU,2019-02-24,4,5,48,40.6683311789854,-73.829680001282,800,D,SY ,54,CLM,48000.0,225,120,Carlos J. Hernandez,920,4,AQU_2019-02-24_4_5,0,AQU_2019-02-24_4,463,Poshsky,2019-02-24 14:25:12.000,AQU_2019-02-24_4_463,0.004957224284697081,71.38402969963796,0.12,1
5079308,BEL,2019-10-05,11,6,119,40.716644565922,-73.7223552037585,800,T,FM ,76,MSW,75000.0,557,119,Junior Alvarado,195,2,BEL_2019-10-05_11_6,0,BEL_2019-10-05_11,3893,Sul Moon,2019-10-05 17:57:29.750,BEL_2019-10-05_11_3893,0.004218126903874493,60.74102741579269,0.31,2
3106529,SAR,2019-07-21,6,6,264,43.073490360032,-73.7661577642871,800,I,FM ,74,CLM,48000.0,322,120,Irad Ortiz Jr.,305,11,SAR_2019-07-21_6_6,0,SAR_2019-07-21_6,3161,Mamma Dee,2019-07-21 15:23:06.000,SAR_2019-07-21_6_3161,0.004089924283611687,58.8949096840083,0.71,3
3565983,BEL,2019-05-09,9,6,289,40.7135054951071,-73.7215088826956,600,I,GD ,172,ALW,66000.0,719,113,Benjamin Hernandez,2220,9,BEL_2019-05-09_9_6,0,BEL_2019-05-09_9,278,Countable,2019-05-09 19:20:12.250,BEL_2019-05-09_9_278,0.003914483157236697,56.36855746420843,0.89,4
4166572,BEL,2019-07-07,6,1,90,40.7169841041481,-73.72485288543,600,I,FM ,148,MCL,46000.0,313,118,Eric Cancel,770,3,BEL_2019-07-07_6_1,0,BEL_2019-07-07_6,1207,Big Wonder,2019-07-07 15:13:22.500,BEL_2019-07-07_6_1207,0.005321982421566208,76.6365468705534,0.31,2
941373,BEL,2019-09-21,2,8,329,40.7144044875888,-73.7249265741162,850,I,FM ,78,MCL,41000.0,134,124,Gary Richards,4550,7,BEL_2019-09-21_2_8,0,BEL_2019-09-21_2,115,Low Is Laine,2019-09-21 13:35:22.250,BEL_2019-09-21_2_115,0.004665577109144743,67.1843103716843,0.78,4
2818885,AQU,2019-03-09,11,6,77,40.6699027170386,-73.8289794305483,800,D,FT ,54,STK,250000.0,544,118,Jose Lezcano,3275,8,AQU_2019-03-09_11_6,0,AQU_2019-03-09_11,62,Excess Capacity,2019-03-09 17:44:19.250,AQU_2019-03-09_11_62,0.0052939772590251295,76.23327252996187,0.2,1
1221370,AQU,2019-02-07,8,5,336,40.6724449972522,-73.8315506454908,800,D,MY ,52,CLM,16000.0,433,119,Jose Lezcano,730,6,AQU_2019-02-07_8_5,0,AQU_2019-02-07_8,871,Big Thicket,2019-02-07 16:34:24.000,AQU_2019-02-07_8_871,0.0039267363518130875,56.54500346610846,0.86,4
3639744,AQU,2019-02-23,6,2,234,40.673293470015,-73.8311552785545,650,D,FT ,36,MSW,68000.0,325,120,Manuel Franco,165,5,AQU_2019-02-23_6_2,0,AQU_2019-02-23_6,1051,Miami Mumbles,2019-02-23 15:25:58.500,AQU_2019-02-23_6_1051,0.004533385477065762,65.28075086974697,0.74,3
2904625,BEL,2019-06-23,9,1,121,40.7171366651974,-73.7263334584082,600,I,FM ,124,MCL,41000.0,551,113,Heman K. Harkie,8450,12,BEL_2019-06-23_9_1,0,BEL_2019-06-23_9,2779,La Rubia,2019-06-23 17:51:30.250,BEL_2019-06-23_9_2779,0.005001935834708295,72.02787601979945,0.42,2
3448646,BEL,2019-09-28,3,7,198,40.7151029127868,-73.727447141116,700,T,FM ,90,ALW,77000.0,204,120,Dylan Davis,375,4,BEL_2019-09-28_3_7,0,BEL_2019-09-28_3,3818,Swamp Rat,2019-09-28 14:04:49.500,BEL_2019-09-28_3_3818,0.005009039380241273,72.13016707547433,0.62,3
2749971,AQU,2019-11-07,6,2,381,40.674869114335,-73.8281516856202,1100,T,FM ,27,ALW,90000.0,250,120,Jose L. Ortiz,190,4,AQU_2019-11-07_6_2,0,AQU_2019-11-07_6,64,Fancy That,2019-11-07 14:51:35.250,AQU_2019-11-07_6_64,0.004793388548240275,69.02479509465996,0.73,3
1101649,BEL,2019-10-11,3,7,78,40.7177105743271,-73.7260166397325,600,D,FT ,60,CLM,28000.0,223,123,Kendrick Carmouche,410,1,BEL_2019-10-11_3_7,1,BEL_2019-10-11_3,135,Overtime Olivia,2019-10-11 14:23:19.500,BEL_2019-10-11_3_135,0.005358549319663974,77.16311020316122,0.27,2
4124239,BEL,2019-10-11,7,1,347,40.71567316675,-73.7273374874331,1000,I,GD ,92,AOC,77000.0,444,122,Jose Lezcano,490,7,BEL_2019-10-11_7_1,0,BEL_2019-10-11_7,2812,Nonsensical,2019-10-11 16:45:26.750,BEL_2019-10-11_7_2812,0.0048226895168455314,69.44672904257565,0.74,3
2317888,BEL,2019-05-18,12,4,101,40.715703101279,-73.7196804837696,850,I,GD ,72,MCL,41000.0,605,125,Rajiv Maragh,235,10,BEL_2019-05-18_12_4,0,BEL_2019-05-18_12,3076,Bunyan's Axe,2019-05-18 18:05:25.250,BEL_2019-05-18_12_3076,0.004849526823483958,69.833186258169,0.24,1
3761524,BEL,2019-10-12,10,3,26,40.7149070044451,-73.7175951195649,800,T,FM ,108,STR,55000.0,552,118,Joe Bravo,520,2,BEL_2019-10-12_10_3,0,BEL_2019-10-12_10,2233,Bourbon in May,2019-10-12 17:52:06.500,BEL_2019-10-12_10_2233,0.004436495126262978,63.88552981818688,0.07,1
4363366,AQU,2019-12-14,2,4,177,40.6748673164771,-73.8303590578159,600,D,SY ,48,AOC,70000.0,100,118,Manuel Franco,430,3,AQU_2019-12-14_2_4,0,AQU_2019-12-14_2,2746,Wedontbelieveher,2019-12-14 13:00:44.250,AQU_2019-12-14_2_2746,0.004780632189257202,68.84110352530371,0.61,3
2732484,BEL,2019-04-26,9,5,143,40.71727538125,-73.7272132504158,700,D,SY ,45,ALW,66000.0,613,120,Junior Alvarado,590,3,BEL_2019-04-26_9_5,0,BEL_2019-04-26_9,650,Maiden Beauty,2019-04-26 18:13:35.750,BEL_2019-04-26_9_650,0.004898022251067758,70.53152041537571,0.42,2
1557375,AQU,2019-01-10,3,5,28,40.6674618552747,-73.8300569302899,800,D,FT ,54,MCL,30000.0,200,123,Manuel Franco,195,3,AQU_2019-01-10_3_5,0,AQU_2019-01-10_3,240,Pragmatist,2019-01-10 14:00:07.000,AQU_2019-01-10_3_240,0.004142108184622933,59.64635785857023,0.06,1
5117616,BEL,2019-06-26,5,3,105,40.7157606126566,-73.7198718568805,850,I,FM ,84,MCL,46000.0,346,125,Hector Rafael Diaz Jr.,2975,5,BEL_2019-06-26_5_3,0,BEL_2019-06-26_5,2296,Azzedine (FR),2019-06-26 15:46:26.250,BEL_2019-06-26_5_2296,0.005088379703527207,73.27266773079178,0.26,2
1985680,AQU,2019-04-07,3,8,422,40.6708668404674,-73.8318894524791,900,O,FM ,160,MSW,70000.0,230,126,Eric Cancel,420,8,AQU_2019-04-07_3_8,0,AQU_2019-04-07_3,1337,Rhode Island,2019-04-07 14:31:45.500,AQU_2019-04-07_3_1337,0.004177908392014917,60.16188084501481,1.0,4
3340382,BEL,2019-05-18,3,7,132,40.7168138293161,-73.7269955540685,600,I,GD ,138,MSW,80000.0,109,118,Reylu Gutierrez,4475,6,BEL_2019-05-18_3_7,0,BEL_2019-05-18_3,2957,Effiemeister,2019-05-18 13:09:33.000,BEL_2019-05-18_3_2957,0.0049969795841029166,71.956506011082,0.46,2
4274194,AQU,2019-04-12,5,9,183,40.6753601822961,-73.8298344489078,650,D,FT ,30,MSW,62000.0,336,118,Dylan Davis,1600,1,AQU_2019-04-12_5_9,1,AQU_2019-04-12_5,1412,Freudnme,2019-04-12 15:36:45.750,AQU_2019-04-12_5_1412,0.0047898957623953,68.97449897849232,0.56,3
389930,AQU,2019-03-30,6,9,182,40.6747627266821,-73.830431681924,600,D,FT ,45,SST,55000.0,418,122,Dylan Davis,650,2,AQU_2019-03-30_6_9,0,AQU_2019-03-30_6,523,Malibu Action,2019-03-30 16:18:45.500,AQU_2019-03-30_6_523,0.0046691539467511416,67.23581683321643,0.63,3
5041543,BEL,2019-09-07,4,2,9,40.7133950458588,-73.7174685639004,850,T,GD ,56,MCL,41000.0,237,117,Joey R. Martinez,4450,6,BEL_2019-09-07_4_2,0,BEL_2019-09-07_4,2296,Azzedine (FR),2019-09-07 14:37:02.250,BEL_2019-09-07_4_2296,0.003143371886926237,45.26455517173782,0.02,1
389397,SAR,2019-08-25,6,7,41,43.0702510950223,-73.768109935447,600,D,FT ,48,CLM,34000.0,343,122,Tyler Gaffalione,800,4,SAR_2019-08-25_6_7,0,SAR_2019-08-25_6,2748,Love That Jazz,2019-08-25 15:43:10.250,SAR_2019-08-25_6_2748,0.005309739531797831,76.46024925788878,0.14,1
983174,AQU,2019-03-10,8,2,182,40.6742786149987,-73.8271126689797,800,D,SY ,54,STK,150000.0,519,122,Eric Cancel,400,3,AQU_2019-03-10_8_2,0,AQU_2019-03-10_8,575,Forever Liesl,2019-03-10 17:19:45.500,AQU_2019-03-10_8_575,0.004746818455944453,68.35418576560012,0.48,2
428804,SAR,2019-07-13,11,5,9,43.0723917143568,-73.7692817052114,800,I,GD ,81,CLM,52000.0,656,125,Luis R. Reyes,3375,10,SAR_2019-07-13_11_5,0,SAR_2019-07-13_11,4072,Gray Sky,2019-07-13 18:56:02.250,SAR_2019-07-13_11_4072,0.0022786836795453433,32.81304498545294,0.02,1
3818775,BEL,2019-06-12,1,4,408,40.7128558709121,-73.7211194281392,850,D,FT ,44,MCL,46000.0,131,118,Joel Rosario,450,1,BEL_2019-06-12_1_4,1,BEL_2019-06-12_1,2076,Soul Fight,2019-06-12 13:32:42.000,BEL_2019-06-12_1_2076,0.0032772933456763583,47.19302417773956,0.96,4
1156428,SAR,2019-07-14,6,10,286,43.0731337507957,-73.7647641368677,900,T,FM ,134,ALW,80000.0,405,123,Irad Ortiz Jr.,1690,9,SAR_2019-07-14_6_10,0,SAR_2019-07-14_6,3167,Dooder,2019-07-14 16:06:11.500,SAR_2019-07-14_6_3167,0.004764428266221992,68.60776703359669,0.67,3
4256553,SAR,2019-08-25,10,3,166,43.0709607949328,-73.7677873127868,800,I,FM ,38,MCL,48000.0,551,118,Chris Landeros,2475,6,SAR_2019-08-25_10_3,0,SAR_2019-08-25_10,4296,Going to Temple,2019-08-25 17:51:41.500,SAR_2019-08-25_10_4296,0.004698602715248724,67.65987909958162,0.43,2
600945,SAR,2019-08-15,3,4,280,43.0724858853389,-73.7701750218693,700,D,FT ,32,AOC,98000.0,206,123,Manuel Franco,350,3,SAR_2019-08-15_3_4,0,SAR_2019-08-15_3,2687,Tale of Silence,2019-08-15 14:07:10.000,SAR_2019-08-15_3_2687,0.004729812057431307,68.10929362701081,0.88,4
2489685,SAR,2019-08-16,5,5,229,43.072666686245,-73.7697865865647,600,D,FT ,55,AOC,95000.0,311,120,Joel Rosario,375,3,SAR_2019-08-16_5_5,0,SAR_2019-08-16_5,1316,Mucho,2019-08-16 15:11:57.250,SAR_2019-08-16_5_1316,0.0045843049472074114,66.01399123978672,0.84,4
784757,BEL,2019-06-01,6,9,148,40.7171814339534,-73.7240377007376,800,T,GD ,166,CLM,50000.0,412,126,Eric Cancel,940,9,BEL_2019-06-01_6_9,0,BEL_2019-06-01_6,91,Shamcat,2019-06-01 16:12:37.000,BEL_2019-06-01_6_91,0.005031695347267041,72.45641300064538,0.4,2
4516267,SAR,2019-08-21,6,4,8,43.0688151456859,-73.7718810635987,700,D,SY ,32,MSW,75000.0,413,119,Irad Ortiz Jr.,450,3,SAR_2019-08-21_6_4,0,SAR_2019-08-21_6,1654,Legend of Bam,2019-08-21 16:13:02.000,SAR_2019-08-21_6_1654,0.002195957449234209,31.62178726897261,0.02,1
668440,BEL,2019-05-24,5,1,141,40.7173700055923,-73.7238042406941,850,D,FT ,44,MCL,33000.0,340,124,Luis R. Reyes,3550,3,BEL_2019-05-24_5_1,0,BEL_2019-05-24_5,239,Well in Tune,2019-05-24 15:40:35.250,BEL_2019-05-24_5_239,0.0048419862565465205,69.7246020942699,0.35,2
1392618,AQU,2019-02-01,3,1,142,40.6755542982239,-73.8283522520469,600,D,FT ,48,MCL,41000.0,154,123,Dylan Davis,255,3,AQU_2019-02-01_3_1,0,AQU_2019-02-01_3,8,Legion Storm,2019-02-01 13:54:35.500,AQU_2019-02-01_3_8,0.004989589886159983,71.85009436070375,0.48,2
3737979,AQU,2019-01-13,1,5,139,40.6754561204309,-73.8296077697699,550,D,FT ,63,MSW,68000.0,1251,122,Dylan Davis,950,4,AQU_2019-01-13_1_5,0,AQU_2019-01-13_1,73,Jake Rocks,2019-01-13 12:51:34.750,AQU_2019-01-13_1_73,0.004905165509098857,70.63438333102354,0.53,3
3715111,BEL,2019-10-11,8,1,122,40.7169542500339,-73.7221543937086,850,D,FT ,50,CLM,28000.0,516,119,Luis R. Reyes,3925,2,BEL_2019-10-11_8_1,0,BEL_2019-10-11_8,3912,Can't Pass It Up,2019-10-11 17:16:30.500,BEL_2019-10-11_8_3912,0.00491101353844964,70.71859495367481,0.3,2
1065604,AQU,2019-01-13,2,6,409,40.6714793619242,-73.8319949802098,900,D,FT ,84,AOC,75000.0,122,123,Manuel Franco,245,2,AQU_2019-01-13_2_6,0,AQU_2019-01-13_2,388,Weather Wiz,2019-01-13 13:23:42.250,AQU_2019-01-13_2_388,0.00392484916412331,56.51782796337566,0.93,4
2747657,AQU,2019-04-17,3,3,302,40.6746095835565,-73.829718539062,850,T,GD ,90,CLM,50000.0,230,122,Kendrick Carmouche,750,4,AQU_2019-04-17_3_3,0,AQU_2019-04-17_3,1486,Traffic Stop,2019-04-17 14:31:15.500,AQU_2019-04-17_3_1486,0.004695142052880998,67.61004556148637,0.73,3
3745193,AQU,2019-03-09,3,1,126,40.6753376215177,-73.8278106751145,600,D,FT ,45,MCL,35000.0,125,115,Reylu Gutierrez,640,3,AQU_2019-03-09_3_1,0,AQU_2019-03-09_3,875,Karabessa,2019-03-09 13:25:31.500,AQU_2019-03-09_3_875,0.004803222272600731,69.16640072545053,0.42,2
2055742,AQU,2019-11-15,5,4,287,40.672464410488,-73.8315231281579,650,D,FT ,54,MCL,33000.0,203,124,Talbert Howell,10750,13,AQU_2019-11-15_5_4,0,AQU_2019-11-15_5,2118,Emerald Ice,2019-11-15 14:04:11.750,AQU_2019-11-15_5_2118,0.003872558898399307,55.76484813695002,0.89,4
3899377,BEL,2019-09-25,1,1,209,40.714254600482,-73.7262498751406,650,D,FT ,36,MSW,62000.0,102,121,Talbert Howell,3100,5,BEL_2019-09-25_1_1,0,BEL_2019-09-25_1,1740,Funderella,2019-09-25 13:02:52.250,BEL_2019-09-25_1_1740,0.004679262115423712,67.38137446210146,0.63,3
7209,BEL,2019-06-26,3,2,346,40.7139368943528,-73.7231988031815,850,I,FM ,84,CLM,60000.0,238,126,Junior Alvarado,460,2,BEL_2019-06-26_3_2,0,BEL_2019-06-26_3,2177,Mobridge,2019-06-26 14:39:26.500,BEL_2019-06-26_3_2177,0.004618944434268828,66.51279985347112,0.89,4
3693457,BEL,2019-06-13,4,2,266,40.7160924396577,-73.7273789435863,850,I,YL ,48,MSW,80000.0,441,118,Joe Bravo,730,4,BEL_2019-06-13_4_2,0,BEL_2019-06-13_4,3010,Funny Flowers,2019-06-13 16:42:06.500,BEL_2019-06-13_4_3010,0.004977514624595962,71.67621059418185,0.67,3
2733688,BEL,2019-10-25,4,3,282,40.7137152271098,-73.7235049113181,700,T,GD ,82,AOC,70000.0,259,120,Dylan Davis,4300,6,BEL_2019-10-25_4_3,0,BEL_2019-10-25_4,650,Maiden Beauty,2019-10-25 15:00:10.500,BEL_2019-10-25_4_650,0.004528444855758682,65.20960592292502,0.81,4
3089589,BEL,2019-06-27,4,2,106,40.7171398652756,-73.7229391377817,800,D,FT ,52,MCL,33000.0,438,118,Joel Rosario,440,3,BEL_2019-06-27_4_2,0,BEL_2019-06-27_4,1929,Pecatonica,2019-06-27 16:38:26.500,BEL_2019-06-27_4_1929,0.0049781163053932076,71.68487479766219,0.27,2
3512082,SAR,2019-08-29,10,13,84,43.070411936866,-73.7721609398699,800,I,FM ,27,MCL,48000.0,551,118,Irad Ortiz Jr.,125,1,SAR_2019-08-29_10_13,1,SAR_2019-08-29_10,3699,Ideational,2019-08-29 17:51:21.000,SAR_2019-08-29_10_3699,0.004620412829606956,66.53394474634017,0.22,1
4176787,BEL,2019-06-15,8,4,101,40.7156292662178,-73.719575033298,850,I,FM ,56,CLM,60000.0,519,118,Irad Ortiz Jr.,430,3,BEL_2019-06-15_8_4,0,BEL_2019-06-15_8,1485,Honorable Hero,2019-06-15 17:19:25.250,BEL_2019-06-15_8_1485,0.004788938131038032,68.96070908694766,0.26,2
3651339,BEL,2019-05-30,3,2,304,40.7141336350455,-73.725817827136,850,D,GD ,44,ALW,82000.0,407,118,Joe Bravo,1260,3,BEL_2019-05-30_3_2,0,BEL_2019-05-30_3,2813,Private Beach,2019-05-30 16:08:16.000,BEL_2019-05-30_3_2813,0.004442646643274463,63.974111663152264,0.74,3
4122448,AQU,2019-11-10,10,1,270,40.6749477821596,-73.8282802651471,850,T,FM ,88,MCL,41000.0,421,114,Heman K. Harkie,6875,6,AQU_2019-11-10_10_1,0,AQU_2019-11-10_10,1209,Hurricane Andrew,2019-11-10 16:22:07.500,AQU_2019-11-10_10_1209,0.0044387841649301644,63.91849197499437,0.65,3
372542,BEL,2019-06-19,9,6,111,40.7177507591115,-73.7255296497582,700,D,GD ,54,CLM,39000.0,551,123,Samuel Jimenez,1360,3,BEL_2019-06-19_9_6,0,BEL_2019-06-19_9,3429,City Traveler,2019-06-19 17:51:27.750,BEL_2019-06-19_9_3429,0.004986946994780488,71.81203672483903,0.28,2
3404532,BEL,2019-05-05,6,6,116,40.7175607105537,-73.7266194936352,650,D,SY ,48,MCL,30000.0,412,118,Eric Cancel,380,1,BEL_2019-05-05_6_6,1,BEL_2019-05-05_6,2623,Sweet Meadow Mist,2019-05-05 16:12:29.000,BEL_2019-05-05_6_2623,0.004839204199234546,69.68454046897746,0.36,2
394736,SAR,2019-07-26,5,6,192,43.0736480375385,-73.767276283137,600,D,MY ,50,CLM,34000.0,329,122,Ricardo Santana Jr.,1130,8,SAR_2019-07-26_5_6,0,SAR_2019-07-26_5,1149,Wildcat Belle,2019-07-26 15:29:48.000,SAR_2019-07-26_5_1149,0.004558081265878942,65.63637022865677,0.65,3
40282,AQU,2019-03-23,1,1,76,40.6696672329791,-73.8289977964852,800,D,FT ,54,CLM,24000.0,130,119,Dalton Brown,2370,5,AQU_2019-03-23_1_1,0,AQU_2019-03-23_1,290,Blue Pigeon,2019-03-23 13:30:19.000,AQU_2019-03-23_1_290,0.004578646013334294,65.93250259201383,0.19,1
2934344,BEL,2019-09-21,5,8,241,40.7134713519552,-73.7233112657425,600,D,FT ,63,CLM,28000.0,307,120,Michael J. Luzzi,1090,7,BEL_2019-09-21_5_8,0,BEL_2019-09-21_5,1265,Laughing Manners,2019-09-21 15:08:00.250,BEL_2019-09-21_5_1265,0.003923775708023478,56.50237019553809,0.86,4
880538,BEL,2019-05-17,6,3,119,40.7171301054144,-73.7263093190337,600,I,GD ,138,AOC,70000.0,409,123,Junior Alvarado,550,3,BEL_2019-05-17_6_3,0,BEL_2019-05-17_6,1495,Psychic Energy,2019-05-17 16:09:29.750,BEL_2019-05-17_6_1495,0.005026271163510186,72.37830475454668,0.41,2
3418051,BEL,2019-06-15,5,1,340,40.7141558250038,-73.723848124991,850,I,FM ,56,STR,55000.0,347,120,Dylan Davis,500,5,BEL_2019-06-15_5_1,0,BEL_2019-06-15_5,1484,Go Poke the Bear,2019-06-15 15:48:25.000,BEL_2019-06-15_5_1484,0.005013899692124962,72.20015556659945,0.85,4
1989740,AQU,2019-02-23,7,6,196,40.6755360204494,-73.8294752670641,700,D,FT ,44,AOC,75000.0,357,121,Dylan Davis,470,2,AQU_2019-02-23_7_6,0,AQU_2019-02-23_7,140,Almithmaar,2019-02-23 15:57:49.000,AQU_2019-02-23_7_140,0.005145008049654922,74.08811591503088,0.6,3
4979428,SAR,2019-07-27,4,7,68,43.0713296713464,-73.7654397127802,550,D,FT ,50,MSW,90000.0,247,119,Luis Saez,540,3,SAR_2019-07-27_4_7,0,SAR_2019-07-27_4,4234,Complexifier,2019-07-27 14:47:17.000,SAR_2019-07-27_4_4234,0.005549526824109992,79.91318626718389,0.25,2
4946908,BEL,2019-07-03,5,2,142,40.7148376787063,-73.7274456138951,550,D,FT ,72,MSW,80000.0,341,118,Eric Cancel,2600,7,BEL_2019-07-03_5_2,0,BEL_2019-07-03_5,3364,Positive Power,2019-07-03 15:41:35.500,BEL_2019-07-03_5_3364,0.004928313953012477,70.96772092337967,0.52,3
3459454,SAR,2019-09-01,2,7,258,43.0730553576792,-73.768722160306,700,D,FT ,32,MCL,44000.0,104,120,Michael J. Luzzi,1160,1,SAR_2019-09-01_2_7,1,SAR_2019-09-01_2,1373,Summer Fantasy,2019-09-01 13:05:04.500,SAR_2019-09-01_2_1373,0.004638642817243511,66.79645656830655,0.74,3
3229205,BEL,2019-07-05,1,2,378,40.7135550881421,-73.7213839113618,850,I,FM ,27,ALW,82000.0,132,120,Jose L. Ortiz,880,3,BEL_2019-07-05_1_2,0,BEL_2019-07-05_1,2100,Passing Out,2019-07-05 13:33:34.500,BEL_2019-07-05_1_2100,0.004467616683429239,64.33368024138105,0.99,4
1949808,SAR,2019-08-23,5,3,309,43.0733134826153,-73.7669227322389,850,I,GD ,90,STK,150000.0,310,118,Joel Rosario,250,4,SAR_2019-08-23_5_3,0,SAR_2019-08-23_5,1359,Wegetsdamunnys,2019-08-23 15:11:17.250,SAR_2019-08-23_5_1359,0.005250121243496685,75.60174590635226,0.78,4
745583,AQU,2019-01-20,2,7,136,40.6722364344105,-73.827871573703,800,D,SY ,54,AOC,64000.0,119,124,Manuel Franco,185,5,AQU_2019-01-20_2_7,0,AQU_2019-01-20_2,549,Beyond Discreet,2019-01-20 13:19:34.000,AQU_2019-01-20_2_549,0.004519454108373822,65.08013916058304,0.35,2
4383842,SAR,2019-08-14,6,3,156,43.0704738784331,-73.7689311923062,850,I,FM ,20,MSW,78000.0,332,119,Kendrick Carmouche,100,6,SAR_2019-08-14_6_3,0,SAR_2019-08-14_6,1701,Astoria Kitten,2019-08-14 15:32:39.000,SAR_2019-08-14_6_1701,0.004614682248990046,66.45142438545666,0.4,2
3266333,AQU,2019-04-18,6,2,57,40.6716542011333,-73.8286742386312,600,O,FM ,63,MSW,62000.0,411,118,Irad Ortiz Jr.,165,5,AQU_2019-04-18_6_2,0,AQU_2019-04-18_6,1519,Scotty Brown,2019-04-18 16:11:14.250,AQU_2019-04-18_6_1519,0.005266490402225055,75.83746179204078,0.2,1
398032,BEL,2019-06-07,6,11,244,40.7152932606257,-73.7274441738442,800,T,FM ,74,AOC,97000.0,340,117,Irad Ortiz Jr.,540,6,BEL_2019-06-07_6_11,0,BEL_2019-06-07_6,3274,Zapperini,2019-06-07 15:41:01.000,BEL_2019-06-07_6_3274,0.005120108517299741,73.72956264911627,0.67,3
120198,BEL,2019-09-07,3,1,51,40.7172537793962,-73.7233993520517,650,D,FT ,54,CLM,60000.0,205,121,Manuel Franco,110,4,BEL_2019-09-07_3_1,0,BEL_2019-09-07_3,1998,Data Driven,2019-09-07 14:05:12.750,BEL_2019-09-07_3_1998,0.005665335916519977,81.58083719788766,0.17,1
526991,AQU,2019-01-26,9,2,344,40.6718644987594,-73.8317609319928,800,D,FT ,54,CLM,40000.0,420,114,Joey R. Martinez,1380,3,AQU_2019-01-26_9_2,0,AQU_2019-01-26_9,90,Halloween Horror,2019-01-26 16:21:26.000,AQU_2019-01-26_9_90,0.004310162424002279,62.06633890563281,0.91,4
3149468,BEL,2019-09-13,8,5,228,40.7160013005104,-73.7277075845254,800,T,FM ,110,CLM,48000.0,644,118,Luis R. Reyes,11000,11,BEL_2019-09-13_8_5,0,BEL_2019-09-13_8,202,My Amanjena,2019-09-13 18:44:57.000,BEL_2019-09-13_8_202,0.0051029771009159074,73.48287025318906,0.62,3
4923769,AQU,2019-12-29,5,7,386,40.6714281072479,-73.8319720409436,800,D,FT ,54,MSW,60000.0,229,119,Dylan Davis,5975,8,AQU_2019-12-29_5_7,0,AQU_2019-12-29_5,2448,Fivestar Bandit,2019-12-29 14:30:36.500,AQU_2019-12-29_5_2448,0.003317070268286565,47.76581186332653,0.94,4
2573505,SAR,2019-08-31,3,3,199,43.0732816267557,-73.7681556870612,600,D,FT ,48,STK,250000.0,136,122,Shaun Bridgmohan,70,2,SAR_2019-08-31_3_3,0,SAR_2019-08-31_3,3349,Break Even,2019-08-31 13:36:49.750,SAR_2019-08-31_3_3349,0.004900255473091004,70.56367881251046,0.71,3
105285,AQU,2019-02-01,1,4,280,40.6711575595212,-73.8321776627704,600,D,FT ,48,CLM,57000.0,1250,124,Rafael Manuel Hernandez,165,2,AQU_2019-02-01_1_4,0,AQU_2019-02-01_1,737,Deep Sea,2019-02-01 12:51:10.000,AQU_2019-02-01_1_737,0.0037462963951945933,53.94666809080214,0.94,4
734756,BEL,2019-05-09,5,3,79,40.7173289161338,-73.7236245659438,700,D,FT ,40,AOC,70000.0,510,121,Tzeonn Chang,3000,6,BEL_2019-05-09_5_3,0,BEL_2019-05-09_5,347,Manifest Destiny,2019-05-09 17:10:19.750,BEL_2019-05-09_5_347,0.005292083564736691,76.20600333220835,0.24,1
4247069,AQU,2019-12-12,4,5,286,40.6707322783161,-73.8323094065194,600,D,GD ,45,STR,55000.0,158,120,Jorge A. Vargas Jr.,335,2,AQU_2019-12-12_4_5,0,AQU_2019-12-12_4,2720,Sneakiness,2019-12-12 13:59:11.500,AQU_2019-12-12_4_2720,0.0033786000347168247,48.65184049992228,0.97,4
1531928,AQU,2019-12-15,6,6,204,40.675157937456,-73.8274893531709,800,D,MY ,54,CLM,40000.0,252,122,Kendrick Carmouche,1670,7,AQU_2019-12-15_6_6,0,AQU_2019-12-15_6,2052,Purely Lucky,2019-12-15 14:52:51.000,AQU_2019-12-15_6_2052,0.00461619855036592,66.47325912526924,0.51,3
2245051,BEL,2019-05-25,2,2,107,40.7175112755312,-73.7267403943919,650,D,FT ,56,CLM,38000.0,202,116,Benjamin Hernandez,950,5,BEL_2019-05-25_2_2,0,BEL_2019-05-25_2,341,Flatexcel,2019-05-25 14:02:26.750,BEL_2019-05-25_2_341,0.005352580586762356,77.07716044937793,0.35,2
2466854,BEL,2019-05-27,4,5,185,40.7154046268426,-73.7278016843877,700,D,FT ,36,STK,125000.0,309,117,Luis Saez,780,2,BEL_2019-05-27_4_5,0,BEL_2019-05-27_4,1201,Cash Offer,2019-05-27 15:09:46.250,BEL_2019-05-27_4_1201,0.004792170718332101,69.00725834398226,0.58,3
4840138,SAR,2019-08-31,1,3,45,43.072007343704,-73.7700084619026,850,I,FM ,20,MSW,90000.0,1232,119,Luis Saez,2750,4,SAR_2019-08-31_1_3,0,SAR_2019-08-31_1,2262,Scanno,2019-08-31 12:32:11.250,SAR_2019-08-31_1_2262,0.004625549720242036,66.60791597148531,0.11,1
4988761,AQU,2019-12-08,3,7,395,40.6715578311861,-73.8312834173363,850,T,GD ,96,MSW,70000.0,1250,121,Keivan Serrano,8425,8,AQU_2019-12-08_3_7,0,AQU_2019-12-08_3,1671,True Palace,2019-12-08 12:51:38.750,AQU_2019-12-08_3_1671,0.0037434657933156754,53.905907423745724,0.93,4
474349,BEL,2019-06-26,8,1,146,40.7158341109319,-73.7274322353196,600,I,FM ,102,MCL,41000.0,526,124,Luis Saez,690,1,BEL_2019-06-26_8_1,1,BEL_2019-06-26_8,306,My First Gal,2019-06-26 17:26:36.500,BEL_2019-06-26_8_306,0.00495372207712064,71.33359791053722,0.51,3
2416586,AQU,2019-02-03,5,2,245,40.6723392661309,-73.8315559627346,600,D,FT ,34,AOC,64000.0,252,115,Joey R. Martinez,2020,2,AQU_2019-02-03_5_2,0,AQU_2019-02-03_5,212,Quietude,2019-02-03 14:53:01.250,AQU_2019-02-03_5_212,0.004607435550513748,66.34707192739798,0.84,4
283888,AQU,2019-12-21,8,3,139,40.6701869005052,-73.828910807513,900,D,FT ,92,STK,125000.0,355,128,John Bisono,2850,2,AQU_2019-12-21_8_3,0,AQU_2019-12-21_8,2796,Adventist,2019-12-21 15:55:34.750,AQU_2019-12-21_8_2796,0.004657000954697839,67.06081374764888,0.32,2
4860344,BEL,2019-09-14,4,4,274,40.7131524185283,-73.7220964317436,600,D,FT ,63,MSW,62000.0,236,119,Manuel Franco,620,3,BEL_2019-09-14_4_4,0,BEL_2019-09-14_4,2345,Maru,2019-09-14 14:37:08.500,BEL_2019-09-14_4_2345,0.0036223866336436523,52.16236752446859,0.93,4
2221441,AQU,2019-03-02,5,1,197,40.6746218619216,-73.8304690809569,600,D,FT ,45,CLM,28000.0,312,124,Rajiv Maragh,1000,7,AQU_2019-03-02_5_1,0,AQU_2019-03-02_5,487,American Mission,2019-03-02 15:12:49.250,AQU_2019-03-02_5_487,0.0044124306628559075,63.53900154512507,0.64,3
3200793,AQU,2019-11-29,7,2,95,40.6731297224963,-73.8275195227799,650,D,FT ,52,ALW,66000.0,248,120,Manuel Franco,1220,3,AQU_2019-11-29_7_2,0,AQU_2019-11-29_7,1124,Oh My Papa,2019-11-29 14:48:23.750,AQU_2019-11-29_7_1124,0.0051726185552757814,74.48570719597126,0.3,2
2594208,BEL,2019-05-16,8,4,154,40.7166411305058,-73.7278030100271,700,D,FT ,40,ALW,66000.0,647,120,Joel Rosario,470,4,BEL_2019-05-16_8_4,0,BEL_2019-05-16_8,563,The Big Lebanese,2019-05-16 18:47:38.500,BEL_2019-05-16_8_563,0.004876308910370289,70.21884830933216,0.47,2
761019,AQU,2019-11-09,6,7,263,40.6753477397068,-73.8289025017588,850,O,FM ,35,AOC,80000.0,223,123,John R. Velazquez,2090,7,AQU_2019-11-09_6_7,0,AQU_2019-11-09_6,1406,Lemonist,2019-11-09 14:24:05.750,AQU_2019-11-09_6_1406,0.00464255916101955,66.85285191868152,0.67,3
2326419,AQU,2019-04-18,4,2,254,40.6753031203791,-73.8298848762714,800,D,FT ,54,CLM,38000.0,306,124,Rajiv Maragh,820,1,AQU_2019-04-18_4_2,1,AQU_2019-04-18_4,1366,Rattlesnake Bite,2019-04-18 15:07:03.500,AQU_2019-04-18_4_1366,0.004420575451462297,63.656286501057075,0.63,3
1289222,AQU,2019-03-24,1,1,210,40.6740103931747,-73.8308274188463,600,D,FT ,45,MCL,30000.0,130,121,Andre Shivnarine Worrie,430,4,AQU_2019-03-24_1_1,0,AQU_2019-03-24_1,853,Platinum Nugget,2019-03-24 13:30:52.500,AQU_2019-03-24_1_853,0.004616087395722347,66.4716584984018,0.57,3
44240,AQU,2019-02-03,3,7,246,40.6721262048645,-73.8317026883184,600,D,FT ,34,CLM,46000.0,150,120,Rajiv Maragh,305,3,AQU_2019-02-03_3_7,0,AQU_2019-02-03_3,285,Sol the Freud,2019-02-03 13:51:01.500,AQU_2019-02-03_3_285,0.00429408711300537,61.83485442727733,0.85,4
841929,AQU,2019-04-12,1,5,190,40.6744827022747,-73.8271054681884,800,D,FT ,54,ALW,75000.0,130,124,Kendrick Carmouche,170,1,AQU_2019-04-12_1_5,1,AQU_2019-04-12_1,251,Free Kitty,2019-04-12 13:30:47.500,AQU_2019-04-12_1_251,0.004983287682447931,71.7593426272502,0.5,2
1448796,BEL,2019-06-19,7,6,299,40.7170542034311,-73.7274476027547,1000,D,GD ,92,MSW,90000.0,445,124,Jose Lezcano,335,4,BEL_2019-06-19_7_6,0,BEL_2019-06-19_7,2565,Decorating,2019-06-19 16:46:14.750,BEL_2019-06-19_7_2565,0.004660093296928186,67.10534347576588,0.6,3
3077973,BEL,2019-10-19,6,9,139,40.7167490759101,-73.7277298364038,650,D,FT ,56,STK,150000.0,308,118,Kendrick Carmouche,5175,6,BEL_2019-10-19_6_9,0,BEL_2019-10-19_6,428,Kazmania,2019-10-19 15:08:34.750,BEL_2019-10-19_6_428,0.005100317927020963,73.44457814910186,0.46,2
221462,BEL,2019-06-29,9,4,169,40.7150190621323,-73.7268669257047,600,I,FM ,96,STR,55000.0,548,116,Heman K. Harkie,1710,7,BEL_2019-06-29_9_4,0,BEL_2019-06-29_9,2232,Shrink,2019-06-29 17:48:42.250,BEL_2019-06-29_9_2232,0.004906031609242084,70.64685517308601,0.61,3
3772617,AQU,2019-11-14,9,12,168,40.6751001726192,-73.8298028123062,600,O,FM ,44,MCL,41000.0,420,122,Luis A. Rodriguez Castro,1420,4,AQU_2019-11-14_9_12,0,AQU_2019-11-14_9,994,Millionaire Joe,2019-11-14 16:20:42.000,AQU_2019-11-14_9_994,0.004953454265677556,71.32974142575681,0.59,3
3919742,AQU,2019-11-14,7,9,316,40.6734979319093,-73.8310531814184,800,D,FT ,54,CLM,42000.0,318,120,Joel Rosario,385,6,AQU_2019-11-14_7_9,0,AQU_2019-11-14_7,2076,Soul Fight,2019-11-14 15:19:19.000,AQU_2019-11-14_7_2076,0.0045203509018450945,65.09305298656936,0.78,4
3270073,AQU,2019-03-03,4,6,279,40.6721259489636,-73.8316778753581,650,D,FT ,36,MCL,46000.0,229,121,Rajiv Maragh,195,3,AQU_2019-03-03_4_6,0,AQU_2019-03-03_4,884,Bank Gala,2019-03-03 14:30:09.750,AQU_2019-03-03_4_884,0.004163948591055444,59.960859711198395,0.83,4
4028551,AQU,2019-11-14,1,9,212,40.675022517593,-73.8273813581673,800,D,FT ,54,MCL,33000.0,1221,114,Heman K. Harkie,8400,7,AQU_2019-11-14_1_9,0,AQU_2019-11-14_1,2051,Masterprize,2019-11-14 12:21:53.000,AQU_2019-11-14_1_2051,0.004316163852763854,62.1527594797995,0.51,3
681303,BEL,2019-10-18,6,6,129,40.7175068713083,-73.725724982336,700,T,GD ,90,ALW,66000.0,409,123,Rajiv Maragh,3875,5,BEL_2019-10-18_6_6,0,BEL_2019-10-18_6,2257,Constant Knight,2019-10-18 16:09:32.250,BEL_2019-10-18_6_2257,0.004986277848595338,71.80240101977287,0.38,2
1547593,BEL,2019-05-27,3,10,33,40.7162503325857,-73.7214186764866,600,I,GD ,90,ALW,66000.0,236,125,Luis R. Reyes,2650,5,BEL_2019-05-27_3_10,0,BEL_2019-05-27_3,799,New York Hero,2019-05-27 14:36:08.250,BEL_2019-05-27_3_799,0.00511779732745641,73.6962815153723,0.11,1
5061543,BEL,2019-10-13,7,5,326,40.7171284516981,-73.7241448468337,1200,T,FM ,110,STK,100000.0,440,120,Joel Rosario,220,3,BEL_2019-10-13_7_5,0,BEL_2019-10-13_7,3227,Pillar Mountain (IRE),2019-10-13 16:41:21.500,BEL_2019-10-13_7_3227,0.004888764491858148,70.39820868275733,0.59,3
716488,BEL,2019-05-26,5,2,295,40.7144954914302,-73.7263040260198,850,T,FM ,130,CLM,44000.0,341,124,Irad Ortiz Jr.,1300,4,BEL_2019-05-26_5_2,0,BEL_2019-05-26_5,3156,Discreet Image,2019-05-26 15:42:13.750,BEL_2019-05-26_5_3156,0.005367304540957755,77.28918538979167,0.75,3
1118763,AQU,2019-02-23,9,9,147,40.6756151664288,-73.8289292115609,600,D,FT ,45,CLM,25000.0,457,114,Reylu Gutierrez,235,3,AQU_2019-02-23_9_9,0,AQU_2019-02-23_9,792,Professor Snape,2019-02-23 16:57:36.750,AQU_2019-02-23_9_792,0.004958660564894148,71.40471213447573,0.51,3
3955022,BEL,2019-05-16,2,2,133,40.7169431548273,-73.7234050504002,800,T,YL ,108,MSW,80000.0,336,118,Manuel Franco,1350,3,BEL_2019-05-16_2_2,0,BEL_2019-05-16_2,3037,La Vida,2019-05-16 15:36:33.250,BEL_2019-05-16_2_3037,0.004930816967397216,71.00376433051991,0.34,2
3526215,BEL,2019-10-20,10,7,173,40.7165230228259,-73.7276470162604,700,T,GD ,90,WMC,41000.0,512,121,Rajiv Maragh,810,6,BEL_2019-10-20_10_7,0,BEL_2019-10-20_10,2110,Amazing Zero,2019-10-20 17:12:43.250,BEL_2019-10-20_10_2110,0.004727029748440057,68.06922837753682,0.49,2
1261684,AQU,2019-11-03,8,2,75,40.6736187333335,-73.8280038355122,1200,T,GD ,123,STK,125000.0,321,118,Eric Cancel,8725,5,AQU_2019-11-03_8_2,0,AQU_2019-11-03_8,1720,Not in Jeopardy,2019-11-03 15:21:18.750,AQU_2019-11-03_8_1720,0.004312496182775915,62.09994503197318,0.12,1
259621,BEL,2019-09-22,7,4,292,40.715883388297,-73.7274165525769,900,I,FM ,189,STK,125000.0,410,124,Luis Saez,870,1,BEL_2019-09-22_7_4,1,BEL_2019-09-22_7,2419,Dot Matrix,2019-09-22 16:11:13.000,BEL_2019-09-22_7_2419,0.005040261821522548,72.57977022992469,0.69,3
4403408,BEL,2019-10-06,5,8,262,40.7135381559319,-73.7235152593748,650,D,FT ,48,MCL,46000.0,305,119,Joel Rosario,1830,1,BEL_2019-10-06_5_8,1,BEL_2019-10-06_5,2213,All Over the Map,2019-10-06 15:06:05.500,BEL_2019-10-06_5_2213,0.0045758796702344146,65.89266725137557,0.83,4
1582613,SAR,2019-08-17,5,8,381,43.0723724401482,-73.7649063310211,1100,I,GD ,270,AOC,95000.0,316,124,Javier Castellano,1120,2,SAR_2019-08-17_5_8,0,SAR_2019-08-17_5,4131,Midnight Tea Time,2019-08-17 15:17:35.250,SAR_2019-08-17_5_4131,0.004747782899196691,68.36807374843235,0.73,3
4144772,AQU,2019-12-13,3,3,77,40.6698048245779,-73.829042995815,800,D,GD ,54,CLM,36000.0,128,120,Junior Alvarado,1250,7,AQU_2019-12-13_3_3,0,AQU_2019-12-13_3,1369,Gunboat Diplomacy,2019-12-13 13:28:19.250,AQU_2019-12-13_3_1369,0.005198584157538153,74.8596118685494,0.19,1
4048655,BEL,2019-09-27,1,3,138,40.7172590389695,-73.7233786825642,850,D,FT ,48,MCL,30000.0,100,120,Luis R. Reyes,145,2,BEL_2019-09-27_1_3,0,BEL_2019-09-27_1,3811,Dream'n Demon,2019-09-27 13:00:34.500,BEL_2019-09-27_1_3811,0.005024547597115099,72.35348539845744,0.34,2
3472007,BEL,2019-05-02,5,7,42,40.7154161609168,-73.7180334359475,800,T,GD ,112,CLM,60000.0,340,118,Javier Castellano,155,1,BEL_2019-05-02_5_7,1,BEL_2019-05-02_5,2912,Retro Street,2019-05-02 15:40:10.500,BEL_2019-05-02_5_2912,0.004733052426180674,68.15595493700171,0.1,1
4262842,AQU,2019-11-01,10,1,225,40.6728941913953,-73.8313165987338,600,D,FT ,40,MSW,62000.0,504,122,Tomas B. Mejia,5150,7,AQU_2019-11-01_10_1,0,AQU_2019-11-01_10,1620,Midnight Banker,2019-11-01 17:04:56.250,AQU_2019-11-01_10_1620,0.004414847726613016,63.57380726322743,0.79,4
3563636,BEL,2019-10-14,9,6,187,40.7141905842834,-73.7260161498707,600,D,FT ,64,CLM,28000.0,541,120,Dylan Davis,400,8,BEL_2019-10-14_9_6,0,BEL_2019-10-14_9,1190,Bronxville,2019-10-14 17:41:46.750,BEL_2019-10-14_9_1190,0.004771033159754628,68.70287750046664,0.67,3
1920861,BEL,2019-10-24,7,3,324,40.7132258476518,-73.7214648829334,700,T,GD ,76,AOC,80000.0,445,121,Irad Ortiz Jr.,860,5,BEL_2019-10-24_7_3,0,BEL_2019-10-24_7,2410,Kitten's Covergirl,2019-10-24 16:46:21.000,BEL_2019-10-24_7_2410,0.0037230397765332757,53.61177278207917,1.0,4
752993,AQU,2019-03-15,9,10,64,40.6709215241258,-73.8284893995869,700,D,FT ,44,CLM,32000.0,555,122,Silvestre Gonzalez,250,4,AQU_2019-03-15_9_10,0,AQU_2019-03-15_9,93,Outplay,2019-03-15 17:55:16.000,AQU_2019-03-15_9_93,0.005649832678913256,81.35759057635089,0.19,1
4818207,AQU,2019-12-12,5,1,257,40.6752975746283,-73.8298978903779,800,D,GD ,54,MSW,68000.0,231,119,Jose Lezcano,430,4,AQU_2019-12-12_5_1,0,AQU_2019-12-12_5,1679,Sengekontacket,2019-12-12 14:32:04.250,AQU_2019-12-12_5_1679,0.004393055702978611,63.260002122892,0.65,3
2322698,AQU,2019-12-29,6,3,241,40.6755994219681,-73.8288346909819,800,D,FT ,54,ALW,64000.0,258,124,Junior Alvarado,85,3,AQU_2019-12-29_6_3,0,AQU_2019-12-29_6,2303,The Great Johanna,2019-12-29 14:59:00.250,AQU_2019-12-29_6_2303,0.00439790313458575,63.32980513803481,0.59,3
177824,AQU,2019-01-12,2,1,184,40.6738490250661,-73.8308585977492,550,D,FT ,54,CLM,32000.0,100,121,Dylan Davis,450,4,AQU_2019-01-12_2_1,0,AQU_2019-01-12_2,45,Moondance Joy,2019-01-12 13:00:46.000,AQU_2019-01-12_2_45,0.004698695985388222,67.66122218959039,0.68,3
4060064,SAR,2019-08-10,11,1,98,43.0721591741523,-73.7646770525268,550,T,FM ,48,MCL,48000.0,659,112,Benjamin Hernandez,2800,8,SAR_2019-08-10_11_1,0,SAR_2019-08-10_11,4435,Yousaidhello,2019-08-10 18:59:24.500,SAR_2019-08-10_11_4435,0.005030810111329306,72.44366560314201,0.38,2
974711,SAR,2019-08-21,7,7,104,43.0709432882028,-73.7664510554122,700,D,SY ,32,CLM,42000.0,444,122,Jose L. Ortiz,85,1,SAR_2019-08-21_7_7,1,SAR_2019-08-21_7,4268,So Conflated,2019-08-21 16:44:26.000,SAR_2019-08-21_7_4268,0.005320561023450858,76.61607873769236,0.31,2
3552904,AQU,2019-03-17,9,1,19,40.6698219839642,-73.8290453077533,650,D,FT ,30,MCL,35000.0,604,121,Hector Rafael Diaz Jr.,6675,10,AQU_2019-03-17_9_1,0,AQU_2019-03-17_9,1188,Flattering Eyes,2019-03-17 18:04:04.750,AQU_2019-03-17_9_1188,0.003978474443039652,57.29003197977099,0.05,1
4070610,AQU,2019-04-19,8,7,139,40.6756076303035,-73.8286356807933,600,D,FT ,48,SOC,55000.0,516,118,Hector Rafael Diaz Jr.,3250,5,AQU_2019-04-19_8_7,0,AQU_2019-04-19_8,566,Ventus,2019-04-19 17:16:34.750,AQU_2019-04-19_8_566,0.004937366192519233,71.09807317227695,0.47,2
1523548,BEL,2019-05-18,7,7,62,40.7159006050263,-73.7192493069092,800,T,GD ,108,ALW,66000.0,310,117,Benjamin Hernandez,420,3,BEL_2019-05-18_7_7,0,BEL_2019-05-18_7,1067,Dynamite Kitten,2019-05-18 15:10:15.500,BEL_2019-05-18_7_1067,0.005436953616578755,78.29213207873407,0.15,1
3005354,SAR,2019-08-24,3,7,296,43.0736634434956,-73.7664269840731,850,T,FM ,80,MSW,90000.0,1241,118,Jose L. Ortiz,430,2,SAR_2019-08-24_3_7,0,SAR_2019-08-24_3,1845,Balon Rose,2019-08-24 12:42:14.000,SAR_2019-08-24_3_1845,0.005034187051604838,72.49229354310967,0.73,3
3412705,BEL,2019-06-28,9,1,325,40.7131282013522,-73.7210155674594,700,T,FM ,84,MCL,41000.0,555,118,Joel Rosario,380,3,BEL_2019-06-28_9_1,0,BEL_2019-06-28_9,2787,Go With Honor,2019-06-28 17:56:21.250,BEL_2019-06-28_9_2787,0.004187132418811029,60.294706830878816,0.98,4
910136,BEL,2019-09-21,11,9,56,40.7158815897052,-73.7192231836988,800,T,FM ,142,ALW,66000.0,625,122,Pablo Fragoso,6475,1,BEL_2019-09-21_11_9,1,BEL_2019-09-21_11,1001,Cirque,2019-09-21 18:25:14.000,BEL_2019-09-21_11_1001,0.005108855785725526,73.56752331444757,0.15,1
988906,SAR,2019-07-24,8,6,217,43.072972338944,-73.7690418687463,600,D,FT ,50,STK,200000.0,509,119,John R. Velazquez,225,3,SAR_2019-07-24_8_6,0,SAR_2019-07-24_8,4196,Ours to Run,2019-07-24 17:09:54.250,SAR_2019-07-24_8_4196,0.005208985744454798,75.00939472014909,0.79,4
2015966,AQU,2019-11-20,7,2,5,40.6668523335677,-73.8303740040549,800,D,FT ,54,STR,55000.0,318,122,Heman K. Harkie,1500,6,AQU_2019-11-20_7_2,0,AQU_2019-11-20_7,742,Tiz Morning,2019-11-20 15:18:01.250,AQU_2019-11-20_7_742,0.0004157234961032349,5.986418343886583,0.01,1
1919898,BEL,2019-10-13,9,8,292,40.7136522415801,-73.7230282101665,700,T,FM ,126,MCL,41000.0,541,124,Irad Ortiz Jr.,1700,8,BEL_2019-10-13_9_8,0,BEL_2019-10-13_9,2357,Happy Home,2019-10-13 17:42:13.000,BEL_2019-10-13_9_2357,0.0045475240926887515,65.48434693471802,0.89,4
4884203,AQU,2019-12-07,5,2,165,40.673273431411,-73.8274483114544,800,D,FT ,54,MSW,70000.0,140,119,Joel Rosario,460,7,AQU_2019-12-07_5_2,0,AQU_2019-12-07_5,2031,Tapage,2019-12-07 13:40:41.250,AQU_2019-12-07_5_2031,0.004727126019487887,68.07061468062557,0.4,2
385555,BEL,2019-06-15,7,6,95,40.7163603246601,-73.7211759964544,800,T,FM ,112,ALW,82000.0,447,126,Rajiv Maragh,3775,8,BEL_2019-06-15_7_6,0,BEL_2019-06-15_7,2338,Leaveematthegate,2019-06-15 16:47:23.750,BEL_2019-06-15_7_2338,0.005092412895066118,73.33074568895209,0.26,2
4536010,SAR,2019-08-23,1,4,252,43.0717523323626,-73.7714938566813,550,T,GD ,75,MSW,78000.0,100,119,Junior Alvarado,1140,3,SAR_2019-08-23_1_4,0,SAR_2019-08-23_1,2580,Stretchthestory,2019-08-23 13:01:03.000,SAR_2019-08-23_1_2580,0.004411033802155313,63.518886751036504,0.97,4
4147984,BEL,2019-05-04,9,4,41,40.7167211265036,-73.7212536679751,700,D,SY ,45,ALW,66000.0,421,118,Adam Beschizza,4175,10,BEL_2019-05-04_9_4,0,BEL_2019-05-04_9,617,Coach Villa,2019-05-04 16:21:10.250,BEL_2019-05-04_9_617,0.005277016566372822,75.98903855576863,0.12,1
10488,BEL,2019-10-06,4,7,60,40.7158295385318,-73.7192729986765,800,T,FM ,76,AOC,70000.0,225,122,Rajiv Maragh,3125,8,BEL_2019-10-06_4_7,0,BEL_2019-10-06_4,1711,Manoffire,2019-10-06 14:25:15.000,BEL_2019-10-06_4_1711,0.00520449587157113,74.94474055062427,0.16,1
5084904,BEL,2019-05-19,7,9,270,40.7154072357181,-73.7272529230633,850,I,FM ,70,CLM,60000.0,451,124,Junior Alvarado,1200,9,BEL_2019-05-19_7_9,0,BEL_2019-05-19_7,1312,Slim Shadey (GB),2019-05-19 16:52:07.500,BEL_2019-05-19_7_1312,0.004743705502598162,68.30935923741353,0.7,3
2064463,SAR,2019-08-25,4,8,18,43.0689873640121,-73.7713062966878,700,D,FT ,33,CLM,45000.0,239,122,Rajiv Maragh,385,3,SAR_2019-08-25_4_8,0,SAR_2019-08-25_4,207,Solitary Gem,2019-08-25 14:39:04.500,SAR_2019-08-25_4_207,0.004199733732495441,60.476165747934346,0.05,1
561658,BEL,2019-06-14,9,10,26,40.7139423356557,-73.717408026832,850,T,GD ,54,ALW,66000.0,553,126,Joel Rosario,650,4,BEL_2019-06-14_9_10,0,BEL_2019-06-14_9,1445,Lady Love,2019-06-14 17:53:06.500,BEL_2019-06-14_9_1445,0.004391122058438821,63.23215764151903,0.06,1
2696466,AQU,2019-01-11,5,8,215,40.6736761941976,-73.8310211638641,600,D,FT ,52,MSW,60000.0,258,122,Jose Lezcano,80,4,AQU_2019-01-11_5_8,0,AQU_2019-01-11_5,281,Cheatham Hill,2019-01-11 14:58:53.750,AQU_2019-01-11_5_281,0.004357379001822923,62.746257626250085,0.73,3
3721165,AQU,2019-04-12,9,3,296,40.6749488880954,-73.829467214986,850,T,FM ,72,MCL,41000.0,550,121,Georgina Sergeon,6250,9,AQU_2019-04-12_9_3,0,AQU_2019-04-12_9,130,Sarah's Rainbow,2019-04-12 17:51:14.000,AQU_2019-04-12_9_130,0.004700031011414703,67.68044656437172,0.71,3
2743051,BEL,2019-06-14,3,6,214,40.7164110124029,-73.7278823799573,800,D,FT ,46,MCL,35000.0,234,118,Manuel Franco,60,4,BEL_2019-06-14_3_6,0,BEL_2019-06-14_3,974,Inclunation,2019-06-14 14:34:53.500,BEL_2019-06-14_3_974,0.004857409049154984,69.94669030783177,0.55,3
2917153,AQU,2019-11-16,10,3,127,40.6751005949044,-73.827888288005,600,O,FM ,45,CLM,38000.0,423,122,Irad Ortiz Jr.,1090,10,AQU_2019-11-16_10_3,0,AQU_2019-11-16_10,2231,Matzo Bella,2019-11-16 16:23:31.750,AQU_2019-11-16_10_2231,0.005070747334360652,73.01876161479338,0.45,2
3736911,BEL,2019-06-16,6,5,57,40.7152750418682,-73.7179549408009,850,T,FM ,102,MCL,41000.0,413,118,Luis R. Reyes,2875,6,BEL_2019-06-16_6_5,0,BEL_2019-06-16_6,3410,Seeking Revenge,2019-06-16 16:13:14.250,BEL_2019-06-16_6_3410,0.00495094200747191,71.29356490759551,0.14,1
4599392,AQU,2019-12-05,3,2,364,40.6716724297218,-73.831882919308,800,D,GD ,54,STK,100000.0,116,118,Joel Rosario,220,6,AQU_2019-12-05_3_2,0,AQU_2019-12-05_3,2582,Logic N Reason,2019-12-05 13:17:31.000,AQU_2019-12-05_3_2582,0.004016806549795545,57.842014317055856,0.94,4
218072,SAR,2019-07-19,4,1,191,43.0738272026961,-73.7654139542224,700,D,FT ,30,CLM,45000.0,248,122,Eric Cancel,340,4,SAR_2019-07-19_4_1,0,SAR_2019-07-19_4,340,Javelin,2019-07-19 14:48:47.750,SAR_2019-07-19_4_340,0.005024560933434896,72.35367744146251,0.57,3
3379529,SAR,2019-07-14,6,3,31,43.0724986763985,-73.7695627358141,900,T,FM ,134,ALW,80000.0,405,120,Luis Saez,1820,8,SAR_2019-07-14_6_3,0,SAR_2019-07-14_6,1441,Singular Sensation,2019-07-14 16:05:07.750,SAR_2019-07-14_6_1441,0.004766049905117256,68.63111863368849,0.07,1
346459,SAR,2019-08-24,10,7,201,43.0720610187699,-73.7698427620624,1200,I,FM ,162,STK,850000.0,451,118,Javier Castellano,255,1,SAR_2019-08-24_10_7,1,SAR_2019-08-24_10,3273,Annals of Time,2019-08-24 16:51:50.250,SAR_2019-08-24_10_3273,0.004356361679382167,62.73160818310321,0.36,2
1250242,AQU,2019-03-30,7,3,303,40.6712703030799,-73.8320930560431,650,D,FT ,30,SST,75000.0,450,124,Dylan Davis,590,5,AQU_2019-03-30_7_3,0,AQU_2019-03-30_7,1253,Lady by Choice,2019-03-30 16:51:15.750,AQU_2019-03-30_7_1253,0.0031797689830259106,45.78867335557311,0.97,4
1699930,BEL,2019-09-07,7,8,204,40.7150652781273,-73.727291610948,700,T,GD ,80,ALW,77000.0,412,116,Joey R. Martinez,7100,8,BEL_2019-09-07_7_8,0,BEL_2019-09-07_7,1354,American Rule,2019-09-07 16:12:51.000,BEL_2019-09-07_7_1354,0.004896456819853572,70.50897820589144,0.62,3
1539101,SAR,2019-08-03,2,5,336,43.0733814003905,-73.7679200844754,900,D,FT ,78,ALW,92000.0,136,125,Tyler Gaffalione,2340,7,SAR_2019-08-03_2_5,0,SAR_2019-08-03_2,4007,Verve's Humor,2019-08-03 13:37:24.000,SAR_2019-08-03_2_4007,0.0045157382276430034,65.02663047805925,0.8,4
3237959,BEL,2019-05-23,7,5,275,40.7163972313282,-73.7223166867746,1100,I,GD ,235,MSW,90000.0,625,116,Jose L. Ortiz,385,1,BEL_2019-05-23_7_5,1,BEL_2019-05-23_7,3110,Dyna Passer,2019-05-23 18:26:08.750,BEL_2019-05-23_7_3110,0.004584356291834867,66.01473060242209,0.52,3
1422081,BEL,2019-05-27,5,2,322,40.7138395493106,-73.7238174979574,800,T,GD ,142,STK,125000.0,340,116,Michael J. Luzzi,5250,11,BEL_2019-05-27_5_2,0,BEL_2019-05-27_5,623,Vip Nation,2019-05-27 15:41:20.500,BEL_2019-05-27_5_623,0.004690567807819405,67.54417643259943,0.87,4
3085909,AQU,2019-01-20,1,2,112,40.6693783077245,-73.8295842765229,900,D,SY ,101,MCL,35000.0,1250,122,Eric Cancel,650,5,AQU_2019-01-20_1_2,0,AQU_2019-01-20_1,542,Mid Day Image,2019-01-20 12:50:28.000,AQU_2019-01-20_1_542,0.004675546792443607,67.32787381118794,0.24,1
1642764,AQU,2019-12-31,6,7,76,40.6714655016709,-73.8282555457672,700,D,SY ,48,ALW,64000.0,304,122,Manuel Franco,310,2,AQU_2019-12-31_6_7,0,AQU_2019-12-31_6,2258,Financialstability,2019-12-31 15:04:19.000,AQU_2019-12-31_6_2258,0.005308267988970261,76.43905904117176,0.22,1
3489207,AQU,2019-11-15,5,9,22,40.6703117507504,-73.8287647914133,650,D,FT ,54,MCL,33000.0,203,122,Kendrick Carmouche,950,2,AQU_2019-11-15_5_9,0,AQU_2019-11-15_5,1108,Lookbothways,2019-11-15 14:03:05.500,AQU_2019-11-15_5_1108,0.00496082478806368,71.435876948117,0.07,1
494220,BEL,2019-05-19,4,6,230,40.7164661271418,-73.722647957857,1000,I,FM ,92,AOC,90000.0,309,122,Junior Alvarado,680,5,BEL_2019-05-19_4_6,0,BEL_2019-05-19_4,1399,Violet Blue,2019-05-19 15:09:57.500,BEL_2019-05-19_4_1399,0.004543415622552434,65.42518496475506,0.49,2
5199812,BEL,2019-06-06,8,7,216,40.7146355948464,-73.7268144979548,700,T,FM ,80,STK,200000.0,647,123,Mike E. Smith,1430,9,BEL_2019-06-06_8_7,0,BEL_2019-06-06_8,3255,Raven's Lady (GB),2019-06-06 18:47:54.000,BEL_2019-06-06_8_3255,0.005338961128735486,76.881040253791,0.69,3
4811956,SAR,2019-07-17,5,3,81,43.0717383292187,-73.7647170917861,550,D,SY ,50,MSW,75000.0,324,120,John R. Velazquez,365,7,SAR_2019-07-17_5_3,0,SAR_2019-07-17_5,1951,Myawaya,2019-07-17 15:24:20.250,SAR_2019-07-17_5_1951,0.00541381568701894,77.95894589307274,0.28,2
1555448,AQU,2019-12-30,7,1,135,40.6754544496703,-73.8280549795584,600,D,SY ,45,ALW,82000.0,328,124,Manuel Franco,315,6,AQU_2019-12-30_7_1,0,AQU_2019-12-30_7,365,Honor Up,2019-12-30 15:28:33.750,AQU_2019-12-30_7_365,0.004933674729335924,71.0449161024373,0.47,2
2321876,AQU,2019-11-20,4,7,153,40.6730357643319,-73.8275553187377,800,D,GD ,54,MSW,62000.0,150,124,Junior Alvarado,205,1,AQU_2019-11-20_4_7,1,AQU_2019-11-20_4,2303,The Great Johanna,2019-11-20 13:50:38.250,AQU_2019-11-20_4_2303,0.004626845556034871,66.62657600690214,0.39,2
219413,SAR,2019-09-02,4,4,100,43.0695390056183,-73.7719191420365,900,D,SY ,80,CLM,52000.0,209,124,Irad Ortiz Jr.,110,4,SAR_2019-09-02_4_4,0,SAR_2019-09-02_4,3206,Ekhtibaar,2019-09-02 14:09:25.000,SAR_2019-09-02_4_3206,0.004800915759531875,69.133186937259,0.23,1
192390,BEL,2019-05-27,5,4,43,40.7154361587057,-73.7180747120767,800,T,GD ,142,STK,125000.0,340,116,Manuel Franco,2875,10,BEL_2019-05-27_5_4,0,BEL_2019-05-27_5,0,Jc's Shooting Star,2019-05-27 15:40:10.750,BEL_2019-05-27_5_0,0.00505404906931054,72.77830659807177,0.11,1
456119,AQU,2019-01-05,8,3,354,40.6703645635829,-73.8324332915203,700,D,SY ,45,STK,100000.0,358,120,Manuel Franco,170,1,AQU_2019-01-05_8_3,1,AQU_2019-01-05_8,161,Kathryn the Wise,2019-01-05 15:59:28.500,AQU_2019-01-05_8_161,0.002496865566353739,35.954864155493844,0.96,4
567407,BEL,2019-06-01,3,1A,177,40.7177303135801,-73.7259533495826,850,D,FT ,44,CLM,36000.0,235,126,Jose L. Ortiz,145,6,BEL_2019-06-01_3_1A,0,BEL_2019-06-01_3,677,Big Muddy,2019-06-01 14:35:44.250,BEL_2019-06-01_3_677,0.005002505071282862,72.03607302647322,0.45,2
4559110,BEL,2019-10-19,3,5,196,40.7142250760101,-73.7262150816842,600,D,FT ,65,MSW,62000.0,126,119,Wilmer A. Garcia,10375,9,BEL_2019-10-19_3_5,0,BEL_2019-10-19_3,2130,Sophie Fatale,2019-10-19 13:26:49.000,BEL_2019-10-19_3_2130,0.004550596827789466,65.52859432016831,0.67,3
4708388,SAR,2019-08-28,6,8,80,43.0712101996236,-73.7657856885927,600,D,FT ,50,MSW,78000.0,332,119,Julien R. Leparoux,195,4,SAR_2019-08-28_6_8,0,SAR_2019-08-28_6,4082,Blame the Cake,2019-08-28 15:32:20.000,SAR_2019-08-28_6_4082,0.005420394088407683,78.05367487307063,0.27,2
766032,BEL,2019-09-28,7,1,244,40.7138244225879,-73.7227303274058,600,I,FM ,102,AOC,70000.0,413,121,Javier Castellano,270,6,BEL_2019-09-28_7_1,0,BEL_2019-09-28_7,2070,First Appeal,2019-09-28 16:14:01.000,BEL_2019-09-28_7_2070,0.00429096955789935,61.78996163375064,0.88,4
4105315,AQU,2019-04-10,9,3,151,40.6753752762809,-73.8287562953741,600,O,FM ,45,MCL,41000.0,554,118,Harry Hernandez,2600,1,AQU_2019-04-10_9_3,1,AQU_2019-04-10_9,767,Halstaat,2019-04-10 17:54:37.750,AQU_2019-04-10_9_767,0.005019543292547889,72.2814234126896,0.53,3
931266,AQU,2019-04-12,6,1A,51,40.671695868384,-73.8285443053177,600,O,FM ,45,ALW,66000.0,409,124,Kendrick Carmouche,120,5,AQU_2019-04-12_6_1A,0,AQU_2019-04-12_6,1420,Tiz a Kitten,2019-04-12 16:09:12.750,AQU_2019-04-12_6_1420,0.005339350773285425,76.88665113531012,0.18,1
2792634,AQU,2019-03-24,5,7,98,40.674180253302,-73.8270862644204,600,D,FT ,45,SOC,60000.0,356,120,Harry Hernandez,4800,7,AQU_2019-03-24_5_7,0,AQU_2019-03-24_5,906,Thinkingofglenn,2019-03-24 15:56:24.500,AQU_2019-03-24_5_906,0.005139470022535577,74.0083683245123,0.31,2
4443290,SAR,2019-08-04,4,9,262,43.0731415479517,-73.7648424443825,850,T,FM ,102,MSW,90000.0,246,119,Manuel Franco,2150,9,SAR_2019-08-04_4_9,0,SAR_2019-08-04_4,4361,Osaka Girl,2019-08-04 14:47:05.500,SAR_2019-08-04_4_4361,0.0048217286799010885,69.43289299057568,0.65,3
382664,BEL,2019-09-14,1,1,45,40.7174186365389,-73.7240330996549,600,D,FT ,63,CLM,28000.0,100,121,Luis R. Reyes,2060,6,BEL_2019-09-14_1_1,0,BEL_2019-09-14_1,3679,Discreet Angel,2019-09-14 13:00:11.250,BEL_2019-09-14_1_3679,0.005464689731811545,78.69153213808626,0.19,1
2959869,AQU,2019-12-29,4,9,125,40.6734614132793,-73.8273571513518,700,D,FT ,48,CLM,37000.0,157,115,Declan Carroll,225,2,AQU_2019-12-29_4_9,0,AQU_2019-12-29_4,49,Family Biz,2019-12-29 13:57:31.250,AQU_2019-12-29_4_49,0.004941058935939803,71.15124867753316,0.36,2
4031329,AQU,2019-12-08,4,4,145,40.6756043487092,-73.8286665543268,600,D,FT ,63,STK,100000.0,118,118,Joey R. Martinez,5275,5,AQU_2019-12-08_4_4,0,AQU_2019-12-08_4,1762,Sea Sparkle,2019-12-08 13:18:36.250,AQU_2019-12-08_4_1762,0.004843232590839251,69.74254930808522,0.49,2
1281046,AQU,2019-01-13,8,7,221,40.6733435073763,-73.8311065458706,600,D,FT ,48,CLM,28000.0,430,123,Samuel Camacho Jr.,5475,4,AQU_2019-01-13_8_7,0,AQU_2019-01-13_8,434,Buss the Bell,2019-01-13 16:30:55.250,AQU_2019-01-13_8_434,0.004437643722996586,63.902069611150836,0.73,3
4256468,SAR,2019-08-25,10,3,249,43.0732095894938,-73.7652155599164,800,I,FM ,38,MCL,48000.0,551,118,Chris Landeros,2475,6,SAR_2019-08-25_10_3,0,SAR_2019-08-25_10,4296,Going to Temple,2019-08-25 17:52:02.250,SAR_2019-08-25_10_4296,0.004486992923982086,64.61269810534203,0.64,3
1059524,SAR,2019-07-12,6,5,276,43.0731678700132,-73.7644716087542,900,D,FT ,80,CLM,70000.0,404,123,Kendrick Carmouche,1570,7,SAR_2019-07-12_6_5,0,SAR_2019-07-12_6,21,Holiday Bonus,2019-07-12 16:05:09.000,SAR_2019-07-12_6_21,0.0048126999528102865,69.30287932046812,0.65,3
4995292,AQU,2019-12-14,9,8,163,40.6755945221371,-73.8286141968649,650,D,SY ,52,MCL,41000.0,416,119,Eric Cancel,2170,6,AQU_2019-12-14_9_8,0,AQU_2019-12-14_9,2763,Kilmarknock,2019-12-14 16:16:40.750,AQU_2019-12-14_9_2763,0.004613452390613352,66.43371442483227,0.49,2
2875480,AQU,2019-11-30,8,6,28,40.6711938657911,-73.8321448284069,900,D,FT ,72,STK,200000.0,319,120,Joel Rosario,220,1,AQU_2019-11-30_8_6,1,AQU_2019-11-30_8,2558,Performer,2019-11-30 15:19:07.000,AQU_2019-11-30_8_2558,0.004981736164088478,71.73700076287408,0.06,1
5083358,SAR,2019-08-25,7,3,104,43.0724188929918,-73.7646697891897,550,T,FM ,56,MCL,60000.0,415,119,Manuel Franco,530,1,SAR_2019-08-25_7_3,1,SAR_2019-08-25_7,4098,Double Down Dare,2019-08-25 16:15:26.000,SAR_2019-08-25_7_4098,0.004950262789654528,71.2837841710252,0.39,2
1603290,AQU,2019-04-17,2,3,51,40.6704930566512,-73.8287353842379,700,D,FT ,44,MCL,33000.0,200,125,Michael J. Luzzi,700,5,AQU_2019-04-17_2_3,0,AQU_2019-04-17_2,1261,Connolly's Beads,2019-04-17 14:00:12.750,AQU_2019-04-17_2_1261,0.005437796369469041,78.30426772035419,0.15,1
1282144,AQU,2019-04-07,4,1,204,40.6738871718108,-73.8308689998576,600,D,FT ,45,CLM,28000.0,303,124,Dalton Brown,280,6,AQU_2019-04-07_4_1,0,AQU_2019-04-07_4,434,Buss the Bell,2019-04-07 15:03:51.000,AQU_2019-04-07_4_434,0.004403593675540231,63.41174892777933,0.7,3
1838623,BEL,2019-06-19,1,5,129,40.7150742296194,-73.7276511136413,550,D,GD ,67,CLM,36000.0,130,125,Luis R. Reyes,840,5,BEL_2019-06-19_1_5,0,BEL_2019-06-19_1,756,Ramblin' Ma'am,2019-06-19 13:30:32.250,BEL_2019-06-19_1_756,0.004783839041146024,68.88728219250274,0.47,2
2968562,AQU,2019-11-14,9,7,56,40.6716711961318,-73.8285290558902,600,O,FM ,44,MCL,41000.0,420,117,Benjamin Hernandez,8750,7,AQU_2019-11-14_9_7,0,AQU_2019-11-14_9,2093,Kid Chocolate,2019-11-14 16:20:14.000,AQU_2019-11-14_9_2093,0.005383150637189839,77.51736917553367,0.2,1
4748750,SAR,2019-08-04,10,1,8,43.069238286921,-73.7708132075852,650,D,FT ,72,STK,200000.0,635,120,Jose Lezcano,6025,5,SAR_2019-08-04_10_1,0,SAR_2019-08-04_10,2207,Big Q,2019-08-04 18:35:02.000,SAR_2019-08-04_10_2207,0.0033161036543586713,47.75189262276487,0.02,1
4337755,SAR,2019-09-01,1,8,152,43.0735806420605,-73.7666732976073,550,T,FM ,24,MSW,75000.0,1232,116,John R. Velazquez,160,2,SAR_2019-09-01_1_8,0,SAR_2019-09-01_1,2496,Summer Sangria,2019-09-01 12:32:38.000,SAR_2019-09-01_1_2496,0.005080598341442764,73.1606161167758,0.59,3
3154575,SAR,2019-07-28,4,3,213,43.0738668240572,-73.7666358700299,700,D,FT ,32,ALW,80000.0,240,118,Irad Ortiz Jr.,370,3,SAR_2019-07-28_4_3,0,SAR_2019-07-28_4,2513,Bustin Hoffman,2019-07-28 14:40:53.250,SAR_2019-07-28_4_2513,0.004534810229806193,65.30126730920918,0.64,3
5135036,AQU,2019-11-30,9,12,416,40.6748252404729,-73.829523226692,1100,T,GD ,62,STK,400000.0,346,122,Benjamin Hernandez,3600,4,AQU_2019-11-30_9_12,0,AQU_2019-11-30_9,2566,Pivotal Connection (GB),2019-11-30 15:47:44.000,AQU_2019-11-30_9_2566,0.004688226556783509,67.51046241768253,0.8,4
3620548,BEL,2019-06-26,1,5,290,40.7146161090254,-73.7265707481462,850,T,FM ,58,MSW,62000.0,132,118,Irad Ortiz Jr.,220,1,BEL_2019-06-26_1_5,1,BEL_2019-06-26_1,3487,Graded On a Curve,2019-06-26 13:33:12.500,BEL_2019-06-26_1_3487,0.005182700740349054,74.63089066102637,0.73,3
732072,AQU,2019-03-30,4,7,293,40.6715147551305,-73.832005907647,650,D,FT ,30,SST,70000.0,317,118,Tzeonn Chang,4425,4,AQU_2019-03-30_4_7,0,AQU_2019-03-30_4,347,Manifest Destiny,2019-03-30 15:18:13.250,AQU_2019-03-30_4_347,0.004002718520888795,57.639146700798655,0.94,4
1153202,AQU,2019-12-22,10,10,9,40.6694905543358,-73.8290973007641,650,D,FT ,54,CLM,36000.0,416,122,Andre Shivnarine Worrie,3650,13,AQU_2019-12-22_10_10,0,AQU_2019-12-22_10,2818,Moonbounce,2019-12-22 16:16:02.250,AQU_2019-12-22_10_2818,0.0027051951104678563,38.95480959073713,0.03,1
4619386,AQU,2019-11-17,7,10,322,40.6739024540913,-73.8301266176578,850,T,FM ,138,MSW,70000.0,256,119,Javier Castellano,1500,5,AQU_2019-11-17_7_10,0,AQU_2019-11-17_7,2265,Basie,2019-11-17 14:57:20.500,AQU_2019-11-17_7_2265,0.004723256709068946,68.01489661059283,0.72,3
3312638,BEL,2019-10-03,4,3,274,40.7132698471121,-73.7226075746127,600,D,SY ,65,CLM,39000.0,259,120,Luis R. Reyes,850,3,BEL_2019-10-03_4_3,0,BEL_2019-10-03_4,836,Itsakeyper,2019-10-03 15:00:08.500,BEL_2019-10-03_4_836,0.0038260058640601164,55.09448444246568,0.92,4
2954634,BEL,2019-09-07,10,2,474,40.7142681798963,-73.7252065181734,1200,T,GD ,63,STK,1000000.0,547,122,Junior Alvarado,3725,6,BEL_2019-09-07_10_2,0,BEL_2019-09-07_10,3636,Current,2019-09-07 17:48:58.500,BEL_2019-09-07_10_3636,0.005013647339986533,72.19652169580608,0.86,4
2882081,BEL,2019-10-03,6,9,353,40.7128040882933,-73.7210965366203,700,D,SY ,50,ALW,66000.0,406,118,Eric Cancel,1320,3,BEL_2019-10-03_6_9,0,BEL_2019-10-03_6,270,Alvernia,2019-10-03 16:07:28.250,BEL_2019-10-03_6_270,0.002762112128991241,39.77441465747387,0.99,4
1277647,BEL,2019-06-02,2,8,292,40.7149084093412,-73.7271855529297,850,T,FM ,170,MCL,41000.0,205,118,Benjamin Hernandez,1080,3,BEL_2019-06-02_2_8,0,BEL_2019-06-02_2,2044,Molly's Nighthawk,2019-06-02 14:06:13.000,BEL_2019-06-02_2_2044,0.004874494800028311,70.19272512040767,0.69,3
4075676,BEL,2019-09-22,4,5,151,40.7159581551406,-73.7274155112368,600,I,FM ,135,MSW,75000.0,235,121,Manuel Franco,900,4,BEL_2019-09-22_4_5,0,BEL_2019-09-22_4,1385,Bye Bye Nicky,2019-09-22 14:35:37.750,BEL_2019-09-22_4_1385,0.005199764061940086,74.87660249193723,0.54,3
2367199,SAR,2019-08-24,13,5,137,43.0698819440874,-73.770587877932,850,I,FM ,28,MSW,90000.0,657,118,Jose L. Ortiz,150,1,SAR_2019-08-24_13_5,1,SAR_2019-08-24_13,3994,Magic Star,2019-08-24 18:57:34.250,SAR_2019-08-24_13_3994,0.004621398763000883,66.5481421872127,0.33,2
3998155,AQU,2019-12-08,6,9,166,40.6752569377894,-73.8296503433531,600,O,GD ,56,AOC,80000.0,218,122,Manuel Franco,450,1,AQU_2019-12-08_6_9,1,AQU_2019-12-08_6,69,Pulsate,2019-12-08 14:18:41.500,AQU_2019-12-08_6_69,0.004976129306687335,71.65626201629763,0.58,3
315342,BEL,2019-10-05,9,6,209,40.715226547083,-73.7179555263663,1200,T,FM ,36,STK,500000.0,450,126,Jose Lezcano,280,3,BEL_2019-10-05_9_6,0,BEL_2019-10-05_9,2417,Sadler's Joy,2019-10-05 16:50:52.250,BEL_2019-10-05_9_2417,0.004556152909345845,65.60860189458018,0.38,2
2717199,SAR,2019-08-14,5,3,5,43.0688182523862,-73.7718572153437,700,D,FT ,32,MSW,90000.0,300,119,Manuel Franco,880,5,SAR_2019-08-14_5_3,0,SAR_2019-08-14_5,1846,Ocean Fire,2019-08-14 15:00:01.250,SAR_2019-08-14_5_1846,0.011784121983058646,169.6913565560445,0.01,1
2413523,BEL,2019-06-08,7,5,326,40.7134944173695,-73.7235286691206,800,D,FT ,46,STK,700000.0,324,121,Joel Rosario,1160,9,BEL_2019-06-08_7_5,0,BEL_2019-06-08_7,3316,Fancy Dress Party,2019-06-08 15:25:21.500,BEL_2019-06-08_7_3316,0.004034699104994121,58.099667111915345,0.88,4
536629,BEL,2019-06-28,1,1,72,40.7165970456851,-73.7221706904122,700,T,FM ,84,CLM,44000.0,132,124,Joel Rosario,120,1,BEL_2019-06-28_1_1,1,BEL_2019-06-28_1,2074,Theaterintheround,2019-06-28 13:32:18.000,BEL_2019-06-28_1_2074,0.005254090030590152,75.6588964404982,0.21,1
79283,BEL,2019-10-23,3,6,63,40.7161613313293,-73.7192646328692,850,D,MY ,48,CLM,32000.0,223,115,Heman K. Harkie,2575,6,BEL_2019-10-23_3_6,0,BEL_2019-10-23_3,96,Toohottoevenspeak,2019-10-23 14:23:15.750,BEL_2019-10-23_3_96,0.005395276807713161,77.69198603106952,0.12,1
3162096,BEL,2019-05-02,9,7,241,40.7144184068131,-73.726042443458,700,T,GD ,65,MSW,62000.0,551,118,Dylan Davis,11625,5,BEL_2019-05-02_9_7,0,BEL_2019-05-02_9,733,Sandra's Mine,2019-05-02 17:52:00.250,BEL_2019-05-02_9_733,0.004607904916801957,66.35383080194818,0.71,3
1811203,BEL,2019-09-28,4,6,23,40.7170740640359,-73.7225599272274,600,D,FT ,63,STK,300000.0,235,124,Irad Ortiz Jr.,245,2,BEL_2019-09-28_4_6,0,BEL_2019-09-28_4,2816,Firenze Fire,2019-09-28 14:35:05.750,BEL_2019-09-28_4_2816,0.004864822587723735,70.05344526322178,0.08,1
4612761,SAR,2019-07-13,3,4,90,43.0716045152489,-73.7649329616367,600,D,FT ,45,STK,150000.0,210,120,Kendrick Carmouche,460,2,SAR_2019-07-13_3_4,0,SAR_2019-07-13_3,3899,Tomato Bill,2019-07-13 14:10:22.500,SAR_2019-07-13_3_3899,0.005050857005928067,72.73234088536417,0.32,2
1555406,AQU,2019-12-30,7,1,177,40.6750296273954,-73.830232739467,600,D,SY ,45,ALW,82000.0,328,124,Manuel Franco,315,6,AQU_2019-12-30_7_1,0,AQU_2019-12-30_7,365,Honor Up,2019-12-30 15:28:44.250,AQU_2019-12-30_7_365,0.0048920093996647415,70.44493535517228,0.61,3
207012,BEL,2019-10-24,5,7,286,40.7135734354158,-73.721599061064,600,I,GD ,138,ALW,77000.0,336,116,Heman K. Harkie,3275,6,BEL_2019-10-24_5_7,0,BEL_2019-10-24_5,1510,Snake Oil Charlie,2019-10-24 15:37:11.500,BEL_2019-10-24_5_1510,0.003723042995471043,53.61181913478302,0.99,4
2021349,SAR,2019-07-21,13,3,79,43.0702958527256,-73.7727297545706,900,D,FT ,76,STK,200000.0,720,118,Tyler Gaffalione,325,1,SAR_2019-07-21_13_3,1,SAR_2019-07-21_13,1659,Golden Award,2019-07-21 19:20:19.750,SAR_2019-07-21_13_1659,0.004961275022929758,71.44236033018852,0.18,1
2682950,BEL,2019-06-30,2,1,133,40.717430317472,-73.7254354418561,700,T,FM ,90,MSW,62000.0,202,118,Jose L. Ortiz,365,4,BEL_2019-06-30_2_1,0,BEL_2019-06-30_2,3516,Dearly Declared,2019-06-30 14:02:33.250,BEL_2019-06-30_2_3516,0.004626598188180788,66.62301390980335,0.4,2
852579,SAR,2019-08-11,5,7,163,43.0734625351488,-73.767273110073,550,T,FM ,54,AOC,83000.0,311,124,Dylan Davis,3325,9,SAR_2019-08-11_5_7,0,SAR_2019-08-11_5,1163,Amanda Lane,2019-08-11 15:11:40.750,SAR_2019-08-11_5_1163,0.005347624131838305,77.00578749847159,0.65,3
5196750,BEL,2019-06-19,8,4,221,40.716669951738,-73.7277223465132,850,D,GD ,45,AOC,85000.0,518,122,Jose L. Ortiz,490,1,BEL_2019-06-19_8_4,1,BEL_2019-06-19_8,3428,American Tattoo (ARG),2019-06-19 17:18:55.250,BEL_2019-06-19_8_3428,0.004762893360709798,68.58566439422108,0.55,3
3986139,AQU,2019-12-20,4,4,126,40.6745219534088,-73.8271307647848,650,D,FT ,54,CLM,36000.0,159,117,Declan Carroll,500,4,AQU_2019-12-20_4_4,0,AQU_2019-12-20_4,2354,Ghostly Beauty,2019-12-20 13:59:31.500,AQU_2019-12-20_4_2354,0.0046713965064576965,67.26810969299083,0.38,2
757791,BEL,2019-05-10,1,2,60,40.7173251479115,-73.7236678015188,650,D,FT ,47,CLM,28000.0,130,123,Reylu Gutierrez,1920,4,BEL_2019-05-10_1_2,0,BEL_2019-05-10_1,516,Princess Mikayah,2019-05-10 13:30:15.000,BEL_2019-05-10_1_516,0.005109700687794876,73.57968990424621,0.19,1
4933641,BEL,2019-10-05,2,8,278,40.7129228848128,-73.7214090239285,550,D,FT ,74,MCL,46000.0,1254,119,Luis A. Rodriguez Castro,7425,6,BEL_2019-10-05_2_8,0,BEL_2019-10-05_2,3877,Pacquiao,2019-10-05 12:55:09.500,BEL_2019-10-05_2_3877,0.0034887211560997236,50.23758464783602,1.0,4
4048711,BEL,2019-09-27,1,3,74,40.7163190832322,-73.7197701647878,850,D,FT ,48,MCL,30000.0,100,120,Luis R. Reyes,145,2,BEL_2019-09-27_1_3,0,BEL_2019-09-27_1,3811,Dream'n Demon,2019-09-27 13:00:18.500,BEL_2019-09-27_1_3811,0.005024539873328196,72.35337417592602,0.18,1
3629437,AQU,2019-11-07,8,5,154,40.6753150385033,-73.8291183883609,600,O,FM ,56,ALW,75000.0,348,120,Javier Castellano,275,3,AQU_2019-11-07_8_5,0,AQU_2019-11-07_8,1774,O'Malley,2019-11-07 15:48:38.500,AQU_2019-11-07_8_1774,0.004934538782676417,71.05735847054041,0.54,3
877432,SAR,2019-07-19,7,2,193,43.071592100098,-73.7711125291708,1100,I,FM ,225,AOC,95000.0,441,122,Jose Lezcano,570,3,SAR_2019-07-19_7_2,0,SAR_2019-07-19_7,4130,Cape Angel,2019-07-19 16:41:48.250,SAR_2019-07-19_7_4130,0.005029024015528016,72.41794582360343,0.36,2
2296925,BEL,2019-04-27,4,6,173,40.7145694453638,-73.727095055037,600,D,FT ,54,MSW,62000.0,309,124,Hector Rafael Diaz Jr.,3350,5,BEL_2019-04-27_4_6,0,BEL_2019-04-27_4,757,Finlee,2019-04-27 15:09:43.250,BEL_2019-04-27_4_757,0.004795050958077663,69.04873379631834,0.59,3
5142048,AQU,2019-03-15,2,4,448,40.6709542006403,-73.8322188758757,900,D,FT ,88,ALW,70000.0,205,121,Jose Lezcano,290,4,AQU_2019-03-15_2_4,0,AQU_2019-03-15_2,1159,Crackspeed (ARG),2019-03-15 14:06:52.000,AQU_2019-03-15_2_1159,0.002949522621875725,42.473125755010436,1.0,4
1007592,AQU,2019-11-08,2,3,170,40.6752279974537,-73.8300202926782,600,D,FT ,40,CLM,28000.0,1249,115,Heman K. Harkie,5275,3,AQU_2019-11-08_2_3,0,AQU_2019-11-08_2,182,Latin Love Bug,2019-11-08 12:49:42.500,AQU_2019-11-08_2_182,0.004967964913279367,71.53869475122289,0.56,3
3604170,SAR,2019-08-15,9,10,367,43.071607643897,-73.7712836603288,800,I,FM ,83,MSW,78000.0,519,119,Rajiv Maragh,7775,9,SAR_2019-08-15_9_10,0,SAR_2019-08-15_9,834,Dancing Slippers,2019-08-15 17:20:31.750,SAR_2019-08-15_9_834,0.004580748021468514,65.9627715091466,0.97,4
3818457,BEL,2019-10-23,7,5,390,40.713481153576,-73.7233772667126,900,D,GD ,20,ALW,77000.0,440,120,John R. Velazquez,155,4,BEL_2019-10-23_7_5,0,BEL_2019-10-23_7,2609,Southern Bridge,2019-10-23 16:41:37.500,BEL_2019-10-23_7_2609,0.004027849105435946,58.00102711827762,0.9,4
253826,AQU,2019-02-24,4,2,294,40.6739752560054,-73.8308550827754,800,D,SY ,54,CLM,48000.0,225,120,Luis R. Reyes,1660,3,AQU_2019-02-24_4_2,0,AQU_2019-02-24_4,768,Lazarus Project,2019-02-24 14:26:13.500,AQU_2019-02-24_4_768,0.004123555225830042,59.37919525195261,0.73,3
4372518,SAR,2019-08-30,6,1,197,43.072748311016,-73.7688205790319,550,T,FM ,24,MSW,78000.0,344,119,Ricardo Santana Jr.,1420,6,SAR_2019-08-30_6_1,0,SAR_2019-08-30_6,3867,My Father's Eyes,2019-08-30 15:44:49.250,SAR_2019-08-30_6_3867,0.004558845997319375,65.64738236139901,0.75,3
1260628,BEL,2019-05-18,7,3,29,40.7149633842896,-73.717642237444,800,T,GD ,108,ALW,66000.0,310,126,Junior Alvarado,750,2,BEL_2019-05-18_7_3,0,BEL_2019-05-18_7,1419,Barrel of Destiny,2019-05-18 15:10:07.250,BEL_2019-05-18_7_1419,0.0047007499246376335,67.69079891478192,0.07,1
2104756,AQU,2019-01-06,8,5,66,40.6711417985462,-73.8283833705981,700,D,MY ,45,AOC,67000.0,428,123,Andre Shivnarine Worrie,3000,8,AQU_2019-01-06_8_5,0,AQU_2019-01-06_8,225,Retonova,2019-01-06 16:28:16.500,AQU_2019-01-06_8_225,0.005292232679504899,76.20815058487055,0.19,1
2709568,AQU,2019-03-01,3,4,264,40.6720463497504,-73.8317039763871,600,D,FT ,45,MCL,35000.0,200,120,Harry Hernandez,510,4,AQU_2019-03-01_3_4,0,AQU_2019-03-01_3,153,Pour It Out,2019-03-01 14:01:06.000,AQU_2019-03-01_3_153,0.0037141779597952736,53.48416262105194,0.87,4
5064064,SAR,2019-07-27,5,8,28,43.0724672853388,-73.7689871938773,850,I,GD ,28,AOC,95000.0,320,122,Tyler Gaffalione,3175,7,SAR_2019-07-27_5_8,0,SAR_2019-07-27_5,1714,Westerland (GB),2019-07-27 15:20:07.000,SAR_2019-07-27_5_1714,0.0054474287860261225,78.44297451877617,0.07,1
501197,BEL,2019-06-30,7,1,50,40.7159526048799,-73.7184927577657,850,D,FT ,45,STK,100000.0,445,124,Junior Alvarado,95,1,BEL_2019-06-30_7_1,1,BEL_2019-06-30_7,681,Mr. Buff,2019-06-30 16:45:12.500,BEL_2019-06-30_7_681,0.004994786398817566,71.92492414297296,0.12,1
1082395,AQU,2019-02-02,7,4,59,40.6726780658368,-73.8277260584078,600,D,FT ,42,CLM,20000.0,330,116,Benjamin Hernandez,245,2,AQU_2019-02-02_7_4,0,AQU_2019-02-02_7,792,Professor Snape,2019-02-02 15:30:14.750,AQU_2019-02-02_7_792,0.005488710570482016,79.03743221494102,0.2,1
950584,SAR,2019-08-16,7,6,234,43.072040624273,-73.7651318549852,850,I,FM ,20,AOC,98000.0,414,122,Dylan Davis,2370,5,SAR_2019-08-16_7_6,0,SAR_2019-08-16_7,1405,Harlan's Harmony,2019-08-16 16:14:58.500,SAR_2019-08-16_7_1405,0.005018889098016788,72.27200301144174,0.61,3
658203,SAR,2019-08-25,5,1,31,43.0703472808992,-73.7686854226126,550,T,FM ,56,AOC,95000.0,311,122,Manuel Franco,1110,5,SAR_2019-08-25_5_1,0,SAR_2019-08-25_5,4572,Eye On Berlin,2019-08-25 15:11:07.750,SAR_2019-08-25_5_4572,0.005153333634023054,74.20800432993198,0.12,1
878543,BEL,2019-09-14,3,1A,204,40.7141893604997,-73.726100657421,650,D,FT ,48,AOC,85000.0,205,123,Manuel Franco,30,1,BEL_2019-09-14_3_1A,1,BEL_2019-09-14_3,671,Build to Suit,2019-09-14 14:05:51.000,BEL_2019-09-14_3_671,0.005188495060045218,74.71432886465115,0.68,3
1264182,AQU,2019-01-11,1,2,269,40.6750861350522,-73.83020304836,800,D,FT ,54,MSW,68000.0,1250,123,Manuel Franco,680,1,AQU_2019-01-11_1_2,1,AQU_2019-01-11_1,256,Kingdom's Queen,2019-01-11 12:51:07.250,AQU_2019-01-11_1_256,0.0044319742187060515,63.82042874936714,0.66,3
1960321,AQU,2019-01-12,3,6,247,40.673344741741,-73.8311331136048,650,D,FT ,32,STR,55000.0,130,125,Dylan Davis,990,6,AQU_2019-01-12_3_6,0,AQU_2019-01-12_3,331,Joe's Smokin Gun,2019-01-12 13:31:01.750,AQU_2019-01-12_3_331,0.004020755467809614,57.89887873645844,0.76,4
101911,AQU,2019-12-07,3,7,252,40.6740365519982,-73.830799655739,700,D,FT ,48,CLM,40000.0,1230,124,Reylu Gutierrez,910,5,AQU_2019-12-07_3_7,0,AQU_2019-12-07_3,1690,Majestic Affair,2019-12-07 12:31:03.000,AQU_2019-12-07_3_1690,0.004465506428691395,64.30329257315609,0.69,3
4030204,AQU,2019-04-19,9,10,229,40.6731815435397,-73.8282585631547,850,T,FM ,88,MSW,62000.0,549,118,Javier Castellano,1410,9,AQU_2019-04-19_9_10,0,AQU_2019-04-19_9,980,Neper,2019-04-19 17:49:57.250,AQU_2019-04-19_9_980,0.004844975837526346,69.76765206037938,0.56,3
2254406,BEL,2019-10-16,8,10,334,40.713795347322,-73.7247130831215,850,D,MY ,50,CLM,39000.0,459,124,Luis R. Reyes,370,3,BEL_2019-10-16_8_10,0,BEL_2019-10-16_8,858,Bad Guy,2019-10-16 17:00:23.500,BEL_2019-10-16_8_858,0.004093015681955672,58.939425820161674,0.81,4
2842395,BEL,2019-10-26,6,10,9,40.7133764141575,-73.7211886361518,900,I,GD ,189,MSW,75000.0,337,121,Javier Castellano,980,1,BEL_2019-10-26_6_10,1,BEL_2019-10-26_6,3992,Box N Score,2019-10-26 15:37:02.250,BEL_2019-10-26_6_3992,0.0028783150132118975,41.44773619025133,0.02,1
4002356,AQU,2019-02-28,8,7,120,40.671490469549,-73.8282622008576,800,D,FT ,54,MCL,35000.0,441,123,Samuel Camacho Jr.,140,1,AQU_2019-02-28_8_7,1,AQU_2019-02-28_8,83,Whyisshesoolucky,2019-02-28 16:41:30.000,AQU_2019-02-28_8_83,0.004579593500697337,65.94614641004165,0.28,2
2996351,AQU,2019-12-14,4,4,190,40.6746674838754,-73.8271643856349,800,D,SY ,54,ALW,64000.0,155,120,Jorge A. Vargas Jr.,2290,6,AQU_2019-12-14_4_4,0,AQU_2019-12-14_4,2753,Floyd Unger,2019-12-14 13:55:47.500,AQU_2019-12-14_4_2753,0.0046025608483833535,66.2768762167203,0.48,2
1176928,BEL,2019-10-11,5,9,364,40.7141664627582,-73.7239200796706,900,I,GD ,135,CLM,45000.0,337,124,Irad Ortiz Jr.,275,4,BEL_2019-10-11_5_9,0,BEL_2019-10-11_5,3000,Whiskey Is My Wine,2019-10-11 15:38:31.000,BEL_2019-10-11_5_3000,0.004841314750195397,69.71493240281372,0.85,4
2865730,AQU,2019-11-11,6,9,11,40.673895426003,-73.8299368061593,850,T,FM ,88,CLM,38000.0,223,121,Dylan Davis,1680,4,AQU_2019-11-11_6_9,0,AQU_2019-11-11_6,2011,Ninja Dust,2019-11-11 14:23:02.750,AQU_2019-11-11_6_2011,0.003914861060062273,56.37399926489673,0.02,1
320258,BEL,2019-10-04,3,7,16,40.7158850616193,-73.7180143604939,800,D,MY ,72,CLM,50000.0,225,122,Silvestre Gonzalez,640,1,BEL_2019-10-04_3_7,1,BEL_2019-10-04_3,223,Playthatfunnymusic,2019-10-04 14:25:04.000,BEL_2019-10-04_3_223,0.004600814837222012,66.25173365599697,0.03,1
1177380,BEL,2019-10-11,5,9,11,40.7133435559942,-73.7209980031828,900,I,GD ,135,CLM,45000.0,337,124,Irad Ortiz Jr.,275,4,BEL_2019-10-11_5_9,0,BEL_2019-10-11_5,3000,Whiskey Is My Wine,2019-10-11 15:37:02.750,BEL_2019-10-11_5_3000,0.0029885635496754823,43.035315115326945,0.02,1
2833446,BEL,2019-06-20,3,1,86,40.7168715989881,-73.7219955612748,800,D,MY ,52,MSW,80000.0,407,118,Jose L. Ortiz,440,4,BEL_2019-06-20_3_1,0,BEL_2019-06-20_3,3432,Sagaponack,2019-06-20 16:07:21.500,BEL_2019-06-20_3_3432,0.0050894433146450495,73.28798373088871,0.22,1
1346830,AQU,2019-01-27,6,2,72,40.6730269073292,-73.8275378477538,600,D,FT ,45,CLM,36000.0,304,122,Dylan Davis,650,5,AQU_2019-01-27_6_2,0,AQU_2019-01-27_6,717,Trouble for Skylar,2019-01-27 15:04:18.000,AQU_2019-01-27_6_717,0.005311130031821637,76.48027245823158,0.24,1
678934,BEL,2019-09-20,1,4,209,40.713952804182,-73.7252011646239,600,D,FT ,63,CLM,41000.0,300,114,Joey R. Martinez,6750,5,BEL_2019-09-20_1_4,0,BEL_2019-09-20_1,516,Princess Mikayah,2019-09-20 15:00:52.250,BEL_2019-09-20_1_516,0.004502836965959187,64.84085230981229,0.71,3
149178,AQU,2019-11-23,5,5,132,40.6751454527064,-73.8278577658765,600,O,GD ,58,CLM,48000.0,152,122,Jose L. Ortiz,245,5,AQU_2019-11-23_5_5,0,AQU_2019-11-23_5,2393,Banana Thief,2019-11-23 13:52:33.000,AQU_2019-11-23_5_2393,0.004977860574891897,71.68119227844332,0.45,2
2860289,AQU,2019-11-17,8,6,150,40.6753698905009,-73.8288672993384,600,O,FM ,45,ALW,66000.0,322,120,Dylan Davis,590,4,AQU_2019-11-17_8_6,0,AQU_2019-11-17_8,129,Winifred J,2019-11-17 15:22:37.500,AQU_2019-11-17_8_129,0.00477493058377687,68.75900040638693,0.53,3
3353667,AQU,2019-03-02,4,1,169,40.6746337387907,-73.8304675963265,550,D,FT ,52,MCL,35000.0,230,117,Reylu Gutierrez,80,4,AQU_2019-03-02_4_1,0,AQU_2019-03-02_4,554,Bel Cuore,2019-03-02 14:30:42.250,AQU_2019-03-02_4_554,0.0044832672745456475,64.55904875345732,0.58,3
3188419,SAR,2019-07-14,8,4,297,43.0732779967622,-73.7668618900574,850,I,FM ,28,AOC,92000.0,516,120,Tyler Gaffalione,1860,7,SAR_2019-07-14_8_4,0,SAR_2019-07-14_8,4087,Belle Laura,2019-07-14 17:17:14.250,SAR_2019-07-14_8_4087,0.004992314307403396,71.8893260266089,0.76,4
2180637,AQU,2019-01-18,6,1,314,40.6730175125699,-73.8312877464384,800,D,FT ,54,CLM,42000.0,327,122,Manuel Franco,185,3,AQU_2019-01-18_6_1,0,AQU_2019-01-18_6,474,Dr. Hipp,2019-01-18 15:28:18.500,AQU_2019-01-18_6_474,0.004294330914634589,61.838365170738086,0.82,4
1888001,AQU,2019-01-26,8,4,183,40.6718843268418,-73.8280987002288,900,D,FT ,92,STK,100000.0,351,120,Harry Hernandez,6425,4,AQU_2019-01-26_8_4,0,AQU_2019-01-26_8,684,Hero's Welcome,2019-01-26 15:51:45.750,AQU_2019-01-26_8_684,0.004845921728849184,69.78127289542824,0.42,2
1800710,BEL,2019-06-08,13,1,330,40.7176838247997,-73.7250992510425,1200,D,FT ,78,STK,400000.0,800,117,Jose Lezcano,420,1,BEL_2019-06-08_13_1,1,BEL_2019-06-08_13,2973,Marconi,2019-06-08 20:01:22.500,BEL_2019-06-08_13_2973,0.004740808530809245,68.26764284365312,0.58,3
4485383,AQU,2019-11-01,2,7,215,40.6733458118592,-73.8311257282681,600,D,GD ,40,MCL,41000.0,1231,119,Dylan Davis,280,2,AQU_2019-11-01_2_7,0,AQU_2019-11-01_2,1575,Jen's Battle,2019-11-01 12:31:53.750,AQU_2019-11-01_2_1575,0.005024367156483345,72.35088705336017,0.5,2
1023810,SAR,2019-07-13,5,1A,187,43.0730260167472,-73.7682733920752,550,T,GD ,85,ALW,92000.0,324,124,Manuel Franco,190,5,SAR_2019-07-13_5_1A,0,SAR_2019-07-13_5,904,Noble Freud,2019-07-13 15:24:46.750,SAR_2019-07-13_5_904,0.005252709136582488,75.63901156678783,0.71,3
2236687,AQU,2019-01-18,3,1,191,40.6747007440897,-73.8304322176342,600,D,FT ,48,MCL,33000.0,156,123,Ruben Silvera,8375,5,AQU_2019-01-18_3_1,0,AQU_2019-01-18_3,456,Freudian Analyst,2019-01-18 13:56:47.750,AQU_2019-01-18_3_456,0.004631460890654876,66.69303682543021,0.64,3
204237,AQU,2019-03-09,2,5,29,40.6675995138824,-73.8299879497871,800,D,FT ,52,CLM,36000.0,1252,113,Benjamin Hernandez,1270,3,AQU_2019-03-09_2_5,0,AQU_2019-03-09_2,535,Holy Week,2019-03-09 12:52:07.250,AQU_2019-03-09_2_535,0.004708860524091493,67.8075915469175,0.07,1
3675171,BEL,2019-06-14,1,5,422,40.713135275802,-73.7220255225,850,D,FT ,44,MCL,41000.0,130,118,Samuel Jimenez,4000,4,BEL_2019-06-14_1_5,0,BEL_2019-06-14_1,130,Sarah's Rainbow,2019-06-14 13:31:45.500,BEL_2019-06-14_1_130,0.0037269545945910055,53.66814616211048,0.95,4
4492921,AQU,2019-11-08,5,12,231,40.672545803572,-73.8310854762432,600,O,FM ,72,MSW,70000.0,220,119,Jose L. Ortiz,850,2,AQU_2019-11-08_5_12,0,AQU_2019-11-08_5,1809,Stunting,2019-11-08 14:20:57.750,AQU_2019-11-08_5_1809,0.00468211795879741,67.42249860668271,0.8,4
2579581,AQU,2019-02-03,6,3,296,40.6712608845066,-73.832064440392,650,D,FT ,36,MSW,60000.0,326,120,Luis R. Reyes,1170,3,AQU_2019-02-03_6_3,0,AQU_2019-02-03_6,831,Today Comes Once,2019-02-03 15:27:14.000,AQU_2019-02-03_6_831,0.003868799867422672,55.71071809088647,0.89,4
3451100,BEL,2019-10-02,5,4,120,40.7166435768831,-73.7277649929369,600,D,FT ,56,SOC,50000.0,332,120,Luis Saez,1200,6,BEL_2019-10-02_5_4,0,BEL_2019-10-02_5,1413,Bears Mafia,2019-10-02 15:32:30.000,BEL_2019-10-02_5_1413,0.004911180504771763,70.72099926871338,0.43,2
1961864,BEL,2019-05-16,4,10,213,40.7138556845308,-73.7247962467941,600,D,FT ,56,AOC,70000.0,438,121,Junior Alvarado,840,2,BEL_2019-05-16_4_10,0,BEL_2019-05-16_4,1536,Our Super Nova,2019-05-16 16:38:53.250,BEL_2019-05-16_4_1536,0.004745076368466228,68.32909970591368,0.72,3
2073729,AQU,2019-02-18,2,6,276,40.6754803043245,-73.8280723159377,900,D,FT ,96,CLM,28000.0,121,122,Eric Cancel,800,1,AQU_2019-02-18_2_6,1,AQU_2019-02-18_2,169,Never Nevermore,2019-02-18 13:22:09.000,AQU_2019-02-18_2_169,0.004626603254271937,66.62308686151589,0.55,3
1232976,BEL,2019-06-01,9,10,272,40.7132949628943,-73.7219020447511,600,T,GD ,153,ALW,66000.0,552,125,John R. Velazquez,640,1,BEL_2019-06-01_9_10,1,BEL_2019-06-01_9,3216,Mama Mary,2019-06-01 17:53:08.000,BEL_2019-06-01_9_3216,0.004520527660233556,65.0955983073632,0.91,4
4040138,SAR,2019-07-24,7,8,141,43.0702367430248,-73.7695099239797,800,I,GD ,125,STK,150000.0,432,117,Javier Castellano,355,7,SAR_2019-07-24_7_8,0,SAR_2019-07-24_7,2260,Six Percent,2019-07-24 16:32:35.250,SAR_2019-07-24_7_2260,0.004605072995529127,66.31305113561943,0.36,2
343517,AQU,2019-11-27,3,5,220,40.6754045824535,-73.8279554307631,800,D,FT ,54,AOC,70000.0,117,121,Luis A. Rodriguez Castro,2550,5,AQU_2019-11-27_3_5,0,AQU_2019-11-27_3,1771,Riot Worthy,2019-11-27 13:17:55.000,AQU_2019-11-27_3_1771,0.004678257350305272,67.36690584439592,0.57,3
3301489,BEL,2019-06-29,3,6,247,40.7142113488732,-73.7251244749856,700,T,FM ,102,MSW,62000.0,234,118,Jose L. Ortiz,255,4,BEL_2019-06-29_3_6,0,BEL_2019-06-29_3,886,Daring Disguise,2019-06-29 14:35:01.750,BEL_2019-06-29_3_886,0.004873036979306871,70.17173250201894,0.74,3
3108284,BEL,2019-10-06,10,1,113,40.717132753134,-73.7242214748974,700,T,FM ,90,MCL,41000.0,554,116,Benjamin Hernandez,4650,11,BEL_2019-10-06_10_1,0,BEL_2019-10-06_10,669,Breaking Boundary,2019-10-06 17:54:28.250,BEL_2019-10-06_10_669,0.004921726125567479,70.8728562081717,0.33,2
5130328,BEL,2019-06-27,9,4,85,40.7169888062666,-73.7245820221321,600,I,FM ,108,MSW,80000.0,718,118,Javier Castellano,410,4,BEL_2019-06-27_9_4,0,BEL_2019-06-27_9,3499,Nay Lady Nay (IRE),2019-06-27 19:18:21.250,BEL_2019-06-27_9_3499,0.005363856144989953,77.23952848785532,0.31,2
1389866,AQU,2019-04-07,3,5,305,40.6752246463285,-73.8294147836078,900,O,FM ,160,MSW,70000.0,230,126,Rajiv Maragh,870,5,AQU_2019-04-07_3_5,0,AQU_2019-04-07_3,1334,Strategic Outlook,2019-04-07 14:31:16.250,AQU_2019-04-07_3_1334,0.00525757858116212,75.70913156873452,0.72,3
1934912,SAR,2019-08-30,11,8,163,43.0709828622959,-73.7677157094354,800,I,FM ,20,ALW,80000.0,623,125,Manuel Franco,315,2,SAR_2019-08-30_11_8,0,SAR_2019-08-30_11,1293,Star of the East,2019-08-30 18:23:40.750,SAR_2019-08-30_11_1293,0.004809428674916319,69.25577291879499,0.44,2
2233835,BEL,2019-10-16,1,4,251,40.7135797901914,-73.7238777306972,600,D,FT ,64,MCL,30000.0,116,124,Gary Richards,1880,6,BEL_2019-10-16_1_4,0,BEL_2019-10-16_1,108,Know Point Given,2019-10-16 13:17:02.750,BEL_2019-10-16_1_108,0.004105154756640001,59.11422849561602,0.78,4
3275565,SAR,2019-07-28,7,6,296,43.0731780080204,-73.7673419974272,800,I,FM ,84,MSW,90000.0,423,118,Javier Castellano,360,1,SAR_2019-07-28_7_6,1,SAR_2019-07-28_7,3921,New and Improved,2019-07-28 16:24:14.000,SAR_2019-07-28_7_3921,0.004852225700262956,69.87205008378656,0.77,4
215598,AQU,2019-04-11,7,3,240,40.673148713405,-73.8311711803428,650,D,FT ,38,CLM,36000.0,442,124,Kendrick Carmouche,400,7,AQU_2019-04-11_7_3,0,AQU_2019-04-11_7,1396,Thomas Knight,2019-04-11 16:43:00.000,AQU_2019-04-11_7_1396,0.0042850436693765365,61.70462883902213,0.77,4
4977490,AQU,2019-12-07,8,11,121,40.6695424785122,-73.829325773626,900,D,FT ,72,STK,250000.0,315,118,Manuel Franco,1700,5,AQU_2019-12-07_8_11,0,AQU_2019-12-07_8,2103,Water White,2019-12-07 15:15:30.250,AQU_2019-12-07_8_2103,0.0043757530790547615,63.010844338388566,0.26,2
2449323,BEL,2019-10-26,7,6,242,40.7166271408134,-73.7275380164548,850,T,GD ,135,ALW,77000.0,414,118,Luis Saez,8050,11,BEL_2019-10-26_7_6,0,BEL_2019-10-26_7,2708,It Justhitthe Wire,2019-10-26 16:15:00.500,BEL_2019-10-26_7_2708,0.004674201847809252,67.30850660845323,0.6,3
3925038,AQU,2019-02-28,4,3,316,40.6735120923693,-73.8310144494583,800,D,FT ,54,SOC,60000.0,227,122,Jose Lezcano,380,1,AQU_2019-02-28_4_3,1,AQU_2019-02-28_4,1069,Captain Frost,2019-02-28 14:28:19.000,AQU_2019-02-28_4_1069,0.004144866195252052,59.68607321162955,0.8,4
356004,AQU,2019-01-26,8,6,325,40.6745825774815,-73.8304942910539,900,D,FT ,92,STK,100000.0,351,120,Dylan Davis,630,3,AQU_2019-01-26_8_6,0,AQU_2019-01-26_8,683,Thebigfundamental,2019-01-26 15:52:21.250,AQU_2019-01-26_8_683,0.004744574710188537,68.32187582671493,0.75,3
2359461,BEL,2019-06-01,5,4,62,40.716611897963,-73.7230431743263,600,I,GD ,90,MCL,41000.0,341,118,Eric Cancel,2390,5,BEL_2019-06-01_5_4,0,BEL_2019-06-01_5,3210,Bellamy Knows,2019-06-01 15:41:15.500,BEL_2019-06-01_5_3210,0.005224125183489127,75.22740264224343,0.22,1
1503720,AQU,2019-02-23,3,3,15,40.6687661059365,-73.8294556134383,700,D,FT ,44,AOC,67000.0,151,121,Junior Alvarado,950,5,AQU_2019-02-23_3_3,0,AQU_2019-02-23_3,1039,Jibber Jabber,2019-02-23 13:51:03.750,AQU_2019-02-23_3_1039,0.0035802635025513644,51.555794436739646,0.04,1
1165388,AQU,2019-02-01,6,7,180,40.6741455986685,-73.8307531846694,550,D,FT ,54,CLM,25000.0,319,121,Luis R. Reyes,670,4,AQU_2019-02-01_6_7,0,AQU_2019-02-01_6,61,Fifty Eight O G,2019-02-01 15:19:45.000,AQU_2019-02-01_6_61,0.004484380091222132,64.5750733135987,0.67,3
5227183,BEL,2019-09-07,10,5,159,40.7132863056951,-73.7181976120939,1200,T,GD ,63,STK,1000000.0,547,122,Flavien Prat,1910,3,BEL_2019-09-07_10_5,0,BEL_2019-09-07_10,3634,San Huberto (IRE),2019-09-07 17:47:39.750,BEL_2019-09-07_10_3634,0.004476513387182034,64.4617927754213,0.29,2
1580709,AQU,2019-03-30,5,3,358,40.6716483199837,-73.8318940457443,800,D,FT ,54,SST,60000.0,347,118,Carlos J. Hernandez,4025,2,AQU_2019-03-30_5_3,0,AQU_2019-03-30_5,514,Miss Loyalty,2019-03-30 15:48:29.500,AQU_2019-03-30_5_514,0.004088812225969032,58.878896053954065,0.91,4
3983539,BEL,2019-06-02,9,4,55,40.7173028057443,-73.7234367455002,650,D,FT ,50,AOC,85000.0,548,118,Dylan Davis,345,6,BEL_2019-06-02_9_4,0,BEL_2019-06-02_9,727,Takecharge Mirella,2019-06-02 17:48:13.750,BEL_2019-06-02_9_727,0.0051271865303918135,73.83148603764211,0.18,1
1307378,SAR,2019-07-24,10,6,217,43.0738684797919,-73.7666389624518,700,D,FT ,32,ALW,92000.0,620,124,John R. Velazquez,1110,10,SAR_2019-07-24_10_6,0,SAR_2019-07-24_10,2695,Our Circle of Love,2019-07-24 18:20:54.250,SAR_2019-07-24_10_2695,0.004175560831660554,60.128075975911976,0.65,3
3605568,SAR,2019-08-15,9,10,32,43.0720097063893,-73.7702692944618,800,I,FM ,83,MSW,78000.0,519,119,Rajiv Maragh,7775,9,SAR_2019-08-15_9_10,0,SAR_2019-08-15_9,834,Dancing Slippers,2019-08-15 17:19:08.000,SAR_2019-08-15_9_834,0.004881240259260786,70.28985973335531,0.08,1
4249496,AQU,2019-12-14,4,5,158,40.6733917685931,-73.8273981999624,800,D,SY ,54,ALW,64000.0,155,115,Julio Correa,1850,2,AQU_2019-12-14_4_5,0,AQU_2019-12-14_4,1174,Big Mountain,2019-12-14 13:55:39.500,AQU_2019-12-14_4_1174,0.00490777069117399,70.67189795290545,0.4,2
3460444,SAR,2019-07-24,10,10,8,43.0687775899924,-73.7718265848122,700,D,FT ,32,ALW,92000.0,620,120,Joe Bravo,1400,9,SAR_2019-07-24_10_10,0,SAR_2019-07-24_10,2813,Private Beach,2019-07-24 18:20:02.000,SAR_2019-07-24_10_2813,0.0031370787240499244,45.17393362631891,0.02,1
3021449,BEL,2019-10-14,3,4,262,40.7151531644745,-73.7277099024775,850,D,FT ,50,ALW,66000.0,223,120,John R. Velazquez,135,4,BEL_2019-10-14_3_4,0,BEL_2019-10-14_3,1609,Paved With Gold,2019-10-14 14:24:05.500,BEL_2019-10-14_3_1609,0.004435606337623061,63.87273126177208,0.64,3
4540449,SAR,2019-08-10,7,5,92,43.0715445741481,-73.7650278853632,600,D,FT ,55,MSW,90000.0,443,119,Eric Cancel,4675,4,SAR_2019-08-10_7_5,0,SAR_2019-08-10_7,3623,Prince of Caps,2019-08-10 16:43:23.000,SAR_2019-08-10_7_3623,0.005451461802184781,78.50104995146084,0.32,2
1735641,AQU,2019-11-10,7,2,185,40.6744575477866,-73.8271074576498,800,D,FT ,54,ALW,75000.0,253,123,Dylan Davis,1480,6,AQU_2019-11-10_7_2,0,AQU_2019-11-10_7,358,Allured,2019-11-10 14:53:46.250,AQU_2019-11-10_7_358,0.004938467818422028,71.1139365852772,0.49,2
1333848,AQU,2019-11-08,8,13,168,40.675088191707,-73.8297080389129,600,O,FM ,72,AOC,80000.0,348,122,John R. Velazquez,520,9,AQU_2019-11-08_8_13,0,AQU_2019-11-08_8,1830,McErin,2019-11-08 15:48:42.000,AQU_2019-11-08_8_1830,0.004727359506402833,68.0739768922008,0.59,3
3331746,BEL,2019-09-14,10,3,332,40.7136340151186,-73.7230308301042,800,T,FM ,108,STK,200000.0,553,122,Dylan Davis,1740,7,BEL_2019-09-14_10_3,0,BEL_2019-09-14_10,1468,Eyeinthesky,2019-09-14 17:54:23.000,BEL_2019-09-14_10_1468,0.004551475924872107,65.54125331815834,0.91,4
1624014,SAR,2019-08-17,4,6,166,43.0735787902557,-73.764844092942,650,D,FT ,72,CLM,32000.0,241,124,Dylan Davis,5750,7,SAR_2019-08-17_4_6,0,SAR_2019-08-17_4,414,All Clear,2019-08-17 14:41:41.500,SAR_2019-08-17_4_414,0.005023211229154281,72.33424169982165,0.55,3
4704477,AQU,2019-12-07,9,5,28,40.671233403781,-73.8321331670517,900,D,FT ,70,STK,250000.0,345,118,John Bisono,4100,4,AQU_2019-12-07_9_5,0,AQU_2019-12-07_9,2676,Informative,2019-12-07 15:45:07.000,AQU_2019-12-07_9_2676,0.004474171082978566,64.42806359489134,0.06,1
1798822,AQU,2019-02-28,2,1A,328,40.6729451002948,-73.8313321448543,800,D,FT ,54,STR,55000.0,122,124,Manuel Franco,15,2,AQU_2019-02-28_2_1A,0,AQU_2019-02-28_2,228,Smiles From Sadie,2019-02-28 13:23:22.000,AQU_2019-02-28_2_228,0.004553253019497696,65.56684348076682,0.71,3
80046,SAR,2019-08-18,2,4,30,43.0692579410592,-73.7706739637434,700,D,GD ,32,CLM,38000.0,134,124,Michael J. Luzzi,2600,6,SAR_2019-08-18_2_4,0,SAR_2019-08-18_2,4515,Sugar Cube,2019-08-18 13:34:07.500,SAR_2019-08-18_2_4515,0.004868304056387145,70.1035784119749,0.09,1
4617927,AQU,2019-11-03,1,4,112,40.6749400344085,-73.8273283961273,600,D,FT ,40,MSW,70000.0,1200,119,Dylan Davis,1650,2,AQU_2019-11-03_1_4,0,AQU_2019-11-03_1,1678,Bay Jewel,2019-11-03 12:00:28.000,AQU_2019-11-03_1_1678,0.005209439598096015,75.01593021258262,0.39,2
4972952,AQU,2019-12-08,5,10,5,40.6702799833803,-73.8286850427214,600,D,FT ,40,MSW,62000.0,149,114,Heman K. Harkie,5500,8,AQU_2019-12-08_5_10,0,AQU_2019-12-08_5,2701,Irena N Ella,2019-12-08 13:49:01.250,AQU_2019-12-08_5_2701,0.002268575256050429,32.66748368712617,0.01,1
2172185,SAR,2019-07-28,2,9,102,43.0707574497246,-73.7668382653709,700,D,FT ,32,CLM,32000.0,135,122,Ricardo Santana Jr.,3225,7,SAR_2019-07-28_2_9,0,SAR_2019-07-28_2,344,Proximate to Power,2019-07-28 13:35:25.500,SAR_2019-07-28_2_344,0.004976245772375236,71.65793912220339,0.31,2
1269795,BEL,2019-06-14,1,3,243,40.7163348513918,-73.727896822689,850,D,FT ,44,MCL,41000.0,130,125,Rajiv Maragh,480,3,BEL_2019-06-14_1_3,0,BEL_2019-06-14_1,134,Joule,2019-06-14 13:31:00.750,BEL_2019-06-14_1_134,0.004436413011676215,63.88434736813749,0.55,3
2832164,BEL,2019-06-07,2,2,56,40.7163138701565,-73.7223108095205,600,I,FM ,152,MSW,72000.0,123,120,Manuel Franco,3825,8,BEL_2019-06-07_2_2,0,BEL_2019-06-07_2,2045,Here Comes Meg,2019-06-07 13:23:14.000,BEL_2019-06-07_2_2045,0.005198400030362632,74.8569604372219,0.19,1
3837395,SAR,2019-08-24,4,3,15,43.0693009607013,-73.7706328904466,650,D,FT ,80,ALW,92000.0,115,120,Ricardo Santana Jr.,630,11,SAR_2019-08-24_4_3,0,SAR_2019-08-24_4,4556,Tight Ten,2019-08-24 13:15:03.750,SAR_2019-08-24_4_4556,0.004067560095018603,58.572865368267884,0.04,1
3655445,SAR,2019-08-17,11,5,50,43.0696779656071,-73.76966407479,700,D,SY ,32,ALW,80000.0,641,120,Javier Castellano,260,1,SAR_2019-08-17_11_5,1,SAR_2019-08-17_11,3166,More Mischief,2019-08-17 18:41:12.500,SAR_2019-08-17_11_3166,0.005410591741651037,77.91252107977493,0.14,1
4820658,AQU,2019-11-11,8,2,210,40.6729966082588,-73.8275721639918,900,D,FT ,74,MSW,70000.0,322,119,Kendrick Carmouche,660,4,AQU_2019-11-11_8_2,0,AQU_2019-11-11_8,2029,Mischief Afoot,2019-11-11 15:22:52.500,AQU_2019-11-11_8_2029,0.004911901464008131,70.73138108171709,0.42,2
2578577,SAR,2019-07-21,3,7,18,43.0726612719372,-73.7692783533299,900,T,FM ,96,MCL,55000.0,130,118,Manuel Franco,600,6,SAR_2019-07-21_3_7,0,SAR_2019-07-21_3,1985,Foti,2019-07-21 13:30:04.500,SAR_2019-07-21_3_1985,0.004699161119408779,67.66792011948642,0.04,1
1492920,AQU,2019-01-26,6,8,273,40.6719912700528,-73.831826467415,650,D,FT ,30,ALW,70000.0,253,123,Rajiv Maragh,260,7,AQU_2019-01-26_6_8,0,AQU_2019-01-26_6,155,Wegotoldyougotsold,2019-01-26 14:54:08.250,AQU_2019-01-26_6_155,0.004092445090488938,58.9312093030407,0.87,4
502848,BEL,2019-09-13,8,13,299,40.7140558012664,-73.7246595075115,800,T,FM ,110,CLM,48000.0,644,115,Joey R. Martinez,6725,5,BEL_2019-09-13_8_13,0,BEL_2019-09-13_8,3678,Shiny Copper Penny,2019-09-13 18:45:14.750,BEL_2019-09-13_8_3678,0.004864074612838843,70.04267442487935,0.81,4
3181775,BEL,2019-10-14,7,2,209,40.7170440451949,-73.7274810016074,850,D,FT ,50,ALW,77000.0,440,120,Manuel Franco,1760,5,BEL_2019-10-14_7_2,0,BEL_2019-10-14_7,3711,Moshaher,2019-10-14 16:40:52.250,BEL_2019-10-14_7_3711,0.004767210795085659,68.64783544923348,0.52,3
3112286,AQU,2019-03-09,11,10,345,40.6717697993162,-73.8318095241862,800,D,FT ,54,STK,250000.0,544,120,Alex Cintron,265,4,AQU_2019-03-09_11_10,0,AQU_2019-03-09_11,1145,Please Flatter Me,2019-03-09 17:45:26.250,AQU_2019-03-09_11_1145,0.00423226816458081,60.944661569963664,0.9,4
190336,AQU,2019-03-22,8,3,256,40.6720522691127,-73.8317546686098,600,D,SY ,45,AOC,75000.0,524,119,Carlos J. Hernandez,4950,8,AQU_2019-03-22_8_3,0,AQU_2019-03-22_8,1200,Assail,2019-03-22 17:25:04.000,AQU_2019-03-22_8_1200,0.0036953834839202563,53.21352216845169,0.89,4
103686,SAR,2019-08-14,3,7,266,43.0721074813947,-73.7711142318016,600,D,FT ,48,CLM,38000.0,154,117,Joey R. Martinez,1720,7,SAR_2019-08-14_3_7,0,SAR_2019-08-14_3,1251,Will Did It,2019-08-14 13:55:06.500,SAR_2019-08-14_3_1251,0.0035574053968576835,51.226637714750645,0.95,4
1653086,AQU,2019-12-20,6,8,393,40.6703438664079,-73.8324209894067,800,D,FT ,54,CLM,40000.0,259,125,Junior Alvarado,1170,2,AQU_2019-12-20_6_8,0,AQU_2019-12-20_6,1745,Inscom,2019-12-20 15:00:38.250,AQU_2019-12-20_6_1745,0.0034328317113953826,49.43277664409351,0.88,4
1857823,SAR,2019-07-11,4,4,200,43.07156579067,-73.7661854482796,800,I,FM ,78,CLM,50000.0,248,123,Manuel Franco,600,6,SAR_2019-07-11_4_4,0,SAR_2019-07-11_4,2811,Autostrade,2019-07-11 14:48:50.000,SAR_2019-07-11_4_2811,0.005038059465735096,72.54805630658538,0.53,3
4187214,BEL,2019-06-14,3,2,173,40.7176849299093,-73.7261424512005,800,D,FT ,46,MCL,35000.0,234,111,Benjamin Hernandez,2080,5,BEL_2019-06-14_3_2,0,BEL_2019-06-14_3,1210,Evan,2019-06-14 14:34:43.250,BEL_2019-06-14_3_1210,0.004563421024892819,65.7132627584566,0.44,2
3172721,AQU,2019-02-03,6,5,44,40.6710470832294,-73.8284292397103,650,D,FT ,36,MSW,60000.0,326,115,Reylu Gutierrez,1440,10,AQU_2019-02-03_6_5,0,AQU_2019-02-03_6,836,Itsakeyper,2019-02-03 15:26:11.000,AQU_2019-02-03_6_836,0.00548526350215169,78.98779443098434,0.13,1
1418121,AQU,2019-02-03,9,10,273,40.6716364179831,-73.8319463206843,600,D,FT ,40,STR,55000.0,458,117,Reylu Gutierrez,4225,7,AQU_2019-02-03_9_10,0,AQU_2019-02-03_9,5,Bourbon N Rye,2019-02-03 16:59:08.250,AQU_2019-02-03_9_5,0.0034390894304213108,49.522887798066876,0.93,4
1592011,SAR,2019-07-11,3,5,202,43.0708933167822,-73.7666018104176,900,D,FT ,84,ALW,92000.0,213,125,John R. Velazquez,1360,6,SAR_2019-07-11_3_5,0,SAR_2019-07-11_3,4007,Verve's Humor,2019-07-11 14:13:50.500,SAR_2019-07-11_3_4007,0.004734529271371335,68.17722150774722,0.48,2
3993619,AQU,2019-12-22,6,4,196,40.6748779610201,-73.827268984186,800,D,FT ,54,AOC,67000.0,223,118,Jose Lezcano,75,2,AQU_2019-12-22_6_4,0,AQU_2019-12-22_6,651,She Takes Charge,2019-12-22 14:23:49.000,AQU_2019-12-22_6_651,0.004439845296083679,63.93377226360497,0.52,3
2755892,BEL,2019-06-01,2,2,191,40.7164654430828,-73.7225161210187,900,I,GD ,246,AOC,82000.0,202,122,Javier Castellano,255,3,BEL_2019-06-01_2_2,0,BEL_2019-06-01_2,3205,Pep,2019-06-01 14:02:47.750,BEL_2019-06-01_2_3205,0.004573423937563659,65.85730470091669,0.44,2
